{"acc": [0.05163834381748193, 0.0], "network_size": 603, "b_mse": [0.09629629629629628, 0.09629629629629628], "ref_ratio": 0.6, "hour": 8, "alpha_mse": [4.333333333333333, 0.0], "prob_mse": [0.40090146061554516, 0.0], "adv_type": "random_pgd", "dataset": "philly", "sample_size": 1, "test_ratio": 0.3, "weekday": 0, "realization": 0, "beta_mse": [38.666666666666664, 0.0], "runtime": 0.0048830509185791016, "u_mse": [0.45744680851063824, 0.0], "d_mse": [0.8592592592592591, 0.8592592592592591], "gamma": 0.0, "T": 43}
{"acc": [0.05163834381748193, 0.0], "network_size": 603, "b_mse": [0.09629629629629628, 0.09629629629629628], "ref_ratio": 0.6, "hour": 8, "alpha_mse": [4.333333333333333, 0.0], "prob_mse": [0.40090146061554516, 0.0], "adv_type": "random_pgd", "dataset": "philly", "sample_size": 1, "test_ratio": 0.3, "weekday": 0, "realization": 0, "beta_mse": [38.666666666666664, 0.0], "runtime": 0.004893064498901367, "u_mse": [0.45744680851063824, 0.0], "d_mse": [0.8592592592592591, 0.8592592592592591], "gamma": 0.01, "T": 43}
{"acc": [0.05163834381748193, 0.0], "network_size": 603, "b_mse": [0.09629629629629628, 0.09629629629629628], "ref_ratio": 0.6, "hour": 8, "alpha_mse": [4.333333333333333, 0.0], "prob_mse": [0.40090146061554516, 0.0], "adv_type": "random_pgd", "dataset": "philly", "sample_size": 1, "test_ratio": 0.3, "weekday": 0, "realization": 0, "beta_mse": [38.666666666666664, 0.0], "runtime": 0.00506281852722168, "u_mse": [0.45744680851063824, 0.0], "d_mse": [0.8592592592592591, 0.8592592592592591], "gamma": 0.03, "T": 43}
{"acc": [0.05163834381748193, 0.0], "network_size": 603, "b_mse": [0.09629629629629628, 0.09629629629629628], "ref_ratio": 0.6, "hour": 8, "alpha_mse": [4.333333333333333, 0.0], "prob_mse": [0.40090146061554516, 0.0], "adv_type": "random_pgd", "dataset": "philly", "sample_size": 1, "test_ratio": 0.3, "weekday": 0, "realization": 0, "beta_mse": [38.666666666666664, 0.0], "runtime": 0.004804849624633789, "u_mse": [0.45744680851063824, 0.0], "d_mse": [0.8592592592592591, 0.8592592592592591], "gamma": 0.05, "T": 43}
{"acc": [0.05163834381748193, 0.0], "network_size": 603, "b_mse": [0.09629629629629628, 0.09629629629629628], "ref_ratio": 0.6, "hour": 8, "alpha_mse": [4.333333333333333, 0.0], "prob_mse": [0.40090146061554516, 0.0], "adv_type": "random_pgd", "dataset": "philly", "sample_size": 1, "test_ratio": 0.3, "weekday": 0, "realization": 0, "beta_mse": [38.666666666666664, 0.0], "runtime": 0.00480198860168457, "u_mse": [0.45744680851063824, 0.0], "d_mse": [0.8592592592592591, 0.8592592592592591], "gamma": 0.07, "T": 43}
{"acc": [0.05163834381748193, 0.0], "network_size": 603, "b_mse": [0.09629629629629628, 0.09629629629629628], "ref_ratio": 0.6, "hour": 8, "alpha_mse": [4.333333333333333, 0.0], "prob_mse": [0.40090146061554516, 0.0], "adv_type": "random_pgd", "dataset": "philly", "sample_size": 1, "test_ratio": 0.3, "weekday": 0, "realization": 0, "beta_mse": [38.666666666666664, 0.0], "runtime": 0.00492405891418457, "u_mse": [0.45744680851063824, 0.0], "d_mse": [0.8592592592592591, 0.8592592592592591], "gamma": 0.09, "T": 43}
{"acc": [0.05163834381748193, 0.0], "network_size": 603, "b_mse": [0.09629629629629628, 0.09629629629629628], "ref_ratio": 0.6, "hour": 8, "alpha_mse": [4.333333333333333, 0.0], "prob_mse": [0.40090146061554516, 0.0], "adv_type": "random_pgd", "dataset": "philly", "sample_size": 1, "test_ratio": 0.3, "weekday": 0, "realization": 0, "beta_mse": [38.666666666666664, 0.0], "runtime": 0.0052950382232666016, "u_mse": [0.45744680851063824, 0.0], "d_mse": [0.8592592592592591, 0.8592592592592591], "gamma": 0.2, "T": 43}
{"acc": [0.05163834381748193, 0.0], "network_size": 603, "b_mse": [0.09629629629629628, 0.09629629629629628], "ref_ratio": 0.6, "hour": 8, "alpha_mse": [4.333333333333333, 0.0], "prob_mse": [0.40090146061554516, 0.0], "adv_type": "random_pgd", "dataset": "philly", "sample_size": 1, "test_ratio": 0.3, "weekday": 0, "realization": 0, "beta_mse": [38.666666666666664, 0.0], "runtime": 0.005176067352294922, "u_mse": [0.45744680851063824, 0.0], "d_mse": [0.8592592592592591, 0.8592592592592591], "gamma": 0.3, "T": 43}
{"acc": [0.05163834381748193, 0.0], "network_size": 603, "b_mse": [0.09629629629629628, 0.09629629629629628], "ref_ratio": 0.6, "hour": 8, "alpha_mse": [4.333333333333333, 0.0], "prob_mse": [0.40090146061554516, 0.0], "adv_type": "random_pgd", "dataset": "philly", "sample_size": 1, "test_ratio": 0.3, "weekday": 0, "realization": 0, "beta_mse": [38.666666666666664, 0.0], "runtime": 0.004932880401611328, "u_mse": [0.45744680851063824, 0.0], "d_mse": [0.8592592592592591, 0.8592592592592591], "gamma": 0.4, "T": 43}
{"acc": [0.05163834381748193, 0.0], "network_size": 603, "b_mse": [0.09629629629629628, 0.09629629629629628], "ref_ratio": 0.6, "hour": 8, "alpha_mse": [4.333333333333333, 0.0], "prob_mse": [0.40090146061554516, 0.0], "adv_type": "random_pgd", "dataset": "philly", "sample_size": 1, "test_ratio": 0.3, "weekday": 0, "realization": 0, "beta_mse": [38.666666666666664, 0.0], "runtime": 0.004992961883544922, "u_mse": [0.45744680851063824, 0.0], "d_mse": [0.8592592592592591, 0.8592592592592591], "gamma": 0.5, "T": 43}
{"acc": [0.04255168256444807, 0.0], "network_size": 1383, "b_mse": [0.05669818754925138, 0.05669818754925138], "ref_ratio": 0.6, "hour": 8, "alpha_mse": [2.551418439716312, 0.0], "prob_mse": [0.43375405831363273, 0.0], "adv_type": "random_pgd", "dataset": "dc", "sample_size": 1, "test_ratio": 0.3, "weekday": 0, "realization": 0, "beta_mse": [40.448581560283685, 0.0], "runtime": 0.012256860733032227, "u_mse": [0.4574468085106383, 0.0], "d_mse": [0.8988573680063041, 0.8988573680063041], "gamma": 0.0, "T": 43}
{"acc": [0.04255168256444807, 0.0], "network_size": 1383, "b_mse": [0.05669818754925138, 0.05669818754925138], "ref_ratio": 0.6, "hour": 8, "alpha_mse": [2.551418439716312, 0.0], "prob_mse": [0.43375405831363273, 0.0], "adv_type": "random_pgd", "dataset": "dc", "sample_size": 1, "test_ratio": 0.3, "weekday": 0, "realization": 0, "beta_mse": [40.448581560283685, 0.0], "runtime": 0.012298107147216797, "u_mse": [0.4574468085106383, 0.0], "d_mse": [0.8988573680063041, 0.8988573680063041], "gamma": 0.01, "T": 43}
{"acc": [0.04255168256444807, 0.0], "network_size": 1383, "b_mse": [0.05669818754925138, 0.05669818754925138], "ref_ratio": 0.6, "hour": 8, "alpha_mse": [2.551418439716312, 0.0], "prob_mse": [0.43375405831363273, 0.0], "adv_type": "random_pgd", "dataset": "dc", "sample_size": 1, "test_ratio": 0.3, "weekday": 0, "realization": 0, "beta_mse": [40.448581560283685, 0.0], "runtime": 0.012593984603881836, "u_mse": [0.4574468085106383, 0.0], "d_mse": [0.8988573680063041, 0.8988573680063041], "gamma": 0.03, "T": 43}
{"acc": [0.04255168256444807, 0.0], "network_size": 1383, "b_mse": [0.05669818754925138, 0.05669818754925138], "ref_ratio": 0.6, "hour": 8, "alpha_mse": [2.551418439716312, 0.0], "prob_mse": [0.43375405831363273, 0.0], "adv_type": "random_pgd", "dataset": "dc", "sample_size": 1, "test_ratio": 0.3, "weekday": 0, "realization": 0, "beta_mse": [40.448581560283685, 0.0], "runtime": 0.01277303695678711, "u_mse": [0.4574468085106383, 0.0], "d_mse": [0.8988573680063041, 0.8988573680063041], "gamma": 0.05, "T": 43}
{"acc": [0.04255168256444807, 0.0], "network_size": 1383, "b_mse": [0.05669818754925138, 0.05669818754925138], "ref_ratio": 0.6, "hour": 8, "alpha_mse": [2.551418439716312, 0.0], "prob_mse": [0.43375405831363273, 0.0], "adv_type": "random_pgd", "dataset": "dc", "sample_size": 1, "test_ratio": 0.3, "weekday": 0, "realization": 0, "beta_mse": [40.448581560283685, 0.0], "runtime": 0.012552976608276367, "u_mse": [0.4574468085106383, 0.0], "d_mse": [0.8988573680063041, 0.8988573680063041], "gamma": 0.07, "T": 43}
{"acc": [0.04255168256444807, 0.0], "network_size": 1383, "b_mse": [0.05669818754925138, 0.05669818754925138], "ref_ratio": 0.6, "hour": 8, "alpha_mse": [2.551418439716312, 0.0], "prob_mse": [0.43375405831363273, 0.0], "adv_type": "random_pgd",