{"acc": [0.05163834381748193, 0.0], "network_size": 603, "b_mse": [0.09629629629629631, 0.09629629629629631], "ref_ratio": 0.6, "hour": 8, "alpha_mse": [4.333333333333333, 0.0], "prob_mse": [0.40090146061554516, 0.0], "adv_type": "random_pgd_csl", "dataset": "philly", "sample_size": 1, "test_ratio": 0.3, "weekday": 0, "realization": 0, "beta_mse": [38.666666666666664, 0.0], "runtime": 0.00482487678527832, "u_mse": [0.45744680851063824, 0.0], "d_mse": [0.8592592592592594, 0.8592592592592594], "gamma": 0.0, "T": 43}
{"acc": [0.05163834381748193, 0.0], "network_size": 603, "b_mse": [0.09629629629629631, 0.09629629629629631], "ref_ratio": 0.6, "hour": 8, "alpha_mse": [4.333333333333333, 0.0], "prob_mse": [0.40090146061554516, 0.0], "adv_type": "random_pgd_csl", "dataset": "philly", "sample_size": 1, "test_ratio": 0.3, "weekday": 0, "realization": 0, "beta_mse": [38.666666666666664, 0.0], "runtime": 0.0048830509185791016, "u_mse": [0.45744680851063824, 0.0], "d_mse": [0.8592592592592594, 0.8592592592592594], "gamma": 0.01, "T": 43}
{"acc": [0.05163834381748193, 0.0], "network_size": 603, "b_mse": [0.09629629629629631, 0.09629629629629631], "ref_ratio": 0.6, "hour": 8, "alpha_mse": [4.333333333333333, 0.0], "prob_mse": [0.40090146061554516, 0.0], "adv_type": "random_pgd_csl", "dataset": "philly", "sample_size": 1, "test_ratio": 0.3, "weekday": 0, "realization": 0, "beta_mse": [38.666666666666664, 0.0], "runtime": 0.004515171051025391, "u_mse": [0.45744680851063824, 0.0], "d_mse": [0.8592592592592594, 0.8592592592592594], "gamma": 0.03, "T": 43}
{"acc": [0.05163834381748193, 0.0], "network_size": 603, "b_mse": [0.09629629629629631, 0.09629629629629631], "ref_ratio": 0.6, "hour": 8, "alpha_mse": [4.333333333333333, 0.0], "prob_mse": [0.40090146061554516, 0.0], "adv_type": "random_pgd_csl", "dataset": "philly", "sample_size": 1, "test_ratio": 0.3, "weekday": 0, "realization": 0, "beta_mse": [38.666666666666664, 0.0], "runtime": 0.004818916320800781, "u_mse": [0.45744680851063824, 0.0], "d_mse": [0.8592592592592594, 0.8592592592592594], "gamma": 0.05, "T": 43}
{"acc": [0.05163834381748193, 0.0], "network_size": 603, "b_mse": [0.09629629629629631, 0.09629629629629631], "ref_ratio": 0.6, "hour": 8, "alpha_mse": [4.333333333333333, 0.0], "prob_mse": [0.40090146061554516, 0.0], "adv_type": "random_pgd_csl", "dataset": "philly", "sample_size": 1, "test_ratio": 0.3, "weekday": 0, "realization": 0, "beta_mse": [38.666666666666664, 0.0], "runtime": 0.004714012145996094, "u_mse": [0.45744680851063824, 0.0], "d_mse": [0.8592592592592594, 0.8592592592592594], "gamma": 0.07, "T": 43}
{"acc": [0.05163834381748193, 0.0], "network_size": 603, "b_mse": [0.09629629629629631, 0.09629629629629631], "ref_ratio": 0.6, "hour": 8, "alpha_mse": [4.333333333333333, 0.0], "prob_mse": [0.40090146061554516, 0.0], "adv_type": "random_pgd_csl", "dataset": "philly", "sample_size": 1, "test_ratio": 0.3, "weekday": 0, "realization": 0, "beta_mse": [38.666666666666664, 0.0], "runtime": 0.005118131637573242, "u_mse": [0.45744680851063824, 0.0], "d_mse": [0.8592592592592594, 0.8592592592592594], "gamma": 0.09, "T": 43}
{"acc": [0.05163834381748193, 0.0], "network_size": 603, "b_mse": [0.09629629629629631, 0.09629629629629631], "ref_ratio": 0.6, "hour": 8, "alpha_mse": [4.333333333333333, 0.0], "prob_mse": [0.40090146061554516, 0.0], "adv_type": "random_pgd_csl", "dataset": "philly", "sample_size": 1, "test_ratio": 0.3, "weekday": 0, "realization": 0, "beta_mse": [38.666666666666664, 0.0], "runtime": 0.005146980285644531, "u_mse": [0.45744680851063824, 0.0], "d_mse": [0.8592592592592594, 0.8592592592592594], "gamma": 0.2, "T": 43}
{"acc": [0.05163834381748193, 0.0], "network_size": 603, "b_mse": [0.09629629629629631, 0.09629629629629631], "ref_ratio": 0.6, "hour": 8, "alpha_mse": [4.333333333333333, 0.0], "prob_mse": [0.40090146061554516, 0.0], "adv_type": "random_pgd_csl", "dataset": "philly", "sample_size": 1, "test_ratio": 0.3, "weekday": 0, "realization": 0, "beta_mse": [38.666666666666664, 0.0], "runtime": 0.005028963088989258, "u_mse": [0.45744680851063824, 0.0], "d_mse": [0.8592592592592594, 0.8592592592592594], "gamma": 0.3, "T": 43}
{"acc": [0.05163834381748193, 0.0], "network_size": 603, "b_mse": [0.09629629629629631, 0.09629629629629631], "ref_ratio": 0.6, "hour": 8, "alpha_mse": [4.333333333333333, 0.0], "prob_mse": [0.40090146061554516, 0.0], "adv_type": "random_pgd_csl", "dataset": "philly", "sample_size": 1, "test_ratio": 0.3, "weekday": 0, "realization": 0, "beta_mse": [38.666666666666664, 0.0], "runtime": 0.004762887954711914, "u_mse": [0.45744680851063824, 0.0], "d_mse": [0.8592592592592594, 0.8592592592592594], "gamma": 0.4, "T": 43}
{"acc": [0.05163834381748193, 0.0], "network_size": 603, "b_mse": [0.09629629629629631, 0.09629629629629631], "ref_ratio": 0.6, "hour": 8, "alpha_mse": [4.333333333333333, 0.0], "prob_mse": [0.40090146061554516, 0.0], "adv_type": "random_pgd_csl", "dataset": "philly", "sample_size": 1, "test_ratio": 0.3, "weekday": 0, "realization": 0, "beta_mse": [38.666666666666664, 0.0], "runtime": 0.005013942718505859, "u_mse": [0.45744680851063824, 0.0], "d_mse": [0.8592592592592594, 0.8592592592592594], "gamma": 0.5, "T": 43}
{"acc": [0.04255168256444807, 0.0], "network_size": 1383, "b_mse": [0.056698187549251385, 0.056698187549251385], "ref_ratio": 0.6, "hour": 8, "alpha_mse": [2.551418439716312, 0.0], "prob_mse": [0.43375405831363273, 0.0], "adv_type": "random_pgd_csl", "dataset": "dc", "sample_size": 1, "test_ratio": 0.3, "weekday": 0, "realization": 0, "beta_mse": [40.448581560283685, 0.0], "runtime": 0.011679887771606445, "u_mse": [0.4574468085106383, 0.0], "d_mse": [0.8988573680063042, 0.8988573680063042], "gamma": 0.0, "T": 43}
{"acc": [0.04255168256444807, 0.0], "network_size": 1383, "b_mse": [0.056698187549251385, 0.056698187549251385], "ref_ratio": 0.6, "hour": 8, "alpha_mse": [2.551418439716312, 0.0], "prob_mse": [0.43375405831363273, 0.0], "adv_type": "random_pgd_csl", "dataset": "dc", "sample_size": 1, "test_ratio": 0.3, "weekday": 0, "realization": 0, "beta_mse": [40.448581560283685, 0.0], "runtime": 0.013060808181762695, "u_mse": [0.4574468085106383, 0.0], "d_mse": [0.8988573680063042, 0.8988573680063042], "gamma": 0.01, "T": 43}
{"acc": [0.04255168256444807, 0.0], "network_size": 1383, "b_mse": [0.056698187549251385, 0.056698187549251385], "ref_ratio": 0.6, "hour": 8, "alpha_mse": [2.551418439716312, 0.0], "prob_mse": [0.43375405831363273, 0.0], "adv_type": "random_pgd_csl", "dataset": "dc", "sample_size": 1, "test_ratio": 0.3, "weekday": 0, "realization": 0, "beta_mse": [40.448581560283685, 0.0], "runtime": 0.012286186218261719, "u_mse": [0.4574468085106383, 0.0], "d_mse": [0.8988573680063042, 0.8988573680063042], "gamma": 0.03, "T": 43}
{"acc": [0.04255168256444807, 0.0], "network_size": 1383, "b_mse": [0.056698187549251385, 0.056698187549251385], "ref_ratio": 0.6, "hour": 8, "alpha_mse": [2.551418439716312, 0.0], "prob_mse": [0.43375405831363273, 0.0], "adv_type": "random_pgd_csl", "dataset": "dc", "sample_size": 1, "test_ratio": 0.3, "weekday": 0, "realization": 0, "beta_mse": [40.448581560283685, 0.0], "runtime": 0.012595891952514648, "u_mse": [0.4574468085106383, 0.0], "d_mse": [0.8988573680063042, 0.8988573680063042], "gamma": 0.05, "T": 43}
{"acc": [0.04255168256444807, 0.0], "network_size": 1383, "b_mse": [0.056698187549251385, 0.056698187549251385], "ref_ratio": 0.6, "hour": 8, "alpha_mse": [2.551418439716312, 0.0], "prob_mse": [0.43375405831363273, 0.0], "adv_type": "random_pgd_csl", "dataset": "dc", "sample_size": 1, "test_ratio": 0.3, "weekday": 0, "realization": 0, "beta_mse": [40.448581560283685, 0.0], "runtime": 0.012572050094604492, "u_mse": [0.4574468085106383, 0.0], "d_mse": [0.8988573680063042, 0.8988573680063042], "gamma": 0.07, "T": 43}
{"acc": [0.04255168256444807, 0.0], "network_size": 1383, "b_mse": [0.056698187549251385, 0.056698187549251385], "ref_ratio": 0.6, "hour": 8, "alpha_mse": [2.551418439716312, 0.0],