{"acc": [0.046943948924983575, 0.0], "network_size": 603, "b_mse": [0.08596765779864371, 0.08596765779864371], "ref_ratio": 0.6, "hour": 8, "alpha_mse": [3.868544600938967, 0.0], "prob_mse": [0.404447730829421, 0.0], "adv_type": "random_noise", "dataset": "philly", "sample_size": 1, "test_ratio": 0.3, "weekday": 0, "realization": 0, "beta_mse": [39.13145539906103, 0.0], "runtime": 0.004854917526245117, "u_mse": [0.45744680851063824, 0.0], "d_mse": [0.8695878977569119, 0.8695878977569119], "gamma": 0.0, "T": 43}
{"acc": [0.046943948924983575, 0.0], "network_size": 603, "b_mse": [0.08596765779864371, 0.08596765779864371], "ref_ratio": 0.6, "hour": 8, "alpha_mse": [3.868544600938967, 0.0], "prob_mse": [0.404447730829421, 0.0], "adv_type": "random_noise", "dataset": "philly", "sample_size": 1, "test_ratio": 0.3, "weekday": 0, "realization": 0, "beta_mse": [39.13145539906103, 0.0], "runtime": 0.004809856414794922, "u_mse": [0.45744680851063824, 0.0], "d_mse": [0.8695878977569119, 0.8695878977569119], "gamma": 0.01, "T": 43}
{"acc": [0.07511031827997372, 0.0], "network_size": 603, "b_mse": [0.09932185706833592, 0.09932185706833592], "ref_ratio": 0.6, "hour": 8, "alpha_mse": [4.469483568075117, 0.0], "prob_mse": [0.40445336463223786, 0.0], "adv_type": "random_noise", "dataset": "philly", "sample_size": 1, "test_ratio": 0.3, "weekday": 0, "realization": 0, "beta_mse": [38.53051643192488, 0.0], "runtime": 0.004865169525146484, "u_mse": [0.45744680851063824, 0.0], "d_mse": [0.8562336984872196, 0.8562336984872196], "gamma": 0.03, "T": 43}
{"acc": [0.07511031827997372, 0.0], "network_size": 603, "b_mse": [0.09932185706833592, 0.09932185706833592], "ref_ratio": 0.6, "hour": 8, "alpha_mse": [4.469483568075117, 0.0], "prob_mse": [0.40445336463223786, 0.0], "adv_type": "random_noise", "dataset": "philly", "sample_size": 1, "test_ratio": 0.3, "weekday": 0, "realization": 0, "beta_mse": [38.53051643192488, 0.0], "runtime": 0.0047760009765625, "u_mse": [0.45744680851063824, 0.0], "d_mse": [0.8562336984872196, 0.8562336984872196], "gamma": 0.05, "T": 43}
{"acc": [0.07511031827997372, 0.0], "network_size": 603, "b_mse": [0.09932185706833592, 0.09932185706833592], "ref_ratio": 0.6, "hour": 8, "alpha_mse": [4.469483568075117, 0.0], "prob_mse": [0.40445336463223786, 0.0], "adv_type": "random_noise", "dataset": "philly", "sample_size": 1, "test_ratio": 0.3, "weekday": 0, "realization": 0, "beta_mse": [38.53051643192488, 0.0], "runtime": 0.0048749446868896484, "u_mse": [0.45744680851063824, 0.0], "d_mse": [0.8562336984872196, 0.8562336984872196], "gamma": 0.07, "T": 43}
{"acc": [0.05163834381748193, 0.0], "network_size": 603, "b_mse": [0.08888888888888888, 0.08888888888888888], "ref_ratio": 0.6, "hour": 8, "alpha_mse": [4.0, 0.0], "prob_mse": [0.40517897756911847, 0.0], "adv_type": "random_noise", "dataset": "philly", "sample_size": 1, "test_ratio": 0.3, "weekday": 0, "realization": 0, "beta_mse": [39.0, 0.0], "runtime": 0.004834890365600586, "u_mse": [0.45744680851063824, 0.0], "d_mse": [0.8666666666666666, 0.8666666666666666], "gamma": 0.09, "T": 43}
{"acc": [0.05163834381748193, 0.0], "network_size": 603, "b_mse": [0.09629629629629628, 0.09629629629629628], "ref_ratio": 0.6, "hour": 8, "alpha_mse": [4.333333333333333, 0.0], "prob_mse": [0.40090146061554516, 0.0], "adv_type": "random_noise", "dataset": "philly", "sample_size": 1, "test_ratio": 0.3, "weekday": 0, "realization": 0, "beta_mse": [38.666666666666664, 0.0], "runtime": 0.004835844039916992, "u_mse": [0.45744680851063824, 0.0], "d_mse": [0.8592592592592591, 0.8592592592592591], "gamma": 0.2, "T": 43}
{"acc": [0.05163834381748193, 0.0], "network_size": 603, "b_mse": [0.09629629629629628, 0.09629629629629628], "ref_ratio": 0.6, "hour": 8, "alpha_mse": [4.333333333333333, 0.0], "prob_mse": [0.40090146061554516, 0.0], "adv_type": "random_noise", "dataset": "philly", "sample_size": 1, "test_ratio": 0.3, "weekday": 0, "realization": 0, "beta_mse": [38.666666666666664, 0.0], "runtime": 0.00480198860168457, "u_mse": [0.45744680851063824, 0.0], "d_mse": [0.8592592592592591, 0.8592592592592591], "gamma": 0.3, "T": 43}
{"acc": [0.05163834381748193, 0.0], "network_size": 603, "b_mse": [0.09629629629629628, 0.09629629629629628], "ref_ratio": 0.6, "hour": 8, "alpha_mse": [4.333333333333333, 0.0], "prob_mse": [0.40090146061554516, 0.0], "adv_type": "random_noise", "dataset": "philly", "sample_size": 1, "test_ratio": 0.3, "weekday": 0, "realization": 0, "beta_mse": [38.666666666666664, 0.0], "runtime": 0.004750967025756836, "u_mse": [0.45744680851063824, 0.0], "d_mse": [0.8592592592592591, 0.8592592592592591], "gamma": 0.4, "T": 43}
{"acc": [0.05163834381748193, 0.0], "network_size": 603, "b_mse": [0.09629629629629628, 0.09629629629629628], "ref_ratio": 0.6, "hour": 8, "alpha_mse": [4.333333333333333, 0.0], "prob_mse": [0.40090146061554516, 0.0], "adv_type": "random_noise", "dataset": "philly", "sample_size": 1, "test_ratio": 0.3, "weekday": 0, "realization": 0, "beta_mse": [38.666666666666664, 0.0], "runtime": 0.0048329830169677734, "u_mse": [0.45744680851063824, 0.0], "d_mse": [0.8592592592592591, 0.8592592592592591], "gamma": 0.5, "T": 43}
{"acc": [0.030140775149817382, 0.0], "network_size": 1383, "b_mse": [0.05724980299448385, 0.05724980299448385], "ref_ratio": 0.6, "hour": 8, "alpha_mse": [2.576241134751773, 0.0], "prob_mse": [0.4296932624113475, 0.0], "adv_type": "random_noise", "dataset": "dc", "sample_size": 1, "test_ratio": 0.3, "weekday": 0, "realization": 0, "beta_mse": [40.423758865248224, 0.0], "runtime": 0.012486934661865234, "u_mse": [0.4574468085106383, 0.0], "d_mse": [0.8983057525610717, 0.8983057525610717], "gamma": 0.0, "T": 43}
{"acc": [0.03723272224389206, 0.0], "network_size": 1383, "b_mse": [0.05890464933018123, 0.05890464933018123], "ref_ratio": 0.6, "hour": 8, "alpha_mse": [2.650709219858156, 0.0], "prob_mse": [0.43103431836091405, 0.0], "adv_type": "random_noise", "dataset": "dc", "sample_size": 1, "test_ratio": 0.3, "weekday": 0, "realization": 0, "beta_mse": [40.34929078014184, 0.0], "runtime": 0.012560844421386719, "u_mse": [0.4574468085106383, 0.0], "d_mse": [0.8966509062253744, 0.8966509062253744], "gamma": 0.01, "T": 43}
{"acc": [0.030140775149817382, 0.0], "network_size": 1383, "b_mse": [0.05263987391646966, 0.05263987391646966], "ref_ratio": 0.6, "hour": 8, "alpha_mse": [2.368794326241135, 0.0], "prob_mse": [0.4343819936958235, 0.0], "adv_type": "random_noise", "dataset": "dc", "sample_size": 1, "test_ratio": 0.3, "weekday": 0, "realization": 0, "beta_mse": [40.63120567375886, 0.0], "runtime": 0.012508869171142578, "u_mse": [0.4574468085106383, 0.0], "d_mse": [0.902915681639086, 0.902915681639086], "gamma": 0.03, "T": 43}
{"acc": [0.030140775149817382, 0.0], "network_size": 1383, "b_mse": [0.05724980299448385, 0.05724980299448385], "ref_ratio": 0.6, "hour": 8, "alpha_mse": [2.576241134751773, 0.0], "prob_mse": [0.4296932624113475, 0.0], "adv_type": "random_noise", "dataset": "dc", "sample_size": 1, "test_ratio": 0.3, "weekday": 0, "realization": 0, "beta_mse": [40.423758865248224, 0.0], "runtime": 0.012452840805053711, "u_mse": [0.4574468085106383, 0.0], "d_mse": [0.8983057525610717, 0.8983057525610717], "gamma": 0.05, "T": 43}
{"acc": [0.03900570901741073, 0.0], "network_size": 1383, "b_mse": [0.06465721040189126, 0.06465721040189126], "ref_ratio": 0.6, "hour": 8, "alpha_mse": [2.9095744680851063, 0.0], "prob_mse": [0.42658234830575253, 0.0], "adv_type": "random_noise", "dataset": "dc", "sample_size": 1, "test_ratio": 0.3, "weekday": 0, "realization": 0, "beta_mse": [40.090425531914896, 0.0], "runtime": 0.012465953826904297, "u_mse": [0.4574468085106383, 0.0], "d_mse": [0.8908983451536643, 0.8908983451536643], "gamma": 0.07, "T": 43}
{"acc": [0.0407786957909294, 0.0], "network_size": 1383, "b_mse": [0.06044129235618597, 0.06044129235618597], "ref_ratio": 0.6, "hour": 8, "alpha_mse": [2.719858156028369, 0.0], "prob_mse": [0.4319412529550827, 0.0], "adv_type": "random_noise", "dataset": "dc",