{"acc": [0.9529621631771665, 0.0], "network_size": 603, "b_mse": [0.0856640584246218, 0.0856640584246218], "ref_ratio": 0.6, "hour": 8, "alpha_mse": [3.8548826291079807, 0.0], "prob_mse": [0.0857358894105373, 0.0], "adv_type": "random_pgd", "dataset": "philly", "sample_size": 1, "test_ratio": 0.3, "weekday": 0, "realization": 0, "beta_mse": [3.854882629107982, 0.0], "runtime": 134.83567094802856, "u_mse": [6.189623670151988e-19, 0.0], "d_mse": [0.08566405842462183, 0.08566405842462183], "gamma": 0.0, "T": 43}
{"acc": [0.7370199981222421, 0.0], "network_size": 603, "b_mse": [0.28699426186750127, 0.28699426186750127], "ref_ratio": 0.6, "hour": 8, "alpha_mse": [12.914741784037554, 0.0], "prob_mse": [0.2869336984872196, 0.0], "adv_type": "random_pgd", "dataset": "philly", "sample_size": 1, "test_ratio": 0.3, "weekday": 0, "realization": 0, "beta_mse": [12.914741784037554, 0.0], "runtime": 232.23829317092896, "u_mse": [6.189623670151988e-19, 0.0], "d_mse": [0.28699426186750127, 0.28699426186750127], "gamma": 0.01, "T": 43}
{"acc": [0.7323256032297437, 0.0], "network_size": 603, "b_mse": [0.28982472613458526, 0.28982472613458526], "ref_ratio": 0.6, "hour": 8, "alpha_mse": [13.042112676056336, 0.0], "prob_mse": [0.28976228482003125, 0.0], "adv_type": "random_pgd", "dataset": "philly", "sample_size": 1, "test_ratio": 0.3, "weekday": 0, "realization": 0, "beta_mse": [13.042112676056336, 0.0], "runtime": 260.432373046875, "u_mse": [6.189623670151988e-19, 0.0], "d_mse": [0.28982472613458526, 0.28982472613458526], "gamma": 0.03, "T": 43}
{"acc": [0.7182424185522487, 0.0], "network_size": 603, "b_mse": [0.292603025560772, 0.292603025560772], "ref_ratio": 0.6, "hour": 8, "alpha_mse": [13.16713615023474, 0.0], "prob_mse": [0.2925396452790819, 0.0], "adv_type": "random_pgd", "dataset": "philly", "sample_size": 1, "test_ratio": 0.3, "weekday": 0, "realization": 0, "beta_mse": [13.16713615023474, 0.0], "runtime": 224.59564304351807, "u_mse": [6.189623670151988e-19, 0.0], "d_mse": [0.292603025560772, 0.292603025560772], "gamma": 0.05, "T": 43}
{"acc": [0.6290489155947799, 0.0], "network_size": 603, "b_mse": [0.305717266562337, 0.305717266562337], "ref_ratio": 0.6, "hour": 8, "alpha_mse": [13.75727699530516, 0.0], "prob_mse": [0.3056520083463745, 0.0], "adv_type": "random_pgd", "dataset": "philly", "sample_size": 1, "test_ratio": 0.3, "weekday": 0, "realization": 0, "beta_mse": [13.75727699530516, 0.0], "runtime": 234.40864205360413, "u_mse": [6.189623670151988e-19, 0.0], "d_mse": [0.305717266562337, 0.305717266562337], "gamma": 0.07, "T": 43}
{"acc": [0.6243545207022815, 0.0], "network_size": 603, "b_mse": [0.3056431924882629, 0.3056431924882629], "ref_ratio": 0.6, "hour": 8, "alpha_mse": [13.75394366197183, 0.0], "prob_mse": [0.3055769953051643, 0.0], "adv_type": "random_pgd", "dataset": "philly", "sample_size": 1, "test_ratio": 0.3, "weekday": 0, "realization": 0, "beta_mse": [13.753943661971828, 0.0], "runtime": 228.1661422252655, "u_mse": [6.189623670151988e-19, 0.0], "d_mse": [0.30564319248826294, 0.30564319248826294], "gamma": 0.09, "T": 43}
{"acc": [0.5727161768847996, 0.0], "network_size": 603, "b_mse": [0.33432342201356285, 0.33432342201356285], "ref_ratio": 0.6, "hour": 8, "alpha_mse": [15.044553990610328, 0.0], "prob_mse": [0.3342544079290558, 0.0], "adv_type": "random_pgd", "dataset": "philly", "sample_size": 1, "test_ratio": 0.3, "weekday": 0, "realization": 0, "beta_mse": [15.044553990610328, 0.0], "runtime": 235.45517992973328, "u_mse": [6.189623670151988e-19, 0.0], "d_mse": [0.33432342201356285, 0.33432342201356285], "gamma": 0.2, "T": 43}
{"acc": [0.5727161768847996, 0.0], "network_size": 603, "b_mse": [0.3356692749087115, 0.3356692749087115], "ref_ratio": 0.6, "hour": 8, "alpha_mse": [15.105117370892017, 0.0], "prob_mse": [0.33560026082420447, 0.0], "adv_type": "random_pgd", "dataset": "philly", "sample_size": 1, "test_ratio": 0.3, "weekday": 0, "realization": 0, "beta_mse": [15.105117370892017, 0.0], "runtime": 267.5562608242035, "u_mse": [6.189623670151988e-19, 0.0], "d_mse": [0.3356692749087115, 0.3356692749087115], "gamma": 0.3, "T": 43}
{"acc": [0.5727161768847996, 0.0], "network_size": 603, "b_mse": [0.3361178925404278, 0.3361178925404278], "ref_ratio": 0.6, "hour": 8, "alpha_mse": [15.125305164319247, 0.0], "prob_mse": [0.3360488784559207, 0.0], "adv_type": "random_pgd", "dataset": "philly", "sample_size": 1, "test_ratio": 0.3, "weekday": 0, "realization": 0, "beta_mse": [15.125305164319247, 0.0], "runtime": 307.70438408851624, "u_mse": [6.189623670151988e-19, 0.0], "d_mse": [0.3361178925404278, 0.3361178925404278], "gamma": 0.4, "T": 43}
{"acc": [0.9529621631771665, 0.0], "network_size": 603, "b_mse": [0.0856640584246218, 0.0856640584246218], "ref_ratio": 0.6, "hour": 8, "alpha_mse": [3.8548826291079807, 0.0], "prob_mse": [0.0857358894105373, 0.0], "adv_type": "random_pgd", "dataset": "philly", "sample_size": 1, "test_ratio": 0.3, "weekday": 0, "realization": 0, "beta_mse": [3.854882629107982, 0.0], "runtime": 144.98221492767334, "u_mse": [6.189623670151988e-19, 0.0], "d_mse": [0.08566405842462183, 0.08566405842462183], "gamma": 0.5, "T": 43}
{"acc": [0.9591858444736002, 0.0], "network_size": 1383, "b_mse": [0.05194680851063829, 0.05194680851063829], "ref_ratio": 0.6, "hour": 8, "alpha_mse": [2.337606382978723, 0.0], "prob_mse": [0.05202836879432623, 0.0], "adv_type": "random_pgd", "dataset": "dc", "sample_size": 1, "test_ratio": 0.3, "weekday": 0, "realization": 0, "beta_mse": [2.337606382978724, 0.0], "runtime": 499.15452122688293, "u_mse": [3.198780877687729e-19, 0.0], "d_mse": [0.05194680851063832, 0.05194680851063832], "gamma": 0.0, "T": 43}
{"acc": [0.8262118364597001, 0.0], "network_size": 1383, "b_mse": [0.23180338849487783, 0.23180338849487783], "ref_ratio": 0.6, "hour": 8, "alpha_mse": [10.431152482269502, 0.0], "prob_mse": [0.23174487785657996, 0.0], "adv_type": "random_pgd", "dataset": "dc", "sample_size": 1, "test_ratio": 0.3, "weekday": 0, "realization": 0, "beta_mse": [10.431152482269502, 0.0], "runtime": 789.7992699146271, "u_mse": [3.198780877687729e-19, 0.0], "d_mse": [0.23180338849487783, 0.23180338849487783], "gamma": 0.01, "T": 43}
{"acc": [0.8208928761391441, 0.0], "network_size": 1383, "b_mse": [0.23610323089046495, 0.23610323089046495], "ref_ratio": 0.6, "hour": 8, "alpha_mse": [10.62464539007092, 0.0], "prob_mse": [0.23604330181245067, 0.0], "adv_type": "random_pgd", "dataset": "dc", "sample_size": 1, "test_ratio": 0.3, "weekday": 0, "realization": 0, "beta_mse": [10.624645390070919, 0.0], "runtime": 830.6572730541229, "u_mse": [3.198780877687729e-19, 0.0], "d_mse": [0.2361032308904649, 0.2361032308904649], "gamma": 0.03, "T": 43}
{"acc": [0.8138009290450694, 0.0], "network_size": 1383, "b_mse": [0.24061071710007875, 0.24061071710007875], "ref_ratio": 0.6, "hour": 8, "alpha_mse": [10.827482269503546, 0.0], "prob_mse": [0.2405500788022064, 0.0], "adv_type": "random_pgd", "dataset": "dc", "sample_size": 1, "test_ratio": 0.3, "weekday": 0, "realization": 0, "beta_mse": [10.827482269503545, 0.0], "runtime": 830.0975348949432, "u_mse": [3.198780877687729e-19, 0.0], "d_mse": [0.24061071710007875, 0.24061071710007875], "gamma": 0.05, "T": 43}
{"acc": [0.7552923655189533, 0.0], "network_size": 1383, "b_mse": [0.255102048857368, 0.255102048857368], "ref_ratio": 0.6, "hour": 8, "alpha_mse": [11.479592198581559, 0.0], "prob_mse": [0.25503821907013396, 0.0], "adv_type": "random_pgd", "dataset": "dc", "sample_size": 1, "test_ratio": 0.3, "weekday": 0, "realization": 0, "beta_mse": [11.479592198581559, 0.0], "runtime": 861.5919690132141, "u_mse": [3.198780877687729e-19, 0.0], "d_mse": [0.255102048857368, 0.255102048857368], "gamma": 0.07, "T": 43}
{"acc": [0.751746391971916, 0.0], "network_size": 1383, "b_mse": [0.25931126871552407, 0.25931126871552407], "ref_ratio": 0.6, "hour": 8, "alpha_mse": [11.669007092198582, 0.0], "prob_mse": [0.2592453112687155, 0.0], "adv_type": "random_pgd", "dataset": "dc", "sample_size": 1,