{"acc": [0.9529621631771665, 0.0], "network_size": 603, "b_mse": [0.0856640584246218, 0.0856640584246218], "ref_ratio": 0.6, "hour": 8, "alpha_mse": [3.8548826291079807, 0.0], "prob_mse": [0.0857358894105373, 0.0], "adv_type": "random_pgd", "dataset": "philly", "sample_size": 1, "test_ratio": 0.3, "weekday": 0, "realization": 0, "beta_mse": [3.854882629107982, 0.0], "runtime": 161.51853895187378, "u_mse": [6.189623670151988e-19, 0.0], "d_mse": [0.08566405842462183, 0.08566405842462183], "gamma": 0.0, "T": 43}
{"acc": [0.9529621631771665, 0.0], "network_size": 603, "b_mse": [0.0845018257694314, 0.0845018257694314], "ref_ratio": 0.6, "hour": 8, "alpha_mse": [3.8025821596244134, 0.0], "prob_mse": [0.08453046426708398, 0.0], "adv_type": "random_pgd", "dataset": "philly", "sample_size": 1, "test_ratio": 0.3, "weekday": 0, "realization": 0, "beta_mse": [3.8025821596244134, 0.0], "runtime": 305.9630091190338, "u_mse": [6.189623670151988e-19, 0.0], "d_mse": [0.08450182576943142, 0.08450182576943142], "gamma": 0.01, "T": 43}
{"acc": [0.9529621631771665, 0.0], "network_size": 603, "b_mse": [0.08688575899843506, 0.08688575899843506], "ref_ratio": 0.6, "hour": 8, "alpha_mse": [3.909859154929577, 0.0], "prob_mse": [0.08688716744913927, 0.0], "adv_type": "random_pgd", "dataset": "philly", "sample_size": 1, "test_ratio": 0.3, "weekday": 0, "realization": 0, "beta_mse": [3.9098591549295776, 0.0], "runtime": 272.58082699775696, "u_mse": [6.189623670151988e-19, 0.0], "d_mse": [0.08688575899843506, 0.08688575899843506], "gamma": 0.03, "T": 43}
{"acc": [0.9529621631771665, 0.0], "network_size": 603, "b_mse": [0.08586750130412103, 0.08586750130412103], "ref_ratio": 0.6, "hour": 8, "alpha_mse": [3.8640375586854456, 0.0], "prob_mse": [0.08586984872196138, 0.0], "adv_type": "random_pgd", "dataset": "philly", "sample_size": 1, "test_ratio": 0.3, "weekday": 0, "realization": 0, "beta_mse": [3.8640375586854456, 0.0], "runtime": 272.864000082016, "u_mse": [6.189623670151988e-19, 0.0], "d_mse": [0.08586750130412105, 0.08586750130412105], "gamma": 0.05, "T": 43}
{"acc": [0.6384377053797766, 0.0], "network_size": 603, "b_mse": [0.29562336984872195, 0.29562336984872195], "ref_ratio": 0.6, "hour": 8, "alpha_mse": [13.303051643192488, 0.0], "prob_mse": [0.29555811163275947, 0.0], "adv_type": "random_pgd", "dataset": "philly", "sample_size": 1, "test_ratio": 0.3, "weekday": 0, "realization": 0, "beta_mse": [13.303051643192484, 0.0], "runtime": 274.31674122810364, "u_mse": [6.189623670151988e-19, 0.0], "d_mse": [0.29562336984872195, 0.29562336984872195], "gamma": 0.07, "T": 43}
{"acc": [0.6337433104872783, 0.0], "network_size": 603, "b_mse": [0.2955492957746479, 0.2955492957746479], "ref_ratio": 0.6, "hour": 8, "alpha_mse": [13.299718309859154, 0.0], "prob_mse": [0.29548309859154925, 0.0], "adv_type": "random_pgd", "dataset": "philly", "sample_size": 1, "test_ratio": 0.3, "weekday": 0, "realization": 0, "beta_mse": [13.299718309859152, 0.0], "runtime": 266.75009989738464, "u_mse": [6.189623670151988e-19, 0.0], "d_mse": [0.2955492957746479, 0.2955492957746479], "gamma": 0.09, "T": 43}
{"acc": [0.6055769411322881, 0.0], "network_size": 603, "b_mse": [0.3215378195096505, 0.3215378195096505], "ref_ratio": 0.6, "hour": 8, "alpha_mse": [14.469201877934271, 0.0], "prob_mse": [0.3214688054251434, 0.0], "adv_type": "random_pgd", "dataset": "philly", "sample_size": 1, "test_ratio": 0.3, "weekday": 0, "realization": 0, "beta_mse": [14.469201877934271, 0.0], "runtime": 284.946622133255, "u_mse": [6.189623670151988e-19, 0.0], "d_mse": [0.3215378195096505, 0.3215378195096505], "gamma": 0.2, "T": 43}
{"acc": [0.6008825462397898, 0.0], "network_size": 603, "b_mse": [0.32288367240479915, 0.32288367240479915], "ref_ratio": 0.6, "hour": 8, "alpha_mse": [14.529765258215962, 0.0], "prob_mse": [0.3228146583202921, 0.0], "adv_type": "random_pgd", "dataset": "philly", "sample_size": 1, "test_ratio": 0.3, "weekday": 0, "realization": 0, "beta_mse": [14.529765258215962, 0.0], "runtime": 283.1808750629425, "u_mse": [6.189623670151988e-19, 0.0], "d_mse": [0.32288367240479915, 0.32288367240479915], "gamma": 0.3, "T": 43}
{"acc": [0.6008825462397898, 0.0], "network_size": 603, "b_mse": [0.32288367240479915, 0.32288367240479915], "ref_ratio": 0.6, "hour": 8, "alpha_mse": [14.529765258215964, 0.0], "prob_mse": [0.3228146583202921, 0.0], "adv_type": "random_pgd", "dataset": "philly", "sample_size": 1, "test_ratio": 0.3, "weekday": 0, "realization": 0, "beta_mse": [14.529765258215962, 0.0], "runtime": 332.94223403930664, "u_mse": [6.189623670151988e-19, 0.0], "d_mse": [0.32288367240479915, 0.32288367240479915], "gamma": 0.4, "T": 43}
{"acc": [0.9591858444736002, 0.0], "network_size": 1383, "b_mse": [0.05194680851063829, 0.05194680851063829], "ref_ratio": 0.6, "hour": 8, "alpha_mse": [2.337606382978723, 0.0], "prob_mse": [0.05202836879432623, 0.0], "adv_type": "random_pgd", "dataset": "dc", "sample_size": 1, "test_ratio": 0.3, "weekday": 0, "realization": 0, "beta_mse": [2.337606382978724, 0.0], "runtime": 546.012855052948, "u_mse": [3.198780877687729e-19, 0.0], "d_mse": [0.05194680851063832, 0.05194680851063832], "gamma": 0.0, "T": 43}
{"acc": [0.9574128577000816, 0.0], "network_size": 1383, "b_mse": [0.05490977147360126, 0.05490977147360126], "ref_ratio": 0.6, "hour": 8, "alpha_mse": [2.4709397163120568, 0.0], "prob_mse": [0.05494948778565799, 0.0], "adv_type": "random_pgd", "dataset": "dc", "sample_size": 1, "test_ratio": 0.3, "weekday": 0, "realization": 0, "beta_mse": [2.4709397163120568, 0.0], "runtime": 830.7442858219147, "u_mse": [3.198780877687729e-19, 0.0], "d_mse": [0.05490977147360127, 0.05490977147360127], "gamma": 0.01, "T": 43}
{"acc": [0.9574128577000816, 0.0], "network_size": 1383, "b_mse": [0.05558037825059101, 0.05558037825059101], "ref_ratio": 0.6, "hour": 8, "alpha_mse": [2.5011170212765954, 0.0], "prob_mse": [0.05557541371158392, 0.0], "adv_type": "random_pgd", "dataset": "dc", "sample_size": 1, "test_ratio": 0.3, "weekday": 0, "realization": 0, "beta_mse": [2.5011170212765954, 0.0], "runtime": 891.5019991397858, "u_mse": [3.198780877687729e-19, 0.0], "d_mse": [0.05558037825059104, 0.05558037825059104], "gamma": 0.03, "T": 43}
{"acc": [0.9574128577000816, 0.0], "network_size": 1383, "b_mse": [0.05537115839243499, 0.05537115839243499], "ref_ratio": 0.6, "hour": 8, "alpha_mse": [2.4917021276595746, 0.0], "prob_mse": [0.05536513002364066, 0.0], "adv_type": "random_pgd", "dataset": "dc", "sample_size": 1, "test_ratio": 0.3, "weekday": 0, "realization": 0, "beta_mse": [2.491702127659574, 0.0], "runtime": 899.2832231521606, "u_mse": [3.198780877687729e-19, 0.0], "d_mse": [0.05537115839243502, 0.05537115839243502], "gamma": 0.05, "T": 43}
{"acc": [0.7552923655189533, 0.0], "network_size": 1383, "b_mse": [0.255102048857368, 0.255102048857368], "ref_ratio": 0.6, "hour": 8, "alpha_mse": [11.479592198581559, 0.0], "prob_mse": [0.25503821907013396, 0.0], "adv_type": "random_pgd", "dataset": "dc", "sample_size": 1, "test_ratio": 0.3, "weekday": 0, "realization": 0, "beta_mse": [11.479592198581559, 0.0], "runtime": 943.946005821228, "u_mse": [3.198780877687729e-19, 0.0], "d_mse": [0.255102048857368, 0.255102048857368], "gamma": 0.07, "T": 43}
{"acc": [0.751746391971916, 0.0], "network_size": 1383, "b_mse": [0.25931126871552407, 0.25931126871552407], "ref_ratio": 0.6, "hour": 8, "alpha_mse": [11.669007092198582, 0.0], "prob_mse": [0.2592453112687155, 0.0], "adv_type": "random_pgd", "dataset": "dc", "sample_size": 1, "test_ratio": 0.3, "weekday": 0, "realization": 0, "beta_mse": [11.66900709219858, 0.0], "runtime": 1074.1753091812134, "u_mse": [3.198780877687729e-19, 0.0], "d_mse": [0.259311268715524, 0.259311268715524], "gamma": 0.09, "T": 43}
{"acc": [0.7003297755398745, 0.0], "network_size": 1383, "b_mse": [0.29809574468085104, 0.29809574468085104], "ref_ratio": 0.6, "hour": 8, "alpha_mse": [13.414308510638296, 0.0], "prob_mse": [0.2980287234042553, 0.0], "adv_type": "random_pgd", "dataset": "dc",