{"acc": [0.9591858444736002, 0.0], "network_size": 1383, "b_mse": [0.05194680851063829, 0.05194680851063829], "ref_ratio": 0.6, "hour": 8, "alpha_mse": [2.337606382978723, 0.0], "prob_mse": [0.05202836879432623, 0.0], "adv_type": "random_pgd", "dataset": "dc", "sample_size": 1, "test_ratio": 0.3, "weekday": 0, "realization": 0, "beta_mse": [2.337606382978724, 0.0], "runtime": 546.012855052948, "u_mse": [3.198780877687729e-19, 0.0], "d_mse": [0.05194680851063832, 0.05194680851063832], "gamma": 0.0, "T": 43}
{"acc": [0.9574128577000816, 0.0], "network_size": 1383, "b_mse": [0.05490977147360126, 0.05490977147360126], "ref_ratio": 0.6, "hour": 8, "alpha_mse": [2.4709397163120568, 0.0], "prob_mse": [0.05494948778565799, 0.0], "adv_type": "random_pgd", "dataset": "dc", "sample_size": 1, "test_ratio": 0.3, "weekday": 0, "realization": 0, "beta_mse": [2.4709397163120568, 0.0], "runtime": 830.7442858219147, "u_mse": [3.198780877687729e-19, 0.0], "d_mse": [0.05490977147360127, 0.05490977147360127], "gamma": 0.01, "T": 43}
{"acc": [0.9574128577000816, 0.0], "network_size": 1383, "b_mse": [0.05558037825059101, 0.05558037825059101], "ref_ratio": 0.6, "hour": 8, "alpha_mse": [2.5011170212765954, 0.0], "prob_mse": [0.05557541371158392, 0.0], "adv_type": "random_pgd", "dataset": "dc", "sample_size": 1, "test_ratio": 0.3, "weekday": 0, "realization": 0, "beta_mse": [2.5011170212765954, 0.0], "runtime": 891.5019991397858, "u_mse": [3.198780877687729e-19, 0.0], "d_mse": [0.05558037825059104, 0.05558037825059104], "gamma": 0.03, "T": 43}
{"acc": [0.9574128577000816, 0.0], "network_size": 1383, "b_mse": [0.05537115839243499, 0.05537115839243499], "ref_ratio": 0.6, "hour": 8, "alpha_mse": [2.4917021276595746, 0.0], "prob_mse": [0.05536513002364066, 0.0], "adv_type": "random_pgd", "dataset": "dc", "sample_size": 1, "test_ratio": 0.3, "weekday": 0, "realization": 0, "beta_mse": [2.491702127659574, 0.0], "runtime": 899.2832231521606, "u_mse": [3.198780877687729e-19, 0.0], "d_mse": [0.05537115839243502, 0.05537115839243502], "gamma": 0.05, "T": 43}
{"acc": [0.7552923655189533, 0.0], "network_size": 1383, "b_mse": [0.255102048857368, 0.255102048857368], "ref_ratio": 0.6, "hour": 8, "alpha_mse": [11.479592198581559, 0.0], "prob_mse": [0.25503821907013396, 0.0], "adv_type": "random_pgd", "dataset": "dc", "sample_size": 1, "test_ratio": 0.3, "weekday": 0, "realization": 0, "beta_mse": [11.479592198581559, 0.0], "runtime": 943.946005821228, "u_mse": [3.198780877687729e-19, 0.0], "d_mse": [0.255102048857368, 0.255102048857368], "gamma": 0.07, "T": 43}
{"acc": [0.751746391971916, 0.0], "network_size": 1383, "b_mse": [0.25931126871552407, 0.25931126871552407], "ref_ratio": 0.6, "hour": 8, "alpha_mse": [11.669007092198582, 0.0], "prob_mse": [0.2592453112687155, 0.0], "adv_type": "random_pgd", "dataset": "dc", "sample_size": 1, "test_ratio": 0.3, "weekday": 0, "realization": 0, "beta_mse": [11.66900709219858, 0.0], "runtime": 1074.1753091812134, "u_mse": [3.198780877687729e-19, 0.0], "d_mse": [0.259311268715524, 0.259311268715524], "gamma": 0.09, "T": 43}
{"acc": [0.7003297755398745, 0.0], "network_size": 1383, "b_mse": [0.29809574468085104, 0.29809574468085104], "ref_ratio": 0.6, "hour": 8, "alpha_mse": [13.414308510638296, 0.0], "prob_mse": [0.2980287234042553, 0.0], "adv_type": "random_pgd", "dataset": "dc", "sample_size": 1, "test_ratio": 0.3, "weekday": 0, "realization": 0, "beta_mse": [13.414308510638296, 0.0], "runtime": 949.4175050258636, "u_mse": [3.198780877687729e-19, 0.0], "d_mse": [0.29809574468085104, 0.29809574468085104], "gamma": 0.2, "T": 43}
{"acc": [0.6879188681252438, 0.0], "network_size": 1383, "b_mse": [0.3003100866824271, 0.3003100866824271], "ref_ratio": 0.6, "hour": 8, "alpha_mse": [13.513953900709218, 0.0], "prob_mse": [0.3002427107959023, 0.0], "adv_type": "random_pgd", "dataset": "dc", "sample_size": 1, "test_ratio": 0.3, "weekday": 0, "realization": 0, "beta_mse": [13.513953900709218, 0.0], "runtime": 1008.5914890766144, "u_mse": [3.198780877687729e-19, 0.0], "d_mse": [0.3003100866824271, 0.3003100866824271], "gamma": 0.3, "T": 43}
{"acc": [0.6879188681252438, 0.0], "network_size": 1383, "b_mse": [0.3003100866824271, 0.3003100866824271], "ref_ratio": 0.6, "hour": 8, "alpha_mse": [13.513953900709218, 0.0], "prob_mse": [0.3002427107959023, 0.0], "adv_type": "random_pgd", "dataset": "dc", "sample_size": 1, "test_ratio": 0.3, "weekday": 0, "realization": 0, "beta_mse": [13.513953900709218, 0.0], "runtime": 1007.4761030673981, "u_mse": [3.198780877687729e-19, 0.0], "d_mse": [0.3003100866824271, 0.3003100866824271], "gamma": 0.4, "T": 43}
{"acc": [0.9529621631771665, 0.0], "network_size": 603, "b_mse": [0.0856640584246218, 0.0856640584246218], "ref_ratio": 0.6, "hour": 8, "alpha_mse": [3.8548826291079807, 0.0], "prob_mse": [0.0857358894105373, 0.0], "adv_type": "random_pgd", "dataset": "philly", "sample_size": 1, "test_ratio": 0.3, "weekday": 0, "realization": 0, "beta_mse": [3.854882629107982, 0.0], "runtime": 163.85725498199463, "u_mse": [6.189623670151988e-19, 0.0], "d_mse": [0.08566405842462183, 0.08566405842462183], "gamma": 0.0, "T": 43}
{"acc": [0.7370199981222421, 0.0], "network_size": 603, "b_mse": [0.28699426186750127, 0.28699426186750127], "ref_ratio": 0.6, "hour": 8, "alpha_mse": [12.914741784037554, 0.0], "prob_mse": [0.2869336984872196, 0.0], "adv_type": "random_pgd", "dataset": "philly", "sample_size": 1, "test_ratio": 0.3, "weekday": 0, "realization": 0, "beta_mse": [12.914741784037554, 0.0], "runtime": 284.4117980003357, "u_mse": [6.189623670151988e-19, 0.0], "d_mse": [0.28699426186750127, 0.28699426186750127], "gamma": 0.01, "T": 43}
{"acc": [0.9529621631771665, 0.0], "network_size": 603, "b_mse": [0.09306207616066771, 0.09306207616066771], "ref_ratio": 0.6, "hour": 8, "alpha_mse": [4.187793427230047, 0.0], "prob_mse": [0.09316113719353154, 0.0], "adv_type": "random_pgd", "dataset": "philly", "sample_size": 1, "test_ratio": 0.3, "weekday": 0, "realization": 0, "beta_mse": [4.187793427230048, 0.0], "runtime": 100.19793605804443, "u_mse": [6.189623670151988e-19, 0.0], "d_mse": [0.09306207616066772, 0.09306207616066772], "gamma": 0.0, "T": 43}
{"acc": [0.8121303164022158, 0.0], "network_size": 603, "b_mse": [0.22138758476786646, 0.22138758476786646], "ref_ratio": 0.6, "hour": 8, "alpha_mse": [9.96244131455399, 0.0], "prob_mse": [0.2214509650495566, 0.0], "adv_type": "random_pgd", "dataset": "philly", "sample_size": 1, "test_ratio": 0.3, "weekday": 0, "realization": 0, "beta_mse": [9.96244131455399, 0.0], "runtime": 173.21645212173462, "u_mse": [6.189623670151988e-19, 0.0], "d_mse": [0.22138758476786646, 0.22138758476786646], "gamma": 0.01, "T": 43}
{"acc": [0.8121303164022158, 0.0], "network_size": 603, "b_mse": [0.22138758476786646, 0.22138758476786646], "ref_ratio": 0.6, "hour": 8, "alpha_mse": [9.96244131455399, 0.0], "prob_mse": [0.2214509650495566, 0.0], "adv_type": "random_pgd", "dataset": "philly", "sample_size": 1, "test_ratio": 0.3, "weekday": 0, "realization": 0, "beta_mse": [9.96244131455399, 0.0], "runtime": 170.73411202430725, "u_mse": [6.189623670151988e-19, 0.0], "d_mse": [0.22138758476786646, 0.22138758476786646], "gamma": 0.03, "T": 43}
{"acc": [0.8027415266172191, 0.0], "network_size": 603, "b_mse": [0.23035993740219093, 0.23035993740219093], "ref_ratio": 0.6, "hour": 8, "alpha_mse": [10.366197183098592, 0.0], "prob_mse": [0.2304214397496088, 0.0], "adv_type": "random_pgd", "dataset": "philly", "sample_size": 1, "test_ratio": 0.3, "weekday": 0, "realization": 0, "beta_mse": [10.366197183098592, 0.0], "runtime": 171.99666905403137, "u_mse": [6.189623670151988e-19, 0.0], "d_mse": [0.23035993740219093, 0.23035993740219093], "gamma": 0.05, "T": 43}
{"acc": [0.8027415266172191, 0.0], "network_size": 603, "b_mse": [0.23035993740219093, 0.23035993740219093], "ref_ratio": 0.6, "hour": 8, "alpha_mse": [10.366197183098592, 0.0], "prob_mse": [0.2304214397496088, 0.0], "adv_type": "random_pgd", "dataset": "philly", "sample_size": 1,