{"acc": [0.7457703573346944, 0.0], "network_size": 67392, "b_mse": [0.2109712467438256, 0.2109712467438256], "runtime": 248.91870594024658, "alpha_mse": [2.5316549609259082, 0.0], "prob_mse": [0.21106498499686743, 0.0], "adv_type": "random_noise", "dataset": "enron", "sample_size": 1, "test_ratio": 0.3, "T": 10, "realization": 0, "beta_mse": [2.531654960925908, 0.0], "attack_edge": 10000, "u_mse": [0.0, 0.0], "d_mse": [0.2109712467438256, 0.2109712467438256], "gamma": 0.0, "swap_ratio": 0.01}
{"acc": [0.7172314598561086, 0.0], "network_size": 67392, "b_mse": [0.23451462393246944, 0.23451462393246944], "runtime": 263.3002109527588, "alpha_mse": [2.8141754871896336, 0.0], "prob_mse": [0.23460883700992513, 0.0], "adv_type": "random_noise", "dataset": "enron", "sample_size": 1, "test_ratio": 0.3, "T": 10, "realization": 0, "beta_mse": [2.814175487189633, 0.0], "attack_edge": 10000, "u_mse": [0.0, 0.0], "d_mse": [0.23451462393246944, 0.23451462393246944], "gamma": 0.01, "swap_ratio": 0.01}
{"acc": [0.7174787639937046, 0.0], "network_size": 67392, "b_mse": [0.2343167804266825, 0.2343167804266825], "runtime": 265.640664100647, "alpha_mse": [2.8118013651201905, 0.0], "prob_mse": [0.2344109836119629, 0.0], "adv_type": "random_noise", "dataset": "enron", "sample_size": 1, "test_ratio": 0.3, "T": 10, "realization": 0, "beta_mse": [2.81180136512019, 0.0], "attack_edge": 10000, "u_mse": [0.0, 0.0], "d_mse": [0.2343167804266825, 0.2343167804266825], "gamma": 0.03, "swap_ratio": 0.01}
{"acc": [0.7147089576526287, 0.0], "network_size": 67392, "b_mse": [0.23610973719787645, 0.23610973719787645], "runtime": 264.3242030143738, "alpha_mse": [2.833316846374518, 0.0], "prob_mse": [0.23620388103010512, 0.0], "adv_type": "random_noise", "dataset": "enron", "sample_size": 1, "test_ratio": 0.3, "T": 10, "realization": 0, "beta_mse": [2.833316846374518, 0.0], "attack_edge": 10000, "u_mse": [0.0, 0.0], "d_mse": [0.23610973719787645, 0.23610973719787645], "gamma": 0.05, "swap_ratio": 0.01}
{"acc": [0.7151541051003016, 0.0], "network_size": 67392, "b_mse": [0.2357346588848221, 0.2357346588848221], "runtime": 269.64023303985596, "alpha_mse": [2.8288159066178653, 0.0], "prob_mse": [0.23582880271705076, 0.0], "adv_type": "random_noise", "dataset": "enron", "sample_size": 1, "test_ratio": 0.3, "T": 10, "realization": 0, "beta_mse": [2.8288159066178653, 0.0], "attack_edge": 10000, "u_mse": [0.0, 0.0], "d_mse": [0.2357346588848221, 0.2357346588848221], "gamma": 0.07, "swap_ratio": 0.01}
{"acc": [0.7155003308929361, 0.0], "network_size": 67392, "b_mse": [0.23535133709235997, 0.23535133709235997], "runtime": 267.6182019710541, "alpha_mse": [2.824216045108319, 0.0], "prob_mse": [0.23544548092458858, 0.0], "adv_type": "random_noise", "dataset": "enron", "sample_size": 1, "test_ratio": 0.3, "T": 10, "realization": 0, "beta_mse": [2.824216045108319, 0.0], "attack_edge": 10000, "u_mse": [0.0, 0.0], "d_mse": [0.23535133709235997, 0.23535133709235997], "gamma": 0.09, "swap_ratio": 0.01}
{"acc": [0.7242054365363176, 0.0], "network_size": 67392, "b_mse": [0.22920994493355756, 0.22920994493355756], "runtime": 264.7793321609497, "alpha_mse": [2.7505193392026914, 0.0], "prob_mse": [0.2293041777953638, 0.0], "adv_type": "random_noise", "dataset": "enron", "sample_size": 1, "test_ratio": 0.3, "T": 10, "realization": 0, "beta_mse": [2.750519339202691, 0.0], "attack_edge": 10000, "u_mse": [0.0, 0.0], "d_mse": [0.22920994493355756, 0.22920994493355756], "gamma": 0.2, "swap_ratio": 0.01}
{"acc": [0.7251946530867018, 0.0], "network_size": 67392, "b_mse": [0.22863702311471623, 0.22863702311471623], "runtime": 268.1656470298767, "alpha_mse": [2.7436442773765957, 0.0], "prob_mse": [0.22873124608434725, 0.0], "adv_type": "random_noise", "dataset": "enron", "sample_size": 1, "test_ratio": 0.3, "T": 10, "realization": 0, "beta_mse": [2.7436442773765957, 0.0], "attack_edge": 10000, "u_mse": [0.0, 0.0], "d_mse": [0.22863702311471623, 0.22863702311471623], "gamma": 0.3, "swap_ratio": 0.01}
{"acc": [0.8189723820631298, 0.0], "network_size": 67392, "b_mse": [0.1505341774656247, 0.1505341774656247], "runtime": 258.06433486938477, "alpha_mse": [1.806410129587497, 0.0], "prob_mse": [0.15062129785339792, 0.0], "adv_type": "random_noise", "dataset": "enron", "sample_size": 1, "test_ratio": 0.3, "T": 10, "realization": 0, "beta_mse": [1.8064101295874966, 0.0], "attack_edge": 10000, "u_mse": [0.0, 0.0], "d_mse": [0.1505341774656247, 0.1505341774656247], "gamma": 0.09, "swap_ratio": 0.01}
{"acc": [0.8289634692220108, 0.0], "network_size": 67392, "b_mse": [0.14203927193589871, 0.14203927193589871], "runtime": 238.06320309638977, "alpha_mse": [1.7044712632307848, 0.0], "prob_mse": [0.14212602631318622, 0.0], "adv_type": "random_noise", "dataset": "enron", "sample_size": 1, "test_ratio": 0.3, "T": 10, "realization": 0, "beta_mse": [1.7044712632307848, 0.0], "attack_edge": 10000, "u_mse": [0.0, 0.0], "d_mse": [0.14203927193589871, 0.14203927193589871], "gamma": 0.0, "swap_ratio": 0.01}
{"acc": [0.8335138653537785, 0.0], "network_size": 67392, "b_mse": [0.13913344544465328, 0.13913344544465328], "runtime": 272.3443491458893, "alpha_mse": [1.6696013453358398, 0.0], "prob_mse": [0.13922099119596396, 0.0], "adv_type": "random_noise", "dataset": "enron", "sample_size": 1, "test_ratio": 0.3, "T": 10, "realization": 0, "beta_mse": [1.6696013453358398, 0.0], "attack_edge": 10000, "u_mse": [0.0, 0.0], "d_mse": [0.13913344544465328, 0.13913344544465328], "gamma": 0.2, "swap_ratio": 0.01}
{"acc": [0.8009191800186171, 0.0], "network_size": 67392, "b_mse": [0.16544250997461007, 0.16544250997461007], "runtime": 273.45899391174316, "alpha_mse": [1.9853101196953213, 0.0], "prob_mse": [0.16552973917631147, 0.0], "adv_type": "random_noise", "dataset": "enron", "sample_size": 1, "test_ratio": 0.3, "T": 10, "realization": 0, "beta_mse": [1.9853101196953213, 0.0], "attack_edge": 10000, "u_mse": [0.0, 0.0], "d_mse": [0.16544250997461007, 0.16544250997461007], "gamma": 0.01, "swap_ratio": 0.01}
{"acc": [0.8346020035592011, 0.0], "network_size": 67392, "b_mse": [0.138210175750981, 0.138210175750981], "runtime": 274.15409898757935, "alpha_mse": [1.658522109011772, 0.0], "prob_mse": [0.13829772150229164, 0.0], "adv_type": "random_noise", "dataset": "enron", "sample_size": 1, "test_ratio": 0.3, "T": 10, "realization": 0, "beta_mse": [1.658522109011772, 0.0], "attack_edge": 10000, "u_mse": [0.0, 0.0], "d_mse": [0.138210175750981, 0.138210175750981], "gamma": 0.3, "swap_ratio": 0.01}
{"acc": [0.801166484156213, 0.0], "network_size": 67392, "b_mse": [0.1652240577703037, 0.1652240577703037], "runtime": 276.1038701534271, "alpha_mse": [1.9826886932436447, 0.0], "prob_mse": [0.1653112770798298, 0.0], "adv_type": "random_noise", "dataset": "enron", "sample_size": 1, "test_ratio": 0.3, "T": 10, "realization": 0, "beta_mse": [1.9826886932436447, 0.0], "attack_edge": 10000, "u_mse": [0.0, 0.0], "d_mse": [0.1652240577703037, 0.1652240577703037], "gamma": 0.03, "swap_ratio": 0.01}
{"acc": [0.8359374459022199, 0.0], "network_size": 67392, "b_mse": [0.13736934085138655, 0.13736934085138655], "runtime": 283.2320668697357, "alpha_mse": [1.648432090216639, 0.0], "prob_mse": [0.13745686681834662, 0.0], "adv_type": "random_noise", "dataset": "enron", "sample_size": 1, "test_ratio": 0.3, "T": 10, "realization": 0, "beta_mse": [1.648432090216639, 0.0], "attack_edge": 10000, "u_mse": [0.0, 0.0], "d_mse": [0.13736934085138655, 0.13736934085138655], "gamma": 0.4, "swap_ratio": 0.01}
{"acc": [0.8182304696503416, 0.0], "network_size": 67392, "b_mse": [0.15113182972268935, 0.15113182972268935], "runtime": 269.26436400413513, "alpha_mse": [1.8135819566722728, 0.0], "prob_mse": [0.15121895011046257, 0.0], "adv_type": "random_noise", "dataset": "enron", "sample_size": 1, "test_ratio": 0.3, "T": 10, "realization": 0, "beta_mse": [1.8135819566722726, 0.0], "attack_edge": 10000, "u_mse": [0.0, 0.0], "d_mse": [0.15113182972268935, 0.15113182972268935], "gamma": 0.05,