{"acc": [0.8554250119447898, 0.0], "network_size": 67392, "b_mse": [0.12056088633890592, 0.12056088633890592], "runtime": 734.8710861206055, "alpha_mse": [1.4467306360668717, 0.0], "prob_mse": [0.12064821446236026, 0.0], "adv_type": "random_pgd_csl", "dataset": "enron", "sample_size": 1, "test_ratio": 0.3, "T": 10, "realization": 0, "beta_mse": [1.446730636066872, 0.0], "attack_edge": 10000, "u_mse": [0.0, 0.0], "d_mse": [0.12056088633890592, 0.12056088633890592], "gamma": 0.0, "swap_ratio": 0.01}
{"acc": [0.8277269485340305, 0.0], "network_size": 67392, "b_mse": [0.14363438520130578, 0.14363438520130578], "runtime": 811.3267788887024, "alpha_mse": [1.7236126224156698, 0.0], "prob_mse": [0.14372239588485503, 0.0], "adv_type": "random_pgd_csl", "dataset": "enron", "sample_size": 1, "test_ratio": 0.3, "T": 10, "realization": 0, "beta_mse": [1.7236126224156696, 0.0], "attack_edge": 10000, "u_mse": [0.0, 0.0], "d_mse": [0.14363438520130578, 0.14363438520130578], "gamma": 0.01, "swap_ratio": 0.01}
{"acc": [0.8282215568092226, 0.0], "network_size": 67392, "b_mse": [0.14323045471032414, 0.14323045471032414], "runtime": 818.7567529678345, "alpha_mse": [1.7187654565238903, 0.0], "prob_mse": [0.1433184555016981, 0.0], "adv_type": "random_pgd_csl", "dataset": "enron", "sample_size": 1, "test_ratio": 0.3, "T": 10, "realization": 0, "beta_mse": [1.71876545652389, 0.0], "attack_edge": 10000, "u_mse": [0.0, 0.0], "d_mse": [0.14323045471032414, 0.14323045471032414], "gamma": 0.03, "swap_ratio": 0.01}
{"acc": [0.8286172434293764, 0.0], "network_size": 67392, "b_mse": [0.14277706334289578, 0.14277706334289578], "runtime": 811.0854489803314, "alpha_mse": [1.7133247601147499, 0.0], "prob_mse": [0.14286506413426975, 0.0], "adv_type": "random_pgd_csl", "dataset": "enron", "sample_size": 1, "test_ratio": 0.3, "T": 10, "realization": 0, "beta_mse": [1.7133247601147497, 0.0], "attack_edge": 10000, "u_mse": [0.0, 0.0], "d_mse": [0.14277706334289578, 0.14277706334289578], "gamma": 0.05, "swap_ratio": 0.01}
{"acc": [0.8295075383247222, 0.0], "network_size": 67392, "b_mse": [0.14220001978435057, 0.14220001978435057], "runtime": 821.814924955368, "alpha_mse": [1.7064002374122076, 0.0], "prob_mse": [0.1422880106835493, 0.0], "adv_type": "random_pgd_csl", "dataset": "enron", "sample_size": 1, "test_ratio": 0.3, "T": 10, "realization": 0, "beta_mse": [1.7064002374122074, 0.0], "attack_edge": 10000, "u_mse": [0.0, 0.0], "d_mse": [0.14220001978435057, 0.14220001978435057], "gamma": 0.07, "swap_ratio": 0.01}
{"acc": [0.8297548424623182, 0.0], "network_size": 67392, "b_mse": [0.1420475154153065, 0.1420475154153065], "runtime": 804.4317231178284, "alpha_mse": [1.7045701849836787, 0.0], "prob_mse": [0.14213550631450517, 0.0], "adv_type": "random_pgd_csl", "dataset": "enron", "sample_size": 1, "test_ratio": 0.3, "T": 10, "realization": 0, "beta_mse": [1.7045701849836783, 0.0], "attack_edge": 10000, "u_mse": [0.0, 0.0], "d_mse": [0.1420475154153065, 0.1420475154153065], "gamma": 0.09, "swap_ratio": 0.01}
{"acc": [0.8320795013557213, 0.0], "network_size": 67392, "b_mse": [0.14008144557654897, 0.14008144557654897], "runtime": 819.0363438129425, "alpha_mse": [1.680977346918588, 0.0], "prob_mse": [0.1401693969070465, 0.0], "adv_type": "random_pgd_csl", "dataset": "enron", "sample_size": 1, "test_ratio": 0.3, "T": 10, "realization": 0, "beta_mse": [1.6809773469185878, 0.0], "attack_edge": 10000, "u_mse": [0.0, 0.0], "d_mse": [0.14008144557654897, 0.14008144557654897], "gamma": 0.2, "swap_ratio": 0.01}
{"acc": [0.8340579344564898, 0.0], "network_size": 67392, "b_mse": [0.13840801925676793, 0.13840801925676793], "runtime": 815.2952950000763, "alpha_mse": [1.6608962310812154, 0.0], "prob_mse": [0.13849595080291488, 0.0], "adv_type": "random_pgd_csl", "dataset": "enron", "sample_size": 1, "test_ratio": 0.3, "T": 10, "realization": 0, "beta_mse": [1.6608962310812152, 0.0], "attack_edge": 10000, "u_mse": [0.0, 0.0], "d_mse": [0.13840801925676793, 0.13840801925676793], "gamma": 0.3, "swap_ratio": 0.01}
{"acc": [0.8356406809371046, 0.0], "network_size": 67392, "b_mse": [0.1370602103735945, 0.1370602103735945], "runtime": 876.4302690029144, "alpha_mse": [1.6447225244831345, 0.0], "prob_mse": [0.1371481122432156, 0.0], "adv_type": "random_pgd_csl", "dataset": "enron", "sample_size": 1, "test_ratio": 0.3, "T": 10, "realization": 0, "beta_mse": [1.6447225244831343, 0.0], "attack_edge": 10000, "u_mse": [0.0, 0.0], "d_mse": [0.1370602103735945, 0.1370602103735945], "gamma": 0.4, "swap_ratio": 0.01}
{"acc": [0.7954784889915036, 0.0], "network_size": 67392, "b_mse": [0.17030204108550137, 0.17030204108550137], "runtime": 743.4352519512177, "alpha_mse": [2.043624493026017, 0.0], "prob_mse": [0.17037055429155532, 0.0], "adv_type": "random_pgd_csl", "dataset": "enron", "sample_size": 1, "test_ratio": 0.3, "T": 10, "realization": 0, "beta_mse": [2.043624493026017, 0.0], "attack_edge": 10000, "u_mse": [0.0, 0.0], "d_mse": [0.17030204108550137, 0.17030204108550137], "gamma": 0.5, "swap_ratio": 0.01}
{"acc": [0.8600864685861466, 0.0], "network_size": 67392, "b_mse": [0.1154055390702275, 0.1154055390702275], "runtime": 662.2540118694305, "alpha_mse": [1.3848664688427306, 0.0], "prob_mse": [0.11549432245301679, 0.0], "adv_type": "random_pgd_csl", "dataset": "enron", "sample_size": 1, "test_ratio": 0.1, "T": 10, "realization": 0, "beta_mse": [1.3848664688427306, 0.0], "attack_edge": 10000, "u_mse": [0.0, 0.0], "d_mse": [0.1154055390702275, 0.1154055390702275], "gamma": 0.0, "swap_ratio": 0.01}
{"acc": [0.8385731793080732, 0.0], "network_size": 67392, "b_mse": [0.1335929772502473, 0.1335929772502473], "runtime": 1047.1415281295776, "alpha_mse": [1.603115727002968, 0.0], "prob_mse": [0.1336820870425321, 0.0], "adv_type": "random_pgd_csl", "dataset": "enron", "sample_size": 1, "test_ratio": 0.1, "T": 10, "realization": 0, "beta_mse": [1.603115727002968, 0.0], "attack_edge": 10000, "u_mse": [0.0, 0.0], "d_mse": [0.1335929772502473, 0.1335929772502473], "gamma": 0.01, "swap_ratio": 0.01}
{"acc": [0.8394633843816487, 0.0], "network_size": 67392, "b_mse": [0.13280168150346192, 0.13280168150346192], "runtime": 718.3105239868164, "alpha_mse": [1.5936201780415435, 0.0], "prob_mse": [0.13289079129574674, 0.0], "adv_type": "random_pgd_csl", "dataset": "enron", "sample_size": 1, "test_ratio": 0.1, "T": 10, "realization": 0, "beta_mse": [1.5936201780415435, 0.0], "attack_edge": 10000, "u_mse": [0.0, 0.0], "d_mse": [0.13280168150346192, 0.13280168150346192], "gamma": 0.03, "swap_ratio": 0.01}
{"acc": [0.840056854430699, 0.0], "network_size": 67392, "b_mse": [0.13245548961424333, 0.13245548961424333], "runtime": 1028.455904006958, "alpha_mse": [1.5894658753709203, 0.0], "prob_mse": [0.13254459940652816, 0.0], "adv_type": "random_pgd_csl", "dataset": "enron", "sample_size": 1, "test_ratio": 0.1, "T": 10, "realization": 0, "beta_mse": [1.5894658753709203, 0.0], "attack_edge": 10000, "u_mse": [0.0, 0.0], "d_mse": [0.13245548961424333, 0.13245548961424333], "gamma": 0.05, "swap_ratio": 0.01}
{"acc": [0.840056854430699, 0.0], "network_size": 67392, "b_mse": [0.1323936696340257, 0.1323936696340257], "runtime": 693.026839017868, "alpha_mse": [1.5887240356083092, 0.0], "prob_mse": [0.13248277942631057, 0.0], "adv_type": "random_pgd_csl", "dataset": "enron", "sample_size": 1, "test_ratio": 0.1, "T": 10, "realization": 0, "beta_mse": [1.5887240356083092, 0.0], "attack_edge": 10000, "u_mse": [0.0, 0.0], "d_mse": [0.1323936696340257, 0.1323936696340257], "gamma": 0.07, "swap_ratio": 0.01}
{"acc": [0.8403535894552241, 0.0], "network_size": 67392, "b_mse": [0.1320845697329377, 0.1320845697329377], "runtime": 960.7671499252319, "alpha_mse": [1.5850148367952528, 0.0], "prob_mse": [0.13217367952522252, 0.0], "adv_type": "random_pgd_csl", "dataset": "enron", "sample_size": 1, "test_ratio": 0.1, "T": 10, "realization": 0, "beta_mse": [1.5850148367952528, 0.0], "attack_edge": 10000, "u_mse": [0.0, 0.0], "d_mse": [0.1320845697329377, 0.1320845697329377],