{"acc": [0.8848936889959654, 0.0], "network_size": 8078, "b_mse": [0.09292491749174919, 0.09292491749174919], "runtime": 157.92210412025452, "alpha_mse": [1.1150990099009908, 0.0], "prob_mse": [0.09301163366336632, 0.0], "adv_type": "random_pgd", "dataset": "facebook", "sample_size": 1, "test_ratio": 0.3, "T": 10, "realization": 0, "beta_mse": [1.1150990099009908, 0.0], "attack_edge": 10000, "u_mse": [0.0, 0.0], "d_mse": [0.09292491749174918, 0.09292491749174918], "gamma": 0.0, "swap_ratio": 0.01}
{"acc": [0.5676520820785307, 0.0], "network_size": 8078, "b_mse": [0.3553699119911991, 0.3553699119911991], "runtime": 306.65850615501404, "alpha_mse": [4.2644389438943895, 0.0], "prob_mse": [0.35546273377337734, 0.0], "adv_type": "random_pgd", "dataset": "facebook", "sample_size": 1, "test_ratio": 0.3, "T": 10, "realization": 0, "beta_mse": [4.26443894389439, 0.0], "attack_edge": 10000, "u_mse": [0.0, 0.0], "d_mse": [0.3553699119911991, 0.3553699119911991], "gamma": 0.01, "swap_ratio": 0.01}
{"acc": [0.5680646199288785, 0.0], "network_size": 8078, "b_mse": [0.3549573707370737, 0.3549573707370737], "runtime": 318.4941658973694, "alpha_mse": [4.259488448844884, 0.0], "prob_mse": [0.3550500275027502, 0.0], "adv_type": "random_pgd", "dataset": "facebook", "sample_size": 1, "test_ratio": 0.3, "T": 10, "realization": 0, "beta_mse": [4.259488448844885, 0.0], "attack_edge": 10000, "u_mse": [0.0, 0.0], "d_mse": [0.3549573707370737, 0.3549573707370737], "gamma": 0.03, "swap_ratio": 0.01}
{"acc": [0.5680646199288785, 0.0], "network_size": 8078, "b_mse": [0.3549573707370737, 0.3549573707370737], "runtime": 312.3469741344452, "alpha_mse": [4.259488448844884, 0.0], "prob_mse": [0.3550500275027502, 0.0], "adv_type": "random_pgd", "dataset": "facebook", "sample_size": 1, "test_ratio": 0.3, "T": 10, "realization": 0, "beta_mse": [4.259488448844885, 0.0], "attack_edge": 10000, "u_mse": [0.0, 0.0], "d_mse": [0.3549573707370737, 0.3549573707370737], "gamma": 0.05, "swap_ratio": 0.01}
{"acc": [0.5680646199288785, 0.0], "network_size": 8078, "b_mse": [0.3549573707370737, 0.3549573707370737], "runtime": 312.26920795440674, "alpha_mse": [4.259488448844884, 0.0], "prob_mse": [0.3550500275027502, 0.0], "adv_type": "random_pgd", "dataset": "facebook", "sample_size": 1, "test_ratio": 0.3, "T": 10, "realization": 0, "beta_mse": [4.259488448844885, 0.0], "attack_edge": 10000, "u_mse": [0.0, 0.0], "d_mse": [0.3549573707370737, 0.3549573707370737], "gamma": 0.07, "swap_ratio": 0.01}
{"acc": [0.5680646199288785, 0.0], "network_size": 8078, "b_mse": [0.3549573707370737, 0.3549573707370737], "runtime": 315.0507719516754, "alpha_mse": [4.259488448844884, 0.0], "prob_mse": [0.3550500275027502, 0.0], "adv_type": "random_pgd", "dataset": "facebook", "sample_size": 1, "test_ratio": 0.3, "T": 10, "realization": 0, "beta_mse": [4.259488448844885, 0.0], "attack_edge": 10000, "u_mse": [0.0, 0.0], "d_mse": [0.3549573707370737, 0.3549573707370737], "gamma": 0.09, "swap_ratio": 0.01}
{"acc": [0.5680646199288785, 0.0], "network_size": 8078, "b_mse": [0.3549573707370737, 0.3549573707370737], "runtime": 317.71128010749817, "alpha_mse": [4.259488448844884, 0.0], "prob_mse": [0.3550500275027502, 0.0], "adv_type": "random_pgd", "dataset": "facebook", "sample_size": 1, "test_ratio": 0.3, "T": 10, "realization": 0, "beta_mse": [4.259488448844885, 0.0], "attack_edge": 10000, "u_mse": [0.0, 0.0], "d_mse": [0.3549573707370737, 0.3549573707370737], "gamma": 0.2, "swap_ratio": 0.01}
{"acc": [0.5680646199288785, 0.0], "network_size": 8078, "b_mse": [0.3549573707370737, 0.3549573707370737], "runtime": 316.29900598526, "alpha_mse": [4.259488448844884, 0.0], "prob_mse": [0.3550500275027502, 0.0], "adv_type": "random_pgd", "dataset": "facebook", "sample_size": 1, "test_ratio": 0.3, "T": 10, "realization": 0, "beta_mse": [4.259488448844885, 0.0], "attack_edge": 10000, "u_mse": [0.0, 0.0], "d_mse": [0.3549573707370737, 0.3549573707370737], "gamma": 0.3, "swap_ratio": 0.01}
{"acc": [0.5680646199288785, 0.0], "network_size": 8078, "b_mse": [0.3549573707370737, 0.3549573707370737], "runtime": 319.5707070827484, "alpha_mse": [4.259488448844884, 0.0], "prob_mse": [0.3550500275027502, 0.0], "adv_type": "random_pgd", "dataset": "facebook", "sample_size": 1, "test_ratio": 0.3, "T": 10, "realization": 0, "beta_mse": [4.259488448844885, 0.0], "attack_edge": 10000, "u_mse": [0.0, 0.0], "d_mse": [0.3549573707370737, 0.3549573707370737], "gamma": 0.4, "swap_ratio": 0.01}
{"acc": [0.5680646199288785, 0.0], "network_size": 8078, "b_mse": [0.3549573707370737, 0.3549573707370737], "runtime": 318.3370921611786, "alpha_mse": [4.259488448844884, 0.0], "prob_mse": [0.3550500275027502, 0.0], "adv_type": "random_pgd", "dataset": "facebook", "sample_size": 1, "test_ratio": 0.3, "T": 10, "realization": 0, "beta_mse": [4.259488448844885, 0.0], "attack_edge": 10000, "u_mse": [0.0, 0.0], "d_mse": [0.3549573707370737, 0.3549573707370737], "gamma": 0.5, "swap_ratio": 0.01}
{"acc": [0.9009677978267865, 0.0], "network_size": 8078, "b_mse": [0.08611798679867988, 0.08611798679867988], "runtime": 111.14178490638733, "alpha_mse": [1.033415841584159, 0.0], "prob_mse": [0.08620288778877885, 0.0], "adv_type": "random_pgd", "dataset": "facebook", "sample_size": 1, "test_ratio": 0.1, "T": 10, "realization": 0, "beta_mse": [1.0334158415841592, 0.0], "attack_edge": 10000, "u_mse": [0.0, 0.0], "d_mse": [0.08611798679867988, 0.08611798679867988], "gamma": 0.0, "swap_ratio": 0.01}
{"acc": [0.576718398059454, 0.0], "network_size": 8078, "b_mse": [0.3549917491749175, 0.3549917491749175], "runtime": 225.77134585380554, "alpha_mse": [4.259900990099011, 0.0], "prob_mse": [0.35508457095709567, 0.0], "adv_type": "random_pgd", "dataset": "facebook", "sample_size": 1, "test_ratio": 0.1, "T": 10, "realization": 0, "beta_mse": [4.25990099009901, 0.0], "attack_edge": 10000, "u_mse": [0.0, 0.0], "d_mse": [0.3549917491749175, 0.3549917491749175], "gamma": 0.01, "swap_ratio": 0.01}
{"acc": [0.576718398059454, 0.0], "network_size": 8078, "b_mse": [0.3549917491749175, 0.3549917491749175], "runtime": 224.12935590744019, "alpha_mse": [4.259900990099011, 0.0], "prob_mse": [0.35508457095709567, 0.0], "adv_type": "random_pgd", "dataset": "facebook", "sample_size": 1, "test_ratio": 0.1, "T": 10, "realization": 0, "beta_mse": [4.25990099009901, 0.0], "attack_edge": 10000, "u_mse": [0.0, 0.0], "d_mse": [0.3549917491749175, 0.3549917491749175], "gamma": 0.03, "swap_ratio": 0.01}
{"acc": [0.576718398059454, 0.0], "network_size": 8078, "b_mse": [0.3549917491749175, 0.3549917491749175], "runtime": 226.369215965271, "alpha_mse": [4.259900990099011, 0.0], "prob_mse": [0.35508457095709567, 0.0], "adv_type": "random_pgd", "dataset": "facebook", "sample_size": 1, "test_ratio": 0.1, "T": 10, "realization": 0, "beta_mse": [4.25990099009901, 0.0], "attack_edge": 10000, "u_mse": [0.0, 0.0], "d_mse": [0.3549917491749175, 0.3549917491749175], "gamma": 0.05, "swap_ratio": 0.01}
{"acc": [0.576718398059454, 0.0], "network_size": 8078, "b_mse": [0.3549917491749175, 0.3549917491749175], "runtime": 223.7339060306549, "alpha_mse": [4.259900990099011, 0.0], "prob_mse": [0.35508457095709567, 0.0], "adv_type": "random_pgd", "dataset": "facebook", "sample_size": 1, "test_ratio": 0.1, "T": 10, "realization": 0, "beta_mse": [4.25990099009901, 0.0], "attack_edge": 10000, "u_mse": [0.0, 0.0], "d_mse": [0.3549917491749175, 0.3549917491749175], "gamma": 0.07, "swap_ratio": 0.01}
{"acc": [0.576718398059454, 0.0], "network_size": 8078, "b_mse": [0.3549917491749175, 0.3549917491749175], "runtime": 223.35791087150574, "alpha_mse": [4.259900990099011, 0.0], "prob_mse": [0.35508457095709567, 0.0], "adv_type": "random_pgd", "dataset": "facebook", "sample_size": 1, "test_ratio": 0.1, "T": 10, "realization": 0, "beta_mse": [4.25990099009901, 0.0], "attack_edge": 10000, "u_mse": [0.0, 0.0], "d_mse": [0.3549917491749175, 0.3549917491749175], "gamma": 0.09, "swap_ratio": 0.01}
{"acc": [0.576718398059454, 0.0], "network_size": 8078,