{"acc": [0.8289634692220108, 0.0], "network_size": 67392, "b_mse": [0.14203927193589871, 0.14203927193589871], "runtime": 247.03145599365234, "alpha_mse": [1.7044712632307848, 0.0], "prob_mse": [0.14212602631318622, 0.0], "adv_type": "random_noise", "dataset": "enron", "sample_size": 1, "test_ratio": 0.3, "T": 10, "realization": 0, "beta_mse": [1.7044712632307848, 0.0], "attack_edge": 10000, "u_mse": [0.0, 0.0], "d_mse": [0.14203927193589871, 0.14203927193589871], "gamma": 0.0, "swap_ratio": 0.01}
{"acc": [0.8289634692220108, 0.0], "network_size": 67392, "b_mse": [0.14203927193589871, 0.14203927193589871], "runtime": 241.90659284591675, "alpha_mse": [1.7044712632307848, 0.0], "prob_mse": [0.14212602631318622, 0.0], "adv_type": "random_noise", "dataset": "enron", "sample_size": 1, "test_ratio": 0.3, "T": 10, "realization": 1, "beta_mse": [1.7044712632307848, 0.0], "attack_edge": 10000, "u_mse": [0.0, 0.0], "d_mse": [0.14203927193589871, 0.14203927193589871], "gamma": 0.0, "swap_ratio": 0.01}
{"acc": [0.8289634692220108, 0.0], "network_size": 67392, "b_mse": [0.14203927193589871, 0.14203927193589871], "runtime": 235.2806580066681, "alpha_mse": [1.7044712632307848, 0.0], "prob_mse": [0.14212602631318622, 0.0], "adv_type": "random_noise", "dataset": "enron", "sample_size": 1, "test_ratio": 0.3, "T": 10, "realization": 2, "beta_mse": [1.7044712632307848, 0.0], "attack_edge": 10000, "u_mse": [0.0, 0.0], "d_mse": [0.14203927193589871, 0.14203927193589871], "gamma": 0.0, "swap_ratio": 0.01}
{"acc": [0.8289634692220108, 0.0], "network_size": 67392, "b_mse": [0.14203927193589871, 0.14203927193589871], "runtime": 245.68206000328064, "alpha_mse": [1.7044712632307848, 0.0], "prob_mse": [0.14212602631318622, 0.0], "adv_type": "random_noise", "dataset": "enron", "sample_size": 1, "test_ratio": 0.3, "T": 10, "realization": 3, "beta_mse": [1.7044712632307848, 0.0], "attack_edge": 10000, "u_mse": [0.0, 0.0], "d_mse": [0.14203927193589871, 0.14203927193589871], "gamma": 0.0, "swap_ratio": 0.01}
{"acc": [0.8289634692220108, 0.0], "network_size": 67392, "b_mse": [0.14203927193589871, 0.14203927193589871], "runtime": 239.5463888645172, "alpha_mse": [1.7044712632307848, 0.0], "prob_mse": [0.14212602631318622, 0.0], "adv_type": "random_noise", "dataset": "enron", "sample_size": 1, "test_ratio": 0.3, "T": 10, "realization": 4, "beta_mse": [1.7044712632307848, 0.0], "attack_edge": 10000, "u_mse": [0.0, 0.0], "d_mse": [0.14203927193589871, 0.14203927193589871], "gamma": 0.0, "swap_ratio": 0.01}
{"acc": [0.8009191800186171, 0.0], "network_size": 67392, "b_mse": [0.16544250997461007, 0.16544250997461007], "runtime": 264.0864109992981, "alpha_mse": [1.9853101196953213, 0.0], "prob_mse": [0.16552973917631147, 0.0], "adv_type": "random_noise", "dataset": "enron", "sample_size": 1, "test_ratio": 0.3, "T": 10, "realization": 0, "beta_mse": [1.9853101196953213, 0.0], "attack_edge": 10000, "u_mse": [0.0, 0.0], "d_mse": [0.16544250997461007, 0.16544250997461007], "gamma": 0.01, "swap_ratio": 0.01}
{"acc": [0.8009191800186171, 0.0], "network_size": 67392, "b_mse": [0.16544250997461007, 0.16544250997461007], "runtime": 263.6128418445587, "alpha_mse": [1.9853101196953213, 0.0], "prob_mse": [0.16552973917631147, 0.0], "adv_type": "random_noise", "dataset": "enron", "sample_size": 1, "test_ratio": 0.3, "T": 10, "realization": 1, "beta_mse": [1.9853101196953213, 0.0], "attack_edge": 10000, "u_mse": [0.0, 0.0], "d_mse": [0.16544250997461007, 0.16544250997461007], "gamma": 0.01, "swap_ratio": 0.01}
{"acc": [0.8009191800186171, 0.0], "network_size": 67392, "b_mse": [0.16544250997461007, 0.16544250997461007], "runtime": 269.79620695114136, "alpha_mse": [1.9853101196953213, 0.0], "prob_mse": [0.16552973917631147, 0.0], "adv_type": "random_noise", "dataset": "enron", "sample_size": 1, "test_ratio": 0.3, "T": 10, "realization": 2, "beta_mse": [1.9853101196953213, 0.0], "attack_edge": 10000, "u_mse": [0.0, 0.0], "d_mse": [0.16544250997461007, 0.16544250997461007], "gamma": 0.01, "swap_ratio": 0.01}
{"acc": [0.8009191800186171, 0.0], "network_size": 67392, "b_mse": [0.16544250997461007, 0.16544250997461007], "runtime": 274.9806799888611, "alpha_mse": [1.9853101196953213, 0.0], "prob_mse": [0.16552973917631147, 0.0], "adv_type": "random_noise", "dataset": "enron", "sample_size": 1, "test_ratio": 0.3, "T": 10, "realization": 3, "beta_mse": [1.9853101196953213, 0.0], "attack_edge": 10000, "u_mse": [0.0, 0.0], "d_mse": [0.16544250997461007, 0.16544250997461007], "gamma": 0.01, "swap_ratio": 0.01}
{"acc": [0.8009191800186171, 0.0], "network_size": 67392, "b_mse": [0.16544250997461007, 0.16544250997461007], "runtime": 266.2290630340576, "alpha_mse": [1.9853101196953213, 0.0], "prob_mse": [0.16552973917631147, 0.0], "adv_type": "random_noise", "dataset": "enron", "sample_size": 1, "test_ratio": 0.3, "T": 10, "realization": 4, "beta_mse": [1.9853101196953213, 0.0], "attack_edge": 10000, "u_mse": [0.0, 0.0], "d_mse": [0.16544250997461007, 0.16544250997461007], "gamma": 0.01, "swap_ratio": 0.01}
{"acc": [0.801166484156213, 0.0], "network_size": 67392, "b_mse": [0.1652240577703037, 0.1652240577703037], "runtime": 274.3743829727173, "alpha_mse": [1.9826886932436447, 0.0], "prob_mse": [0.1653112770798298, 0.0], "adv_type": "random_noise", "dataset": "enron", "sample_size": 1, "test_ratio": 0.3, "T": 10, "realization": 0, "beta_mse": [1.9826886932436447, 0.0], "attack_edge": 10000, "u_mse": [0.0, 0.0], "d_mse": [0.1652240577703037, 0.1652240577703037], "gamma": 0.03, "swap_ratio": 0.01}
{"acc": [0.801166484156213, 0.0], "network_size": 67392, "b_mse": [0.1652240577703037, 0.1652240577703037], "runtime": 275.37865710258484, "alpha_mse": [1.9826886932436447, 0.0], "prob_mse": [0.1653112770798298, 0.0], "adv_type": "random_noise", "dataset": "enron", "sample_size": 1, "test_ratio": 0.3, "T": 10, "realization": 1, "beta_mse": [1.9826886932436447, 0.0], "attack_edge": 10000, "u_mse": [0.0, 0.0], "d_mse": [0.1652240577703037, 0.1652240577703037], "gamma": 0.03, "swap_ratio": 0.01}
{"acc": [0.801166484156213, 0.0], "network_size": 67392, "b_mse": [0.1652240577703037, 0.1652240577703037], "runtime": 271.7497990131378, "alpha_mse": [1.9826886932436447, 0.0], "prob_mse": [0.1653112770798298, 0.0], "adv_type": "random_noise", "dataset": "enron", "sample_size": 1, "test_ratio": 0.3, "T": 10, "realization": 2, "beta_mse": [1.9826886932436447, 0.0], "attack_edge": 10000, "u_mse": [0.0, 0.0], "d_mse": [0.1652240577703037, 0.1652240577703037], "gamma": 0.03, "swap_ratio": 0.01}
{"acc": [0.801166484156213, 0.0], "network_size": 67392, "b_mse": [0.1652240577703037, 0.1652240577703037], "runtime": 272.411208152771, "alpha_mse": [1.9826886932436447, 0.0], "prob_mse": [0.1653112770798298, 0.0], "adv_type": "random_noise", "dataset": "enron", "sample_size": 1, "test_ratio": 0.3, "T": 10, "realization": 3, "beta_mse": [1.9826886932436447, 0.0], "attack_edge": 10000, "u_mse": [0.0, 0.0], "d_mse": [0.1652240577703037, 0.1652240577703037], "gamma": 0.03, "swap_ratio": 0.01}
{"acc": [0.801166484156213, 0.0], "network_size": 67392, "b_mse": [0.1652240577703037, 0.1652240577703037], "runtime": 263.21475481987, "alpha_mse": [1.9826886932436447, 0.0], "prob_mse": [0.1653112770798298, 0.0], "adv_type": "random_noise", "dataset": "enron", "sample_size": 1, "test_ratio": 0.3, "T": 10, "realization": 4, "beta_mse": [1.9826886932436447, 0.0], "attack_edge": 10000, "u_mse": [0.0, 0.0], "d_mse": [0.1652240577703037, 0.1652240577703037], "gamma": 0.03, "swap_ratio": 0.01}
