{"acc": [0.9022202787105718, 0.0], "network_size": 8078, "b_mse": [0.08130500550055007, 0.08130500550055007], "runtime": 151.0866310596466, "alpha_mse": [0.9756600660066014, 0.0], "prob_mse": [0.08139320682068206, 0.0], "adv_type": "random_noise", "dataset": "facebook", "sample_size": 1, "test_ratio": 0.3, "T": 10, "realization": 0, "beta_mse": [0.9756600660066014, 0.0], "attack_edge": 10000, "u_mse": [0.0, 0.0], "d_mse": [0.08130500550055006, 0.08130500550055006], "gamma": 0.0, "swap_ratio": 0.01}
{"acc": [0.3976864877352497, 0.0], "network_size": 8078, "b_mse": [0.5029565456545654, 0.5029565456545654], "runtime": 405.2456359863281, "alpha_mse": [6.035478547854786, 0.0], "prob_mse": [0.5029821232123212, 0.0], "adv_type": "random_noise", "dataset": "facebook", "sample_size": 1, "test_ratio": 0.3, "T": 10, "realization": 0, "beta_mse": [6.035478547854786, 0.0], "attack_edge": 10000, "u_mse": [0.0, 0.0], "d_mse": [0.5029565456545654, 0.5029565456545654], "gamma": 0.01, "swap_ratio": 0.01}
{"acc": [0.8747055275028285, 0.0], "network_size": 164336, "b_mse": [0.1048529411764706, 0.1048529411764706], "runtime": 1841.3894391059875, "alpha_mse": [1.2582352941176476, 0.0], "prob_mse": [0.10494335902636914, 0.0], "adv_type": "random_noise", "dataset": "slashdot", "sample_size": 1, "test_ratio": 0.3, "T": 10, "realization": 0, "beta_mse": [1.2582352941176476, 0.0], "attack_edge": 10000, "u_mse": [0.0, 0.0], "d_mse": [0.1048529411764706, 0.1048529411764706], "gamma": 0.0, "swap_ratio": 0.01}
{"acc": [0.366746148959167, 0.0], "network_size": 8078, "b_mse": [0.5286028602860287, 0.5286028602860287], "runtime": 433.57940006256104, "alpha_mse": [6.343234323432344, 0.0], "prob_mse": [0.528621507150715, 0.0], "adv_type": "random_noise", "dataset": "facebook", "sample_size": 1, "test_ratio": 0.3, "T": 10, "realization": 0, "beta_mse": [6.343234323432343, 0.0], "attack_edge": 10000, "u_mse": [0.0, 0.0], "d_mse": [0.5286028602860287, 0.5286028602860287], "gamma": 0.03, "swap_ratio": 0.01}
{"acc": [0.3683963003605581, 0.0], "network_size": 8078, "b_mse": [0.5271245874587459, 0.5271245874587459], "runtime": 422.90250992774963, "alpha_mse": [6.325495049504951, 0.0], "prob_mse": [0.5271431518151815, 0.0], "adv_type": "random_noise", "dataset": "facebook", "sample_size": 1, "test_ratio": 0.3, "T": 10, "realization": 0, "beta_mse": [6.3254950495049505, 0.0], "attack_edge": 10000, "u_mse": [0.0, 0.0], "d_mse": [0.5271245874587459, 0.5271245874587459], "gamma": 0.05, "swap_ratio": 0.01}
{"acc": [0.37004645176194917, 0.0], "network_size": 8078, "b_mse": [0.526299504950495, 0.526299504950495], "runtime": 379.7609910964966, "alpha_mse": [6.315594059405941, 0.0], "prob_mse": [0.5263179867986797, 0.0], "adv_type": "random_noise", "dataset": "facebook", "sample_size": 1, "test_ratio": 0.3, "T": 10, "realization": 0, "beta_mse": [6.3155940594059405, 0.0], "attack_edge": 10000, "u_mse": [0.0, 0.0], "d_mse": [0.526299504950495, 0.526299504950495], "gamma": 0.07, "swap_ratio": 0.01}
{"acc": [0.39727394988490194, 0.0], "network_size": 8078, "b_mse": [0.5036784928492849, 0.5036784928492849], "runtime": 312.97067499160767, "alpha_mse": [6.04414191419142, 0.0], "prob_mse": [0.5037011826182618, 0.0], "adv_type": "random_noise", "dataset": "facebook", "sample_size": 1, "test_ratio": 0.3, "T": 10, "realization": 0, "beta_mse": [6.044141914191419, 0.0], "attack_edge": 10000, "u_mse": [0.0, 0.0], "d_mse": [0.5036784928492849, 0.5036784928492849], "gamma": 0.09, "swap_ratio": 0.01}
{"acc": [0.39851156343594524, 0.0], "network_size": 8078, "b_mse": [0.50254400440044, 0.50254400440044], "runtime": 306.6114468574524, "alpha_mse": [6.030528052805281, 0.0], "prob_mse": [0.5025665291529152, 0.0], "adv_type": "random_noise", "dataset": "facebook", "sample_size": 1, "test_ratio": 0.3, "T": 10, "realization": 0, "beta_mse": [6.0305280528052805, 0.0], "attack_edge": 10000, "u_mse": [0.0, 0.0], "d_mse": [0.50254400440044, 0.50254400440044], "gamma": 0.11, "swap_ratio": 0.01}
{"acc": [0.3993366391366408, 0.0], "network_size": 8078, "b_mse": [0.501753300330033, 0.501753300330033], "runtime": 311.41551184654236, "alpha_mse": [6.021039603960396, 0.0], "prob_mse": [0.5017759900990099, 0.0], "adv_type": "random_noise", "dataset": "facebook", "sample_size": 1, "test_ratio": 0.3, "T": 10, "realization": 0, "beta_mse": [6.021039603960396, 0.0], "attack_edge": 10000, "u_mse": [0.0, 0.0], "d_mse": [0.501753300330033, 0.501753300330033], "gamma": 0.13, "swap_ratio": 0.01}
{"acc": [0.5362878148933813, 0.0], "network_size": 164336, "b_mse": [0.3883654496281271, 0.3883654496281271], "runtime": 2081.798561811447, "alpha_mse": [4.660385395537525, 0.0], "prob_mse": [0.3883870561189993, 0.0], "adv_type": "random_noise", "dataset": "slashdot", "sample_size": 1, "test_ratio": 0.3, "T": 10, "realization": 0, "beta_mse": [4.660385395537525, 0.0], "attack_edge": 10000, "u_mse": [0.0, 0.0], "d_mse": [0.3883654496281271, 0.3883654496281271], "gamma": 0.01, "swap_ratio": 0.01}
{"acc": [0.3952112606331631, 0.0], "network_size": 8078, "b_mse": [0.5043660616061607, 0.5043660616061607], "runtime": 310.2109169960022, "alpha_mse": [6.0523927392739285, 0.0], "prob_mse": [0.5043878437843784, 0.0], "adv_type": "random_noise", "dataset": "facebook", "sample_size": 1, "test_ratio": 0.3, "T": 10, "realization": 0, "beta_mse": [6.052392739273928, 0.0], "attack_edge": 10000, "u_mse": [0.0, 0.0], "d_mse": [0.5043660616061607, 0.5043660616061607], "gamma": 0.15, "swap_ratio": 0.01}
{"acc": [0.3997491769869886, 0.0], "network_size": 8078, "b_mse": [0.5004125412541254, 0.5004125412541254], "runtime": 309.58181595802307, "alpha_mse": [6.004950495049505, 0.0], "prob_mse": [0.500435808580858, 0.0], "adv_type": "random_noise", "dataset": "facebook", "sample_size": 1, "test_ratio": 0.3, "T": 10, "realization": 0, "beta_mse": [6.0049504950495045, 0.0], "attack_edge": 10000, "u_mse": [0.0, 0.0], "d_mse": [0.5004125412541254, 0.5004125412541254], "gamma": 0.2, "swap_ratio": 0.01}
{"acc": [0.4071748582932484, 0.0], "network_size": 8078, "b_mse": [0.49336496149614967, 0.49336496149614967], "runtime": 308.7888000011444, "alpha_mse": [5.920379537953796, 0.0], "prob_mse": [0.4933887238723872, 0.0], "adv_type": "random_noise", "dataset": "facebook", "sample_size": 1, "test_ratio": 0.3, "T": 10, "realization": 0, "beta_mse": [5.920379537953796, 0.0], "attack_edge": 10000, "u_mse": [0.0, 0.0], "d_mse": [0.49336496149614967, 0.49336496149614967], "gamma": 0.25, "swap_ratio": 0.01}
{"acc": [0.5397158053891256, 0.0], "network_size": 164336, "b_mse": [0.3850321162947938, 0.3850321162947938], "runtime": 2096.667641878128, "alpha_mse": [4.620385395537525, 0.0], "prob_mse": [0.38505543881000664, 0.0], "adv_type": "random_noise", "dataset": "slashdot", "sample_size": 1, "test_ratio": 0.3, "T": 10, "realization": 0, "beta_mse": [4.620385395537525, 0.0], "attack_edge": 10000, "u_mse": [0.0, 0.0], "d_mse": [0.3850321162947938, 0.3850321162947938], "gamma": 0.03, "swap_ratio": 0.01}
{"acc": [0.8738739006094562, 0.0], "network_size": 67392, "b_mse": [0.1041233883997758, 0.1041233883997758], "runtime": 550.5110421180725, "alpha_mse": [1.2494806607973101, 0.0], "prob_mse": [0.10421319945922772, 0.0], "adv_type": "random_noise", "dataset": "enron", "sample_size": 1, "test_ratio": 0.3, "T": 10, "realization": 0, "beta_mse": [1.2494806607973101, 0.0], "attack_edge": 10000, "u_mse": [0.0, 0.0], "d_mse": [0.1041233883997758, 0.1041233883997758], "gamma": 0.0, "swap_ratio": 0.01}
{"acc": [0.5423874345756904, 0.0], "network_size": 67392, "b_mse": [0.38260873149338875, 0.38260873149338875], "runtime": 959.8773608207703, "alpha_mse": [4.591304777920665, 0.0], "prob_mse": [0.3826249447686879, 0.0], "adv_type": "random_noise", "dataset": "enron", "sample_size": 1, "test_ratio": 0.3, "T": 10, "realization": 0, "beta_mse": [4.591304777920665, 0.0], "attack_edge": 10000, "u_mse": [0.0, 0.0], "d_mse": [0.3826087314933887, 0.3826087314933887], "gamma": 0.01,