{"acc": [0.999000999000999, 0.0], "network_size": 8078, "perturbation": 0.0, "runtime": 79.78410601615906, "alpha_mse": [1.1546319456101628e-15, 0.0], "prob_mse": [9.999999999998899e-05, 0.0], "adv_type": "structure", "dataset": "facebook", "sample_size": 1, "test_ratio": 0.3, "b_mse": [0.0, 0.0], "T": 10, "realization": 0, "beta_mse": [6.217248937900876e-16, 0.0], "attack_edge": 10000, "u_mse": [0.0, 0.0], "d_mse": [0.0, 0.0], "swap_ratio": 0.01}
{"acc": [0.999000999000999, 0.0], "network_size": 8078, "perturbation": 5, "runtime": 79.70737600326538, "alpha_mse": [1.1546319456101628e-15, 0.0], "prob_mse": [9.999999999998899e-05, 0.0], "adv_type": "structure", "dataset": "facebook", "sample_size": 1, "test_ratio": 0.3, "b_mse": [0.0, 0.0], "T": 10, "realization": 0, "beta_mse": [6.217248937900876e-16, 0.0], "attack_edge": 10000, "u_mse": [0.0, 0.0], "d_mse": [0.0, 0.0], "swap_ratio": 0.01}
{"acc": [0.999000999000999, 0.0], "network_size": 8078, "perturbation": 10, "runtime": 79.85567903518677, "alpha_mse": [0.050000000000001155, 0.0], "prob_mse": [0.004266666666666652, 0.0], "adv_type": "structure", "dataset": "facebook", "sample_size": 1, "test_ratio": 0.3, "b_mse": [0.004166666666666668, 0.004166666666666668], "T": 10, "realization": 0, "beta_mse": [0.05000000000000062, 0.0], "attack_edge": 10000, "u_mse": [0.0, 0.0], "d_mse": [0.004166666666666667, 0.004166666666666667], "swap_ratio": 0.01}
{"acc": [0.999000999000999, 0.0], "network_size": 8078, "perturbation": 20, "runtime": 82.5331039428711, "alpha_mse": [0.25000000000000117, 0.0], "prob_mse": [0.020933333333333304, 0.0], "adv_type": "structure", "dataset": "facebook", "sample_size": 1, "test_ratio": 0.3, "b_mse": [0.020833333333333343, 0.020833333333333343], "T": 10, "realization": 0, "beta_mse": [0.2500000000000006, 0.0], "attack_edge": 10000, "u_mse": [0.0, 0.0], "d_mse": [0.020833333333333332, 0.020833333333333332], "swap_ratio": 0.01}
{"acc": [0.9490509490509491, 0.0], "network_size": 8078, "perturbation": 30, "runtime": 81.2760398387909, "alpha_mse": [1.700000000000001, 0.0], "prob_mse": [0.14176666666666665, 0.0], "adv_type": "structure", "dataset": "facebook", "sample_size": 1, "test_ratio": 0.3, "b_mse": [0.14166666666666666, 0.14166666666666666], "T": 10, "realization": 0, "beta_mse": [1.7000000000000004, 0.0], "attack_edge": 10000, "u_mse": [0.0, 0.0], "d_mse": [0.14166666666666666, 0.14166666666666666], "swap_ratio": 0.01}
{"acc": [0.7492507492507493, 0.0], "network_size": 8078, "perturbation": 40, "runtime": 86.9205391407013, "alpha_mse": [1.950000000000001, 0.0], "prob_mse": [0.1626, 0.0], "adv_type": "structure", "dataset": "facebook", "sample_size": 1, "test_ratio": 0.3, "b_mse": [0.16250000000000003, 0.16250000000000003], "T": 10, "realization": 0, "beta_mse": [1.9500000000000006, 0.0], "attack_edge": 10000, "u_mse": [0.0, 0.0], "d_mse": [0.16250000000000003, 0.16250000000000003], "swap_ratio": 0.01}
{"acc": [0.7492507492507493, 0.0], "network_size": 8078, "perturbation": 50, "runtime": 94.97796607017517, "alpha_mse": [1.700000000000001, 0.0], "prob_mse": [0.14176666666666665, 0.0], "adv_type": "structure", "dataset": "facebook", "sample_size": 1, "test_ratio": 0.3, "b_mse": [0.14166666666666666, 0.14166666666666666], "T": 10, "realization": 0, "beta_mse": [1.7000000000000004, 0.0], "attack_edge": 10000, "u_mse": [0.0, 0.0], "d_mse": [0.14166666666666666, 0.14166666666666666], "swap_ratio": 0.01}
{"acc": [0.7492507492507493, 0.0], "network_size": 8078, "perturbation": 60, "runtime": 94.20329022407532, "alpha_mse": [1.900000000000001, 0.0], "prob_mse": [0.1584333333333333, 0.0], "adv_type": "structure", "dataset": "facebook", "sample_size": 1, "test_ratio": 0.3, "b_mse": [0.15833333333333335, 0.15833333333333335], "T": 10, "realization": 0, "beta_mse": [1.9000000000000004, 0.0], "attack_edge": 10000, "u_mse": [0.0, 0.0], "d_mse": [0.15833333333333335, 0.15833333333333335], "swap_ratio": 0.01}
{"acc": [0.7992007992007992, 0.0], "network_size": 8078, "perturbation": 70, "runtime": 89.38952207565308, "alpha_mse": [1.900000000000001, 0.0], "prob_mse": [0.1584333333333333, 0.0], "adv_type": "structure", "dataset": "facebook", "sample_size": 1, "test_ratio": 0.3, "b_mse": [0.15833333333333335, 0.15833333333333335], "T": 10, "realization": 0, "beta_mse": [1.9000000000000008, 0.0], "attack_edge": 10000, "u_mse": [0.0, 0.0], "d_mse": [0.15833333333333335, 0.15833333333333335], "swap_ratio": 0.01}
{"acc": [0.7992007992007992, 0.0], "network_size": 8078, "perturbation": 80, "runtime": 93.05516314506531, "alpha_mse": [2.000000000000001, 0.0], "prob_mse": [0.16676666666666665, 0.0], "adv_type": "structure", "dataset": "facebook", "sample_size": 1, "test_ratio": 0.3, "b_mse": [0.16666666666666669, 0.16666666666666669], "T": 10, "realization": 0, "beta_mse": [2.000000000000001, 0.0], "attack_edge": 10000, "u_mse": [0.0, 0.0], "d_mse": [0.16666666666666669, 0.16666666666666669], "swap_ratio": 0.01}
{"acc": [0.7992007992007992, 0.0], "network_size": 8078, "perturbation": 90, "runtime": 99.19214916229248, "alpha_mse": [2.000000000000001, 0.0], "prob_mse": [0.16676666666666665, 0.0], "adv_type": "structure", "dataset": "facebook", "sample_size": 1, "test_ratio": 0.3, "b_mse": [0.16666666666666669, 0.16666666666666669], "T": 10, "realization": 0, "beta_mse": [2.000000000000001, 0.0], "attack_edge": 10000, "u_mse": [0.0, 0.0], "d_mse": [0.16666666666666669, 0.16666666666666669], "swap_ratio": 0.01}
{"acc": [0.7992007992007992, 0.0], "network_size": 8078, "perturbation": 100, "runtime": 89.43367505073547, "alpha_mse": [2.000000000000001, 0.0], "prob_mse": [0.16676666666666665, 0.0], "adv_type": "structure", "dataset": "facebook", "sample_size": 1, "test_ratio": 0.3, "b_mse": [0.16666666666666669, 0.16666666666666669], "T": 10, "realization": 0, "beta_mse": [2.000000000000001, 0.0], "attack_edge": 10000, "u_mse": [0.0, 0.0], "d_mse": [0.16666666666666669, 0.16666666666666669], "swap_ratio": 0.01}
