{"acc": [0.8569582975978854, 0.0], "network_size": 67392, "b_mse": [0.11942328618063112, 0.11942328618063112], "runtime": 736.9028418064117, "alpha_mse": [1.4330794341675739, 0.0], "prob_mse": [0.11951171233554254, 0.0], "adv_type": "random_pgd_gcn_vae", "dataset": "enron", "sample_size": 1, "test_ratio": 0.3, "T": 10, "realization": 0, "beta_mse": [1.4330794341675739, 0.0], "attack_edge": 10000, "u_mse": [0.0, 0.0], "d_mse": [0.11942328618063112, 0.11942328618063112], "gamma": 0.0, "swap_ratio": 0.01}
{"acc": [0.8569582975978854, 0.0], "network_size": 67392, "b_mse": [0.11942328618063112, 0.11942328618063112], "runtime": 1170.757336139679, "alpha_mse": [1.4330794341675739, 0.0], "prob_mse": [0.11951171233554254, 0.0], "adv_type": "random_pgd_gcn_vae", "dataset": "enron", "sample_size": 1, "test_ratio": 0.3, "T": 10, "realization": 0, "beta_mse": [1.4330794341675739, 0.0], "attack_edge": 10000, "u_mse": [0.0, 0.0], "d_mse": [0.11942328618063112, 0.11942328618063112], "gamma": 0.01, "swap_ratio": 0.01}
{"acc": [0.8569582975978854, 0.0], "network_size": 67392, "b_mse": [0.11942328618063112, 0.11942328618063112], "runtime": 913.8827629089355, "alpha_mse": [1.4330794341675739, 0.0], "prob_mse": [0.11951171233554254, 0.0], "adv_type": "random_pgd_gcn_vae", "dataset": "enron", "sample_size": 1, "test_ratio": 0.3, "T": 10, "realization": 0, "beta_mse": [1.4330794341675739, 0.0], "attack_edge": 10000, "u_mse": [0.0, 0.0], "d_mse": [0.11942328618063112, 0.11942328618063112], "gamma": 0.03, "swap_ratio": 0.01}
{"acc": [0.8569582975978854, 0.0], "network_size": 67392, "b_mse": [0.11942328618063112, 0.11942328618063112], "runtime": 1008.0364677906036, "alpha_mse": [1.4330794341675739, 0.0], "prob_mse": [0.11951171233554254, 0.0], "adv_type": "random_pgd_gcn_vae", "dataset": "enron", "sample_size": 1, "test_ratio": 0.3, "T": 10, "realization": 0, "beta_mse": [1.4330794341675739, 0.0], "attack_edge": 10000, "u_mse": [0.0, 0.0], "d_mse": [0.11942328618063112, 0.11942328618063112], "gamma": 0.05, "swap_ratio": 0.01}
{"acc": [0.8569582975978854, 0.0], "network_size": 67392, "b_mse": [0.11942328618063112, 0.11942328618063112], "runtime": 750.7859880924225, "alpha_mse": [1.4330794341675739, 0.0], "prob_mse": [0.11951171233554254, 0.0], "adv_type": "random_pgd_gcn_vae", "dataset": "enron", "sample_size": 1, "test_ratio": 0.3, "T": 10, "realization": 0, "beta_mse": [1.4330794341675739, 0.0], "attack_edge": 10000, "u_mse": [0.0, 0.0], "d_mse": [0.11942328618063112, 0.11942328618063112], "gamma": 0.07, "swap_ratio": 0.01}
{"acc": [0.8569582975978854, 0.0], "network_size": 67392, "b_mse": [0.11942328618063112, 0.11942328618063112], "runtime": 1142.3282539844513, "alpha_mse": [1.4330794341675739, 0.0], "prob_mse": [0.11951171233554254, 0.0], "adv_type": "random_pgd_gcn_vae", "dataset": "enron", "sample_size": 1, "test_ratio": 0.3, "T": 10, "realization": 0, "beta_mse": [1.4330794341675739, 0.0], "attack_edge": 10000, "u_mse": [0.0, 0.0], "d_mse": [0.11942328618063112, 0.11942328618063112], "gamma": 0.09, "swap_ratio": 0.01}
{"acc": [0.8569582975978854, 0.0], "network_size": 67392, "b_mse": [0.11942328618063112, 0.11942328618063112], "runtime": 964.3533639907837, "alpha_mse": [1.4330794341675739, 0.0], "prob_mse": [0.11951171233554254, 0.0], "adv_type": "random_pgd_gcn_vae", "dataset": "enron", "sample_size": 1, "test_ratio": 0.3, "T": 10, "realization": 0, "beta_mse": [1.4330794341675739, 0.0], "attack_edge": 10000, "u_mse": [0.0, 0.0], "d_mse": [0.11942328618063112, 0.11942328618063112], "gamma": 0.2, "swap_ratio": 0.01}
{"acc": [0.8569582975978854, 0.0], "network_size": 67392, "b_mse": [0.11942328618063112, 0.11942328618063112], "runtime": 746.1223659515381, "alpha_mse": [1.4330794341675739, 0.0], "prob_mse": [0.11951171233554254, 0.0], "adv_type": "random_pgd_gcn_vae", "dataset": "enron", "sample_size": 1, "test_ratio": 0.3, "T": 10, "realization": 0, "beta_mse": [1.4330794341675739, 0.0], "attack_edge": 10000, "u_mse": [0.0, 0.0], "d_mse": [0.11942328618063112, 0.11942328618063112], "gamma": 0.3, "swap_ratio": 0.01}
{"acc": [0.8569582975978854, 0.0], "network_size": 67392, "b_mse": [0.11942328618063112, 0.11942328618063112], "runtime": 1265.9040689468384, "alpha_mse": [1.4330794341675739, 0.0], "prob_mse": [0.11951171233554254, 0.0], "adv_type": "random_pgd_gcn_vae", "dataset": "enron", "sample_size": 1, "test_ratio": 0.3, "T": 10, "realization": 0, "beta_mse": [1.4330794341675739, 0.0], "attack_edge": 10000, "u_mse": [0.0, 0.0], "d_mse": [0.11942328618063112, 0.11942328618063112], "gamma": 0.4, "swap_ratio": 0.01}
{"acc": [0.8569582975978854, 0.0], "network_size": 67392, "b_mse": [0.11942328618063112, 0.11942328618063112], "runtime": 958.8860938549042, "alpha_mse": [1.4330794341675739, 0.0], "prob_mse": [0.11951171233554254, 0.0], "adv_type": "random_pgd_gcn_vae", "dataset": "enron", "sample_size": 1, "test_ratio": 0.3, "T": 10, "realization": 0, "beta_mse": [1.4330794341675739, 0.0], "attack_edge": 10000, "u_mse": [0.0, 0.0], "d_mse": [0.11942328618063112, 0.11942328618063112], "gamma": 0.5, "swap_ratio": 0.01}
