{"acc": [0.9084083464657883, 0.0], "network_size": 8078, "b_mse": [0.0770420792079208, 0.0770420792079208], "runtime": 127.81505298614502, "alpha_mse": [0.9245049504950502, 0.0], "prob_mse": [0.07713019801980196, 0.0], "adv_type": "random_noise", "dataset": "facebook", "sample_size": 1, "test_ratio": 0.3, "T": 10, "realization": 0, "beta_mse": [0.9245049504950502, 0.0], "attack_edge": 10000, "u_mse": [0.0, 0.0], "d_mse": [0.0770420792079208, 0.0770420792079208], "gamma": 0.0, "swap_ratio": 0.01}
{"acc": [0.6654235526109521, 0.0], "network_size": 8078, "b_mse": [0.2770214521452145, 0.2770214521452145], "runtime": 306.4643249511719, "alpha_mse": [3.3242574257425743, 0.0], "prob_mse": [0.2771144389438944, 0.0], "adv_type": "random_noise", "dataset": "facebook", "sample_size": 1, "test_ratio": 0.3, "T": 10, "realization": 0, "beta_mse": [3.324257425742575, 0.0], "attack_edge": 10000, "u_mse": [0.0, 0.0], "d_mse": [0.2770214521452145, 0.2770214521452145], "gamma": 0.01, "swap_ratio": 0.01}
{"acc": [0.6711990825158208, 0.0], "network_size": 8078, "b_mse": [0.2730335533553355, 0.2730335533553355], "runtime": 286.19629311561584, "alpha_mse": [3.276402640264027, 0.0], "prob_mse": [0.273126705170517, 0.0], "adv_type": "random_noise", "dataset": "facebook", "sample_size": 1, "test_ratio": 0.3, "T": 10, "realization": 0, "beta_mse": [3.276402640264027, 0.0], "attack_edge": 10000, "u_mse": [0.0, 0.0], "d_mse": [0.2730335533553355, 0.2730335533553355], "gamma": 0.03, "swap_ratio": 0.01}
{"acc": [0.8637838917955368, 0.0], "network_size": 67392, "b_mse": [0.11289445048966268, 0.11289445048966268], "runtime": 647.9982380867004, "alpha_mse": [1.3547334058759528, 0.0], "prob_mse": [0.11298339103768915, 0.0], "adv_type": "random_noise", "dataset": "enron", "sample_size": 1, "test_ratio": 0.3, "T": 10, "realization": 0, "beta_mse": [1.3547334058759526, 0.0], "attack_edge": 10000, "u_mse": [0.0, 0.0], "d_mse": [0.11289445048966268, 0.11289445048966268], "gamma": 0.0, "swap_ratio": 0.01}
{"acc": [0.6720241582165164, 0.0], "network_size": 8078, "b_mse": [0.2723459845984598, 0.2723459845984598], "runtime": 297.7853078842163, "alpha_mse": [3.2681518151815188, 0.0], "prob_mse": [0.2724391364136413, 0.0], "adv_type": "random_noise", "dataset": "facebook", "sample_size": 1, "test_ratio": 0.3, "T": 10, "realization": 0, "beta_mse": [3.2681518151815188, 0.0], "attack_edge": 10000, "u_mse": [0.0, 0.0], "d_mse": [0.2723459845984598, 0.2723459845984598], "gamma": 0.05, "swap_ratio": 0.01}
{"acc": [0.6711990825158208, 0.0], "network_size": 8078, "b_mse": [0.27313668866886687, 0.27313668866886687], "runtime": 311.2881841659546, "alpha_mse": [3.2776402640264033, 0.0], "prob_mse": [0.2732299229922992, 0.0], "adv_type": "random_noise", "dataset": "facebook", "sample_size": 1, "test_ratio": 0.3, "T": 10, "realization": 0, "beta_mse": [3.2776402640264033, 0.0], "attack_edge": 10000, "u_mse": [0.0, 0.0], "d_mse": [0.27313668866886687, 0.27313668866886687], "gamma": 0.07, "swap_ratio": 0.01}
{"acc": [0.6786247638220807, 0.0], "network_size": 8078, "b_mse": [0.2648171067106711, 0.2648171067106711], "runtime": 304.6000189781189, "alpha_mse": [3.1778052805280534, 0.0], "prob_mse": [0.26490976347634765, 0.0], "adv_type": "random_noise", "dataset": "facebook", "sample_size": 1, "test_ratio": 0.3, "T": 10, "realization": 0, "beta_mse": [3.1778052805280534, 0.0], "attack_edge": 10000, "u_mse": [0.0, 0.0], "d_mse": [0.2648171067106711, 0.2648171067106711], "gamma": 0.09, "swap_ratio": 0.01}
{"acc": [0.8312386672878946, 0.0], "network_size": 67392, "b_mse": [0.14058841956012796, 0.14058841956012796], "runtime": 797.6984040737152, "alpha_mse": [1.6870610347215356, 0.0], "prob_mse": [0.14067657862630656, 0.0], "adv_type": "random_noise", "dataset": "enron", "sample_size": 1, "test_ratio": 0.3, "T": 10, "realization": 0, "beta_mse": [1.6870610347215356, 0.0], "attack_edge": 10000, "u_mse": [0.0, 0.0], "d_mse": [0.14058841956012796, 0.14058841956012796], "gamma": 0.01, "swap_ratio": 0.01}
{"acc": [0.8267377319836463, 0.0], "network_size": 67392, "b_mse": [0.1438940548026511, 0.1438940548026511], "runtime": 832.1998159885406, "alpha_mse": [1.726728657631814, 0.0], "prob_mse": [0.14398377683252542, 0.0], "adv_type": "random_noise", "dataset": "enron", "sample_size": 1, "test_ratio": 0.3, "T": 10, "realization": 0, "beta_mse": [1.7267286576318135, 0.0], "attack_edge": 10000, "u_mse": [0.0, 0.0], "d_mse": [0.1438940548026511, 0.1438940548026511], "gamma": 0.03, "swap_ratio": 0.01}
{"acc": [0.8318816580456444, 0.0], "network_size": 67392, "b_mse": [0.139961915125136, 0.139961915125136], "runtime": 823.715961933136, "alpha_mse": [1.6795429815016325, 0.0], "prob_mse": [0.14005004451478878, 0.0], "adv_type": "random_noise", "dataset": "enron", "sample_size": 1, "test_ratio": 0.3, "T": 10, "realization": 0, "beta_mse": [1.6795429815016325, 0.0], "attack_edge": 10000, "u_mse": [0.0, 0.0], "d_mse": [0.139961915125136, 0.139961915125136], "gamma": 0.05, "swap_ratio": 0.01}
{"acc": [0.831782736390606, 0.0], "network_size": 67392, "b_mse": [0.14003198470010222, 0.14003198470010222], "runtime": 809.8582811355591, "alpha_mse": [1.680383816401227, 0.0], "prob_mse": [0.14012010419757964, 0.0], "adv_type": "random_noise", "dataset": "enron", "sample_size": 1, "test_ratio": 0.3, "T": 10, "realization": 0, "beta_mse": [1.680383816401227, 0.0], "attack_edge": 10000, "u_mse": [0.0, 0.0], "d_mse": [0.14003198470010222, 0.14003198470010222], "gamma": 0.07, "swap_ratio": 0.01}
{"acc": [0.8333160220437016, 0.0], "network_size": 67392, "b_mse": [0.1384080192567679, 0.1384080192567679], "runtime": 831.3688468933105, "alpha_mse": [1.6608962310812152, 0.0], "prob_mse": [0.1384963959508029, 0.0], "adv_type": "random_noise", "dataset": "enron", "sample_size": 1, "test_ratio": 0.3, "T": 10, "realization": 0, "beta_mse": [1.6608962310812154, 0.0], "attack_edge": 10000, "u_mse": [0.0, 0.0], "d_mse": [0.1384080192567679, 0.1384080192567679], "gamma": 0.09, "swap_ratio": 0.01}
{"acc": [0.8557603019227983, 0.0], "network_size": 164336, "b_mse": [0.11967545638945234, 0.11967545638945234], "runtime": 1990.9918959140778, "alpha_mse": [1.4361054766734285, 0.0], "prob_mse": [0.1197644989858012, 0.0], "adv_type": "random_noise", "dataset": "slashdot", "sample_size": 1, "test_ratio": 0.3, "T": 10, "realization": 0, "beta_mse": [1.4361054766734285, 0.0], "attack_edge": 10000, "u_mse": [0.0, 0.0], "d_mse": [0.11967545638945234, 0.11967545638945234], "gamma": 0.0, "swap_ratio": 0.01}
{"acc": [0.8185392216879425, 0.0], "network_size": 164336, "b_mse": [0.1506423258958756, 0.1506423258958756], "runtime": 2240.5460748672485, "alpha_mse": [1.8077079107505076, 0.0], "prob_mse": [0.150732216362407, 0.0], "adv_type": "random_noise", "dataset": "slashdot", "sample_size": 1, "test_ratio": 0.3, "T": 10, "realization": 0, "beta_mse": [1.8077079107505076, 0.0], "attack_edge": 10000, "u_mse": [0.0, 0.0], "d_mse": [0.1506423258958756, 0.1506423258958756], "gamma": 0.05, "swap_ratio": 0.01}
{"acc": [0.8177278629907249, 0.0], "network_size": 164336, "b_mse": [0.151342123056119, 0.151342123056119], "runtime": 2219.3732221126556, "alpha_mse": [1.8161054766734286, 0.0], "prob_mse": [0.15143202569303582, 0.0], "adv_type": "random_noise", "dataset": "slashdot", "sample_size": 1, "test_ratio": 0.3, "T": 10, "realization": 0, "beta_mse": [1.8161054766734286, 0.0], "attack_edge": 10000, "u_mse": [0.0, 0.0], "d_mse": [0.151342123056119, 0.151342123056119], "gamma": 0.01, "swap_ratio": 0.01}
{"acc": [0.8188029132645381, 0.0], "network_size": 164336, "b_mse": [0.15040398918187967, 0.15040398918187967], "runtime": 2247.963452100754, "alpha_mse": [1.8048478701825563, 0.0], "prob_mse": [0.15049387559161592, 0.0], "adv_type": "random_noise", "dataset": "slashdot", "sample_size": 1, "test_ratio": 0.3, "T": 10, "realization": 0, "beta_mse": [1.8048478701825563, 0.0], "attack_edge": 10000, "u_mse": [0.0, 0.0], "d_mse": [0.15040398918187967, 0.15040398918187967], "gamma": 0.07,