{"acc": [0.9022202787105718, 0.0], "network_size": 8078, "b_mse": [0.08130500550055007, 0.08130500550055007], "runtime": 109.14672493934631, "alpha_mse": [0.9756600660066014, 0.0], "prob_mse": [0.08139320682068206, 0.0], "adv_type": "random_noise", "dataset": "facebook", "sample_size": 1, "test_ratio": 0.3, "T": 10, "realization": 0, "beta_mse": [0.9756600660066014, 0.0], "attack_edge": 10000, "u_mse": [0.0, 0.0], "d_mse": [0.08130500550055006, 0.08130500550055006], "gamma": 0.0, "swap_ratio": 0.01}
{"acc": [0.535061591901057, 0.0], "network_size": 8078, "b_mse": [0.38710121012101206, 0.38710121012101206], "runtime": 293.46400809288025, "alpha_mse": [4.645214521452146, 0.0], "prob_mse": [0.3871611111111111, 0.0], "adv_type": "random_noise", "dataset": "facebook", "sample_size": 1, "test_ratio": 0.3, "T": 10, "realization": 0, "beta_mse": [4.645214521452146, 0.0], "attack_edge": 10000, "u_mse": [0.0, 0.0], "d_mse": [0.38710121012101206, 0.38710121012101206], "gamma": 0.01, "swap_ratio": 0.01}
{"acc": [0.5197976914381894, 0.0], "network_size": 8078, "b_mse": [0.3990992849284929, 0.3990992849284929], "runtime": 294.5665729045868, "alpha_mse": [4.789191419141915, 0.0], "prob_mse": [0.3991559680968096, 0.0], "adv_type": "random_noise", "dataset": "facebook", "sample_size": 1, "test_ratio": 0.3, "T": 10, "realization": 0, "beta_mse": [4.789191419141915, 0.0], "attack_edge": 10000, "u_mse": [0.0, 0.0], "d_mse": [0.3990992849284929, 0.3990992849284929], "gamma": 0.03, "swap_ratio": 0.01}
{"acc": [0.8738739006094562, 0.0], "network_size": 67392, "b_mse": [0.1041233883997758, 0.1041233883997758], "runtime": 446.05157685279846, "alpha_mse": [1.2494806607973101, 0.0], "prob_mse": [0.10421319945922772, 0.0], "adv_type": "random_noise", "dataset": "enron", "sample_size": 1, "test_ratio": 0.3, "T": 10, "realization": 0, "beta_mse": [1.2494806607973101, 0.0], "attack_edge": 10000, "u_mse": [0.0, 0.0], "d_mse": [0.1041233883997758, 0.1041233883997758], "gamma": 0.0, "swap_ratio": 0.01}
{"acc": [0.5210353049892328, 0.0], "network_size": 8078, "b_mse": [0.39775852585258525, 0.39775852585258525], "runtime": 294.25858092308044, "alpha_mse": [4.773102310231024, 0.0], "prob_mse": [0.397815209020902, 0.0], "adv_type": "random_noise", "dataset": "facebook", "sample_size": 1, "test_ratio": 0.3, "T": 10, "realization": 0, "beta_mse": [4.773102310231024, 0.0], "attack_edge": 10000, "u_mse": [0.0, 0.0], "d_mse": [0.39775852585258525, 0.39775852585258525], "gamma": 0.05, "swap_ratio": 0.01}
{"acc": [0.5235105320913194, 0.0], "network_size": 8078, "b_mse": [0.3950082508250825, 0.3950082508250825], "runtime": 295.6161878108978, "alpha_mse": [4.740099009900991, 0.0], "prob_mse": [0.39506493399339926, 0.0], "adv_type": "random_noise", "dataset": "facebook", "sample_size": 1, "test_ratio": 0.3, "T": 10, "realization": 0, "beta_mse": [4.740099009900991, 0.0], "attack_edge": 10000, "u_mse": [0.0, 0.0], "d_mse": [0.3950082508250825, 0.3950082508250825], "gamma": 0.07, "swap_ratio": 0.01}
{"acc": [0.49917079892080096, 0.0], "network_size": 8078, "b_mse": [0.41628850385038507, 0.41628850385038507], "runtime": 290.1273229122162, "alpha_mse": [4.995462046204621, 0.0], "prob_mse": [0.41633677117711765, 0.0], "adv_type": "random_noise", "dataset": "facebook", "sample_size": 1, "test_ratio": 0.3, "T": 10, "realization": 0, "beta_mse": [4.995462046204621, 0.0], "attack_edge": 10000, "u_mse": [0.0, 0.0], "d_mse": [0.416288503850385, 0.416288503850385], "gamma": 0.09, "swap_ratio": 0.01}
{"acc": [0.6983374237437692, 0.0], "network_size": 67392, "b_mse": [0.2519413394005342, 0.2519413394005342], "runtime": 856.7062158584595, "alpha_mse": [3.02329607280641, 0.0], "prob_mse": [0.2519969136413096, 0.0], "adv_type": "random_noise", "dataset": "enron", "sample_size": 1, "test_ratio": 0.3, "T": 10, "realization": 0, "beta_mse": [3.02329607280641, 0.0], "attack_edge": 10000, "u_mse": [0.0, 0.0], "d_mse": [0.2519413394005342, 0.2519413394005342], "gamma": 0.01, "swap_ratio": 0.01}
{"acc": [0.6826088805926595, 0.0], "network_size": 67392, "b_mse": [0.2655719326013124, 0.2655719326013124], "runtime": 902.2296690940857, "alpha_mse": [3.1868631912157483, 0.0], "prob_mse": [0.26562617139842376, 0.0], "adv_type": "random_noise", "dataset": "enron", "sample_size": 1, "test_ratio": 0.3, "T": 10, "realization": 0, "beta_mse": [3.1868631912157483, 0.0], "attack_edge": 10000, "u_mse": [0.0, 0.0], "d_mse": [0.2655719326013124, 0.2655719326013124], "gamma": 0.03, "swap_ratio": 0.01}
{"acc": [0.6988320320189613, 0.0], "network_size": 67392, "b_mse": [0.2514220001978435, 0.2514220001978435], "runtime": 860.9578809738159, "alpha_mse": [3.017064002374122, 0.0], "prob_mse": [0.2514775546542684, 0.0], "adv_type": "random_noise", "dataset": "enron", "sample_size": 1, "test_ratio": 0.3, "T": 10, "realization": 0, "beta_mse": [3.017064002374122, 0.0], "attack_edge": 10000, "u_mse": [0.0, 0.0], "d_mse": [0.2514220001978435, 0.2514220001978435], "gamma": 0.05, "swap_ratio": 0.01}
{"acc": [0.6988320320189613, 0.0], "network_size": 67392, "b_mse": [0.2514961915125136, 0.2514961915125136], "runtime": 926.4568247795105, "alpha_mse": [3.0179542981501633, 0.0], "prob_mse": [0.2515517459689385, 0.0], "adv_type": "random_noise", "dataset": "enron", "sample_size": 1, "test_ratio": 0.3, "T": 10, "realization": 0, "beta_mse": [3.0179542981501633, 0.0], "attack_edge": 10000, "u_mse": [0.0, 0.0], "d_mse": [0.2514961915125136, 0.2514961915125136], "gamma": 0.07, "swap_ratio": 0.01}
{"acc": [0.7079822851100157, 0.0], "network_size": 67392, "b_mse": [0.24421719919543639, 0.24421719919543639], "runtime": 975.0894179344177, "alpha_mse": [2.930606390345237, 0.0], "prob_mse": [0.24427368351633852, 0.0], "adv_type": "random_noise", "dataset": "enron", "sample_size": 1, "test_ratio": 0.3, "T": 10, "realization": 0, "beta_mse": [2.930606390345237, 0.0], "attack_edge": 10000, "u_mse": [0.0, 0.0], "d_mse": [0.24421719919543639, 0.24421719919543639], "gamma": 0.09, "swap_ratio": 0.01}
{"acc": [0.8747055275028285, 0.0], "network_size": 164336, "b_mse": [0.1048529411764706, 0.1048529411764706], "runtime": 2185.597440958023, "alpha_mse": [1.2582352941176476, 0.0], "prob_mse": [0.10494335902636914, 0.0], "adv_type": "random_noise", "dataset": "slashdot", "sample_size": 1, "test_ratio": 0.3, "T": 10, "realization": 0, "beta_mse": [1.2582352941176476, 0.0], "attack_edge": 10000, "u_mse": [0.0, 0.0], "d_mse": [0.1048529411764706, 0.1048529411764706], "gamma": 0.0, "swap_ratio": 0.01}
{"acc": [0.6986001222717556, 0.0], "network_size": 164336, "b_mse": [0.25221771467207577, 0.25221771467207577], "runtime": 2439.8014249801636, "alpha_mse": [3.0266125760649087, 0.0], "prob_mse": [0.2522780432724814, 0.0], "adv_type": "random_noise", "dataset": "slashdot", "sample_size": 1, "test_ratio": 0.3, "T": 10, "realization": 0, "beta_mse": [3.026612576064909, 0.0], "attack_edge": 10000, "u_mse": [0.0, 0.0], "d_mse": [0.25221771467207577, 0.25221771467207577], "gamma": 0.05, "swap_ratio": 0.01}
{"acc": [0.6972613804213467, 0.0], "network_size": 164336, "b_mse": [0.2533231913455037, 0.2533231913455037], "runtime": 2444.1439418792725, "alpha_mse": [3.0398782961460444, 0.0], "prob_mse": [0.25338352805949965, 0.0], "adv_type": "random_noise", "dataset": "slashdot", "sample_size": 1, "test_ratio": 0.3, "T": 10, "realization": 0, "beta_mse": [3.0398782961460453, 0.0], "attack_edge": 10000, "u_mse": [0.0, 0.0], "d_mse": [0.2533231913455037, 0.2533231913455037], "gamma": 0.01, "swap_ratio": 0.01}
{"acc": [0.6989449497180731, 0.0], "network_size": 164336, "b_mse": [0.2519624746450304, 0.2519624746450304], "runtime": 2429.7459230422974, "alpha_mse": [3.023549695740365, 0.0], "prob_mse": [0.252022803245436, 0.0], "adv_type": "random_noise", "dataset": "slashdot", "sample_size": 1, "test_ratio": 0.3, "T": 10, "realization": 0, "beta_mse": [3.023549695740366, 0.0], "attack_edge": 10000, "u_mse": [0.0, 0.0], "d_mse": [0.25196247464503047, 0.25196247464503047], "gamma": 0.07,