{"acc": [0.999000999000999, 0.0], "network_size": 8078, "perturbation": 0.0, "runtime": 81.11059403419495, "alpha_mse": [1.0658141036401502e-15, 0.0], "prob_mse": [9.999999999998899e-05, 0.0], "adv_type": "structure", "dataset": "facebook", "sample_size": 1, "test_ratio": 0.3, "b_mse": [0.0, 0.0], "T": 10, "realization": 0, "beta_mse": [7.105427357601002e-16, 0.0], "attack_edge": 10000, "u_mse": [0.0, 0.0], "d_mse": [0.0, 0.0], "swap_ratio": 0.01}
{"acc": [0.999000999000999, 0.0], "network_size": 8078, "perturbation": 5, "runtime": 81.37149214744568, "alpha_mse": [1.0658141036401502e-15, 0.0], "prob_mse": [9.999999999998899e-05, 0.0], "adv_type": "structure", "dataset": "facebook", "sample_size": 1, "test_ratio": 0.3, "b_mse": [0.0, 0.0], "T": 10, "realization": 0, "beta_mse": [7.105427357601002e-16, 0.0], "attack_edge": 10000, "u_mse": [0.0, 0.0], "d_mse": [0.0, 0.0], "swap_ratio": 0.01}
{"acc": [0.999000999000999, 0.0], "network_size": 8078, "perturbation": 10, "runtime": 86.32529497146606, "alpha_mse": [1.0658141036401502e-15, 0.0], "prob_mse": [9.999999999998899e-05, 0.0], "adv_type": "structure", "dataset": "facebook", "sample_size": 1, "test_ratio": 0.3, "b_mse": [0.0, 0.0], "T": 10, "realization": 0, "beta_mse": [7.105427357601002e-16, 0.0], "attack_edge": 10000, "u_mse": [0.0, 0.0], "d_mse": [0.0, 0.0], "swap_ratio": 0.01}
{"acc": [0.999000999000999, 0.0], "network_size": 8078, "perturbation": 20, "runtime": 80.66524410247803, "alpha_mse": [1.0658141036401502e-15, 0.0], "prob_mse": [9.999999999998899e-05, 0.0], "adv_type": "structure", "dataset": "facebook", "sample_size": 1, "test_ratio": 0.3, "b_mse": [0.0, 0.0], "T": 10, "realization": 0, "beta_mse": [7.105427357601002e-16, 0.0], "attack_edge": 10000, "u_mse": [0.0, 0.0], "d_mse": [0.0, 0.0], "swap_ratio": 0.01}
{"acc": [0.999000999000999, 0.0], "network_size": 8078, "perturbation": 30, "runtime": 96.13726902008057, "alpha_mse": [1.0658141036401502e-15, 0.0], "prob_mse": [9.999999999998899e-05, 0.0], "adv_type": "structure", "dataset": "facebook", "sample_size": 1, "test_ratio": 0.3, "b_mse": [0.0, 0.0], "T": 10, "realization": 0, "beta_mse": [7.105427357601002e-16, 0.0], "attack_edge": 10000, "u_mse": [0.0, 0.0], "d_mse": [0.0, 0.0], "swap_ratio": 0.01}
{"acc": [0.8991008991008991, 0.0], "network_size": 8078, "perturbation": 40, "runtime": 80.85653710365295, "alpha_mse": [1.000000000000001, 0.0], "prob_mse": [0.08343333333333332, 0.0], "adv_type": "structure", "dataset": "facebook", "sample_size": 1, "test_ratio": 0.3, "b_mse": [0.08333333333333334, 0.08333333333333334], "T": 10, "realization": 0, "beta_mse": [1.0000000000000007, 0.0], "attack_edge": 10000, "u_mse": [0.0, 0.0], "d_mse": [0.08333333333333334, 0.08333333333333334], "swap_ratio": 0.01}
{"acc": [0.8991008991008991, 0.0], "network_size": 8078, "perturbation": 50, "runtime": 81.16787791252136, "alpha_mse": [1.000000000000001, 0.0], "prob_mse": [0.08343333333333332, 0.0], "adv_type": "structure", "dataset": "facebook", "sample_size": 1, "test_ratio": 0.3, "b_mse": [0.08333333333333334, 0.08333333333333334], "T": 10, "realization": 0, "beta_mse": [1.0000000000000007, 0.0], "attack_edge": 10000, "u_mse": [0.0, 0.0], "d_mse": [0.08333333333333334, 0.08333333333333334], "swap_ratio": 0.01}
{"acc": [0.8491508491508492, 0.0], "network_size": 8078, "perturbation": 60, "runtime": 81.93675804138184, "alpha_mse": [1.500000000000001, 0.0], "prob_mse": [0.12509999999999993, 0.0], "adv_type": "structure", "dataset": "facebook", "sample_size": 1, "test_ratio": 0.3, "b_mse": [0.125, 0.125], "T": 10, "realization": 0, "beta_mse": [1.5000000000000004, 0.0], "attack_edge": 10000, "u_mse": [0.0, 0.0], "d_mse": [0.125, 0.125], "swap_ratio": 0.01}
{"acc": [0.8491508491508492, 0.0], "network_size": 8078, "perturbation": 70, "runtime": 81.32941222190857, "alpha_mse": [1.500000000000001, 0.0], "prob_mse": [0.12509999999999993, 0.0], "adv_type": "structure", "dataset": "facebook", "sample_size": 1, "test_ratio": 0.3, "b_mse": [0.125, 0.125], "T": 10, "realization": 0, "beta_mse": [1.5000000000000004, 0.0], "attack_edge": 10000, "u_mse": [0.0, 0.0], "d_mse": [0.125, 0.125], "swap_ratio": 0.01}
{"acc": [0.8491508491508492, 0.0], "network_size": 8078, "perturbation": 80, "runtime": 81.86975908279419, "alpha_mse": [1.500000000000001, 0.0], "prob_mse": [0.12509999999999993, 0.0], "adv_type": "structure", "dataset": "facebook", "sample_size": 1, "test_ratio": 0.3, "b_mse": [0.125, 0.125], "T": 10, "realization": 0, "beta_mse": [1.5000000000000004, 0.0], "attack_edge": 10000, "u_mse": [0.0, 0.0], "d_mse": [0.125, 0.125], "swap_ratio": 0.01}
{"acc": [0.8491508491508492, 0.0], "network_size": 8078, "perturbation": 90, "runtime": 80.19923996925354, "alpha_mse": [1.500000000000001, 0.0], "prob_mse": [0.12509999999999993, 0.0], "adv_type": "structure", "dataset": "facebook", "sample_size": 1, "test_ratio": 0.3, "b_mse": [0.125, 0.125], "T": 10, "realization": 0, "beta_mse": [1.5000000000000004, 0.0], "attack_edge": 10000, "u_mse": [0.0, 0.0], "d_mse": [0.125, 0.125], "swap_ratio": 0.01}
{"acc": [0.8491508491508492, 0.0], "network_size": 8078, "perturbation": 100, "runtime": 87.99753403663635, "alpha_mse": [1.500000000000001, 0.0], "prob_mse": [0.12509999999999993, 0.0], "adv_type": "structure", "dataset": "facebook", "sample_size": 1, "test_ratio": 0.3, "b_mse": [0.125, 0.125], "T": 10, "realization": 0, "beta_mse": [1.5000000000000004, 0.0], "attack_edge": 10000, "u_mse": [0.0, 0.0], "d_mse": [0.125, 0.125], "swap_ratio": 0.01}
