{"acc": [0.999000999000999, 0.0], "network_size": 8078, "perturbation": 0.0, "runtime": 83.59117603302002, "alpha_mse": [1.0658141036401502e-15, 0.0], "prob_mse": [9.999999999998899e-05, 0.0], "adv_type": "structure", "dataset": "facebook", "sample_size": 1, "test_ratio": 0.3, "b_mse": [0.0, 0.0], "T": 10, "realization": 0, "beta_mse": [7.105427357601002e-16, 0.0], "attack_edge": 10000, "u_mse": [0.0, 0.0], "d_mse": [0.0, 0.0], "swap_ratio": 0.01}
{"acc": [0.999000999000999, 0.0], "network_size": 8078, "perturbation": 5, "runtime": 84.67852807044983, "alpha_mse": [1.0658141036401502e-15, 0.0], "prob_mse": [9.999999999998899e-05, 0.0], "adv_type": "structure", "dataset": "facebook", "sample_size": 1, "test_ratio": 0.3, "b_mse": [0.0, 0.0], "T": 10, "realization": 0, "beta_mse": [7.105427357601002e-16, 0.0], "attack_edge": 10000, "u_mse": [0.0, 0.0], "d_mse": [0.0, 0.0], "swap_ratio": 0.01}
{"acc": [0.999000999000999, 0.0], "network_size": 8078, "perturbation": 10, "runtime": 84.46184587478638, "alpha_mse": [1.0658141036401502e-15, 0.0], "prob_mse": [9.999999999998899e-05, 0.0], "adv_type": "structure", "dataset": "facebook", "sample_size": 1, "test_ratio": 0.3, "b_mse": [0.0, 0.0], "T": 10, "realization": 0, "beta_mse": [7.105427357601002e-16, 0.0], "attack_edge": 10000, "u_mse": [0.0, 0.0], "d_mse": [0.0, 0.0], "swap_ratio": 0.01}
{"acc": [0.999000999000999, 0.0], "network_size": 8078, "perturbation": 20, "runtime": 84.04419898986816, "alpha_mse": [1.0658141036401502e-15, 0.0], "prob_mse": [9.999999999998899e-05, 0.0], "adv_type": "structure", "dataset": "facebook", "sample_size": 1, "test_ratio": 0.3, "b_mse": [0.0, 0.0], "T": 10, "realization": 0, "beta_mse": [7.105427357601002e-16, 0.0], "attack_edge": 10000, "u_mse": [0.0, 0.0], "d_mse": [0.0, 0.0], "swap_ratio": 0.01}
{"acc": [0.999000999000999, 0.0], "network_size": 8078, "perturbation": 30, "runtime": 84.24393582344055, "alpha_mse": [1.0658141036401502e-15, 0.0], "prob_mse": [9.999999999998899e-05, 0.0], "adv_type": "structure", "dataset": "facebook", "sample_size": 1, "test_ratio": 0.3, "b_mse": [0.0, 0.0], "T": 10, "realization": 0, "beta_mse": [7.105427357601002e-16, 0.0], "attack_edge": 10000, "u_mse": [0.0, 0.0], "d_mse": [0.0, 0.0], "swap_ratio": 0.01}
{"acc": [0.9490509490509491, 0.0], "network_size": 8078, "perturbation": 40, "runtime": 84.24024701118469, "alpha_mse": [0.3500000000000011, 0.0], "prob_mse": [0.029266666666666653, 0.0], "adv_type": "structure", "dataset": "facebook", "sample_size": 1, "test_ratio": 0.3, "b_mse": [0.029166666666666667, 0.029166666666666667], "T": 10, "realization": 0, "beta_mse": [0.3500000000000007, 0.0], "attack_edge": 10000, "u_mse": [0.0, 0.0], "d_mse": [0.029166666666666667, 0.029166666666666667], "swap_ratio": 0.01}
{"acc": [0.8991008991008991, 0.0], "network_size": 8078, "perturbation": 50, "runtime": 89.80165696144104, "alpha_mse": [0.650000000000001, 0.0], "prob_mse": [0.05426666666666665, 0.0], "adv_type": "structure", "dataset": "facebook", "sample_size": 1, "test_ratio": 0.3, "b_mse": [0.054166666666666675, 0.054166666666666675], "T": 10, "realization": 0, "beta_mse": [0.6500000000000007, 0.0], "attack_edge": 10000, "u_mse": [0.0, 0.0], "d_mse": [0.054166666666666675, 0.054166666666666675], "swap_ratio": 0.01}
{"acc": [0.7992007992007992, 0.0], "network_size": 8078, "perturbation": 60, "runtime": 87.87368988990784, "alpha_mse": [2.050000000000001, 0.0], "prob_mse": [0.1709333333333333, 0.0], "adv_type": "structure", "dataset": "facebook", "sample_size": 1, "test_ratio": 0.3, "b_mse": [0.17083333333333334, 0.17083333333333334], "T": 10, "realization": 0, "beta_mse": [2.0500000000000003, 0.0], "attack_edge": 10000, "u_mse": [0.0, 0.0], "d_mse": [0.17083333333333334, 0.17083333333333334], "swap_ratio": 0.01}
{"acc": [0.7992007992007992, 0.0], "network_size": 8078, "perturbation": 70, "runtime": 85.10906600952148, "alpha_mse": [1.650000000000001, 0.0], "prob_mse": [0.13759999999999994, 0.0], "adv_type": "structure", "dataset": "facebook", "sample_size": 1, "test_ratio": 0.3, "b_mse": [0.1375, 0.1375], "T": 10, "realization": 0, "beta_mse": [1.6500000000000004, 0.0], "attack_edge": 10000, "u_mse": [0.0, 0.0], "d_mse": [0.1375, 0.1375], "swap_ratio": 0.01}
{"acc": [0.8991008991008991, 0.0], "network_size": 8078, "perturbation": 80, "runtime": 86.84635591506958, "alpha_mse": [0.900000000000001, 0.0], "prob_mse": [0.07509999999999999, 0.0], "adv_type": "structure", "dataset": "facebook", "sample_size": 1, "test_ratio": 0.3, "b_mse": [0.075, 0.075], "T": 10, "realization": 0, "beta_mse": [0.9000000000000004, 0.0], "attack_edge": 10000, "u_mse": [0.0, 0.0], "d_mse": [0.075, 0.075], "swap_ratio": 0.01}
{"acc": [0.8991008991008991, 0.0], "network_size": 8078, "perturbation": 90, "runtime": 85.76918005943298, "alpha_mse": [1.100000000000001, 0.0], "prob_mse": [0.09176666666666665, 0.0], "adv_type": "structure", "dataset": "facebook", "sample_size": 1, "test_ratio": 0.3, "b_mse": [0.09166666666666667, 0.09166666666666667], "T": 10, "realization": 0, "beta_mse": [1.1000000000000003, 0.0], "attack_edge": 10000, "u_mse": [0.0, 0.0], "d_mse": [0.09166666666666666, 0.09166666666666666], "swap_ratio": 0.01}
{"acc": [0.8491508491508492, 0.0], "network_size": 8078, "perturbation": 100, "runtime": 86.24566197395325, "alpha_mse": [1.250000000000001, 0.0], "prob_mse": [0.10426666666666659, 0.0], "adv_type": "structure", "dataset": "facebook", "sample_size": 1, "test_ratio": 0.3, "b_mse": [0.10416666666666667, 0.10416666666666667], "T": 10, "realization": 0, "beta_mse": [1.2500000000000004, 0.0], "attack_edge": 10000, "u_mse": [0.0, 0.0], "d_mse": [0.10416666666666667, 0.10416666666666667], "swap_ratio": 0.01}
