{"acc": [0.8747055275028285, 0.0], "network_size": 164336, "b_mse": [0.1048529411764706, 0.1048529411764706], "runtime": 2185.597440958023, "alpha_mse": [1.2582352941176476, 0.0], "prob_mse": [0.10494335902636914, 0.0], "adv_type": "random_noise", "dataset": "slashdot", "sample_size": 1, "test_ratio": 0.3, "T": 10, "realization": 0, "beta_mse": [1.2582352941176476, 0.0], "attack_edge": 10000, "u_mse": [0.0, 0.0], "d_mse": [0.1048529411764706, 0.1048529411764706], "gamma": 0.0, "swap_ratio": 0.01}
{"acc": [0.6986001222717556, 0.0], "network_size": 164336, "b_mse": [0.25221771467207577, 0.25221771467207577], "runtime": 2439.8014249801636, "alpha_mse": [3.0266125760649087, 0.0], "prob_mse": [0.2522780432724814, 0.0], "adv_type": "random_noise", "dataset": "slashdot", "sample_size": 1, "test_ratio": 0.3, "T": 10, "realization": 0, "beta_mse": [3.026612576064909, 0.0], "attack_edge": 10000, "u_mse": [0.0, 0.0], "d_mse": [0.25221771467207577, 0.25221771467207577], "gamma": 0.05, "swap_ratio": 0.01}
{"acc": [0.6972613804213467, 0.0], "network_size": 164336, "b_mse": [0.2533231913455037, 0.2533231913455037], "runtime": 2444.1439418792725, "alpha_mse": [3.0398782961460444, 0.0], "prob_mse": [0.25338352805949965, 0.0], "adv_type": "random_noise", "dataset": "slashdot", "sample_size": 1, "test_ratio": 0.3, "T": 10, "realization": 0, "beta_mse": [3.0398782961460453, 0.0], "attack_edge": 10000, "u_mse": [0.0, 0.0], "d_mse": [0.2533231913455037, 0.2533231913455037], "gamma": 0.01, "swap_ratio": 0.01}
{"acc": [0.6989449497180731, 0.0], "network_size": 164336, "b_mse": [0.2519624746450304, 0.2519624746450304], "runtime": 2429.7459230422974, "alpha_mse": [3.023549695740365, 0.0], "prob_mse": [0.252022803245436, 0.0], "adv_type": "random_noise", "dataset": "slashdot", "sample_size": 1, "test_ratio": 0.3, "T": 10, "realization": 0, "beta_mse": [3.023549695740366, 0.0], "attack_edge": 10000, "u_mse": [0.0, 0.0], "d_mse": [0.25196247464503047, 0.25196247464503047], "gamma": 0.07, "swap_ratio": 0.01}
{"acc": [0.7052532635889397, 0.0], "network_size": 164336, "b_mse": [0.24582826233941854, 0.24582826233941854], "runtime": 2067.0568509101868, "alpha_mse": [2.9499391480730224, 0.0], "prob_mse": [0.24589153617308984, 0.0], "adv_type": "random_noise", "dataset": "slashdot", "sample_size": 1, "test_ratio": 0.3, "T": 10, "realization": 0, "beta_mse": [2.949939148073023, 0.0], "attack_edge": 10000, "u_mse": [0.0, 0.0], "d_mse": [0.24582826233941854, 0.24582826233941854], "gamma": 0.03, "swap_ratio": 0.01}
{"acc": [0.6940970815021981, 0.0], "network_size": 164336, "b_mse": [0.25563556457065584, 0.25563556457065584], "runtime": 2061.633975982666, "alpha_mse": [3.06762677484787, 0.0], "prob_mse": [0.2556955686274509, 0.0], "adv_type": "random_noise", "dataset": "slashdot", "sample_size": 1, "test_ratio": 0.3, "T": 10, "realization": 0, "beta_mse": [3.06762677484787, 0.0], "attack_edge": 10000, "u_mse": [0.0, 0.0], "d_mse": [0.25563556457065584, 0.25563556457065584], "gamma": 0.09, "swap_ratio": 0.01}
{"acc": [0.8557603019227983, 0.0], "network_size": 164336, "b_mse": [0.11967545638945234, 0.11967545638945234], "runtime": 1990.9918959140778, "alpha_mse": [1.4361054766734285, 0.0], "prob_mse": [0.1197644989858012, 0.0], "adv_type": "random_noise", "dataset": "slashdot", "sample_size": 1, "test_ratio": 0.3, "T": 10, "realization": 0, "beta_mse": [1.4361054766734285, 0.0], "attack_edge": 10000, "u_mse": [0.0, 0.0], "d_mse": [0.11967545638945234, 0.11967545638945234], "gamma": 0.0, "swap_ratio": 0.01}
{"acc": [0.8185392216879425, 0.0], "network_size": 164336, "b_mse": [0.1506423258958756, 0.1506423258958756], "runtime": 2240.5460748672485, "alpha_mse": [1.8077079107505076, 0.0], "prob_mse": [0.150732216362407, 0.0], "adv_type": "random_noise", "dataset": "slashdot", "sample_size": 1, "test_ratio": 0.3, "T": 10, "realization": 0, "beta_mse": [1.8077079107505076, 0.0], "attack_edge": 10000, "u_mse": [0.0, 0.0], "d_mse": [0.1506423258958756, 0.1506423258958756], "gamma": 0.05, "swap_ratio": 0.01}
{"acc": [0.8177278629907249, 0.0], "network_size": 164336, "b_mse": [0.151342123056119, 0.151342123056119], "runtime": 2219.3732221126556, "alpha_mse": [1.8161054766734286, 0.0], "prob_mse": [0.15143202569303582, 0.0], "adv_type": "random_noise", "dataset": "slashdot", "sample_size": 1, "test_ratio": 0.3, "T": 10, "realization": 0, "beta_mse": [1.8161054766734286, 0.0], "attack_edge": 10000, "u_mse": [0.0, 0.0], "d_mse": [0.151342123056119, 0.151342123056119], "gamma": 0.01, "swap_ratio": 0.01}
{"acc": [0.8188029132645381, 0.0], "network_size": 164336, "b_mse": [0.15040398918187967, 0.15040398918187967], "runtime": 2247.963452100754, "alpha_mse": [1.8048478701825563, 0.0], "prob_mse": [0.15049387559161592, 0.0], "adv_type": "random_noise", "dataset": "slashdot", "sample_size": 1, "test_ratio": 0.3, "T": 10, "realization": 0, "beta_mse": [1.8048478701825563, 0.0], "attack_edge": 10000, "u_mse": [0.0, 0.0], "d_mse": [0.15040398918187967, 0.15040398918187967], "gamma": 0.07, "swap_ratio": 0.01}
{"acc": [0.813529081732624, 0.0], "network_size": 164336, "b_mse": [0.15451487491548344, 0.15451487491548344], "runtime": 2247.0026149749756, "alpha_mse": [1.854178498985802, 0.0], "prob_mse": [0.15460483029073696, 0.0], "adv_type": "random_noise", "dataset": "slashdot", "sample_size": 1, "test_ratio": 0.3, "T": 10, "realization": 0, "beta_mse": [1.854178498985802, 0.0], "attack_edge": 10000, "u_mse": [0.0, 0.0], "d_mse": [0.15451487491548344, 0.15451487491548344], "gamma": 0.03, "swap_ratio": 0.01}
{"acc": [0.8183566659810685, 0.0], "network_size": 164336, "b_mse": [0.1504868154158215, 0.1504868154158215], "runtime": 2245.773229122162, "alpha_mse": [1.8058417849898587, 0.0], "prob_mse": [0.1505768559837728, 0.0], "adv_type": "random_noise", "dataset": "slashdot", "sample_size": 1, "test_ratio": 0.3, "T": 10, "realization": 0, "beta_mse": [1.8058417849898587, 0.0], "attack_edge": 10000, "u_mse": [0.0, 0.0], "d_mse": [0.1504868154158215, 0.1504868154158215], "gamma": 0.09, "swap_ratio": 0.01}
