{"acc": [0.8219400317142825, 0.0], "network_size": 67392, "b_mse": [0.14740577703036897, 0.14740577703036897], "runtime": 273.5023889541626, "alpha_mse": [1.7688693243644285, 0.0], "prob_mse": [0.14749505391235526, 0.0], "adv_type": "random_pgd", "dataset": "enron", "sample_size": 1, "test_ratio": 0.3, "T": 10, "realization": 0, "beta_mse": [1.768869324364428, 0.0], "attack_edge": 10000, "u_mse": [0.0, 0.0], "d_mse": [0.14740577703036897, 0.14740577703036897], "gamma": 0.09, "swap_ratio": 0.01}
{"acc": [0.8239679256425704, 0.0], "network_size": 67392, "b_mse": [0.1465360899528473, 0.1465360899528473], "runtime": 288.1976869106293, "alpha_mse": [1.7584330794341678, 0.0], "prob_mse": [0.14662572295314402, 0.0], "adv_type": "random_pgd", "dataset": "enron", "sample_size": 1, "test_ratio": 0.3, "T": 10, "realization": 1, "beta_mse": [1.7584330794341678, 0.0], "attack_edge": 10000, "u_mse": [0.0, 0.0], "d_mse": [0.1465360899528473, 0.1465360899528473], "gamma": 0.09, "swap_ratio": 0.01}
{"acc": [0.824363612262724, 0.0], "network_size": 67392, "b_mse": [0.14559221156065552, 0.14559221156065552], "runtime": 327.30403089523315, "alpha_mse": [1.747106538727867, 0.0], "prob_mse": [0.14568145876611596, 0.0], "adv_type": "random_pgd", "dataset": "enron", "sample_size": 1, "test_ratio": 0.3, "T": 10, "realization": 0, "beta_mse": [1.7471065387278666, 0.0], "attack_edge": 10000, "u_mse": [0.0, 0.0], "d_mse": [0.14559221156065552, 0.14559221156065552], "gamma": 0.2, "swap_ratio": 0.01}
{"acc": [0.8261442020534157, 0.0], "network_size": 67392, "b_mse": [0.14478435057869227, 0.14478435057869227], "runtime": 292.588271856308, "alpha_mse": [1.7374122069443079, 0.0], "prob_mse": [0.14487397368681368, 0.0], "adv_type": "random_pgd", "dataset": "enron", "sample_size": 1, "test_ratio": 0.3, "T": 10, "realization": 1, "beta_mse": [1.7374122069443074, 0.0], "attack_edge": 10000, "u_mse": [0.0, 0.0], "d_mse": [0.14478435057869227, 0.14478435057869227], "gamma": 0.2, "swap_ratio": 0.01}
{"acc": [0.8273312619138768, 0.0], "network_size": 67392, "b_mse": [0.14313565469713457, 0.14313565469713457], "runtime": 263.91978788375854, "alpha_mse": [1.7176278563656155, 0.0], "prob_mse": [0.14322484254954326, 0.0], "adv_type": "random_pgd", "dataset": "enron", "sample_size": 1, "test_ratio": 0.3, "T": 10, "realization": 0, "beta_mse": [1.717627856365615, 0.0], "attack_edge": 10000, "u_mse": [0.0, 0.0], "d_mse": [0.14313565469713457, 0.14313565469713457], "gamma": 0.3, "swap_ratio": 0.01}
{"acc": [0.8288150867394533, 0.0], "network_size": 67392, "b_mse": [0.14243908068717645, 0.14243908068717645], "runtime": 256.78360891342163, "alpha_mse": [1.709268968246118, 0.0], "prob_mse": [0.1425286642265967, 0.0], "adv_type": "random_pgd", "dataset": "enron", "sample_size": 1, "test_ratio": 0.3, "T": 10, "realization": 1, "beta_mse": [1.7092689682461177, 0.0], "attack_edge": 10000, "u_mse": [0.0, 0.0], "d_mse": [0.14243908068717642, 0.14243908068717642], "gamma": 0.3, "swap_ratio": 0.01}
{"acc": [0.8284194001192995, 0.0], "network_size": 67392, "b_mse": [0.1423360371945791, 0.1423360371945791], "runtime": 251.19125413894653, "alpha_mse": [1.7080324463349499, 0.0], "prob_mse": [0.1424252151548125, 0.0], "adv_type": "random_pgd", "dataset": "enron", "sample_size": 1, "test_ratio": 0.3, "T": 10, "realization": 0, "beta_mse": [1.7080324463349494, 0.0], "attack_edge": 10000, "u_mse": [0.0, 0.0], "d_mse": [0.1423360371945791, 0.1423360371945791], "gamma": 0.4, "swap_ratio": 0.01}
{"acc": [0.8298043032898375, 0.0], "network_size": 67392, "b_mse": [0.1414952022949847, 0.1414952022949847], "runtime": 252.88515901565552, "alpha_mse": [1.6979424275398167, 0.0], "prob_mse": [0.14158478583440492, 0.0], "adv_type": "random_pgd", "dataset": "enron", "sample_size": 1, "test_ratio": 0.3, "T": 10, "realization": 1, "beta_mse": [1.6979424275398163, 0.0], "attack_edge": 10000, "u_mse": [0.0, 0.0], "d_mse": [0.1414952022949847, 0.1414952022949847], "gamma": 0.4, "swap_ratio": 0.01}
{"acc": [0.5208719746048327, 0.0], "network_size": 67392, "b_mse": [0.40217875160747846, 0.40217875160747846], "runtime": 256.01942706108093, "alpha_mse": [4.826145019289742, 0.0], "prob_mse": [0.40218939558808975, 0.0], "adv_type": "random_pgd", "dataset": "enron", "sample_size": 1, "test_ratio": 0.3, "T": 10, "realization": 0, "beta_mse": [4.826145019289742, 0.0], "attack_edge": 10000, "u_mse": [0.0, 0.0], "d_mse": [0.40217875160747846, 0.40217875160747846], "gamma": 0.5, "swap_ratio": 0.01}
{"acc": [0.5183000115738337, 0.0], "network_size": 67392, "b_mse": [0.4043921258284697, 0.4043921258284697], "runtime": 286.1666190624237, "alpha_mse": [4.852705509941636, 0.0], "prob_mse": [0.4044032248491442, 0.0], "adv_type": "random_pgd", "dataset": "enron", "sample_size": 1, "test_ratio": 0.3, "T": 10, "realization": 1, "beta_mse": [4.852705509941636, 0.0], "attack_edge": 10000, "u_mse": [0.0, 0.0], "d_mse": [0.4043921258284697, 0.4043921258284697], "gamma": 0.5, "swap_ratio": 0.01}
{"acc": [0.8664547764815743, 0.0], "network_size": 67392, "b_mse": [0.11153839812708151, 0.11153839812708151], "runtime": 223.62568402290344, "alpha_mse": [1.3384607775249784, 0.0], "prob_mse": [0.11162670557588944, 0.0], "adv_type": "random_pgd", "dataset": "enron", "sample_size": 1, "test_ratio": 0.3, "T": 10, "realization": 0, "beta_mse": [1.3384607775249784, 0.0], "attack_edge": 10000, "u_mse": [0.0, 0.0], "d_mse": [0.11153839812708151, 0.11153839812708151], "gamma": 0.0, "swap_ratio": 0.01}
{"acc": [0.8213959626115712, 0.0], "network_size": 67392, "b_mse": [0.14818478583440498, 0.14818478583440498], "runtime": 282.81656885147095, "alpha_mse": [1.7782174300128606, 0.0], "prob_mse": [0.14827408250074187, 0.0], "adv_type": "random_pgd", "dataset": "enron", "sample_size": 1, "test_ratio": 0.3, "T": 10, "realization": 0, "beta_mse": [1.7782174300128601, 0.0], "attack_edge": 10000, "u_mse": [0.0, 0.0], "d_mse": [0.14818478583440498, 0.14818478583440498], "gamma": 0.05, "swap_ratio": 0.01}
{"acc": [0.8228797874371476, 0.0], "network_size": 67392, "b_mse": [0.14733158571569888, 0.14733158571569888], "runtime": 280.40727400779724, "alpha_mse": [1.767979028588387, 0.0], "prob_mse": [0.14742124839252146, 0.0], "adv_type": "random_pgd", "dataset": "enron", "sample_size": 1, "test_ratio": 0.3, "T": 10, "realization": 1, "beta_mse": [1.767979028588387, 0.0], "attack_edge": 10000, "u_mse": [0.0, 0.0], "d_mse": [0.14733158571569888, 0.14733158571569888], "gamma": 0.05, "swap_ratio": 0.01}
{"acc": [0.8202089027511101, 0.0], "network_size": 67392, "b_mse": [0.14900089029577607, 0.14900089029577607], "runtime": 256.2163670063019, "alpha_mse": [1.7880106835493133, 0.0], "prob_mse": [0.1490902067464635, 0.0], "adv_type": "random_pgd", "dataset": "enron", "sample_size": 1, "test_ratio": 0.3, "T": 10, "realization": 0, "beta_mse": [1.7880106835493128, 0.0], "attack_edge": 10000, "u_mse": [0.0, 0.0], "d_mse": [0.14900089029577607, 0.14900089029577607], "gamma": 0.01, "swap_ratio": 0.01}
{"acc": [0.8215938059216481, 0.0], "network_size": 67392, "b_mse": [0.14773139446697664, 0.14773139446697664], "runtime": 340.9785008430481, "alpha_mse": [1.7727767336037201, 0.0], "prob_mse": [0.1478206911333135, 0.0], "adv_type": "random_pgd", "dataset": "enron", "sample_size": 1, "test_ratio": 0.3, "T": 10, "realization": 0, "beta_mse": [1.77277673360372, 0.0], "attack_edge": 10000, "u_mse": [0.0, 0.0], "d_mse": [0.14773139446697664, 0.14773139446697664], "gamma": 0.07, "swap_ratio": 0.01}
{"acc": [0.8238195431600127, 0.0], "network_size": 67392, "b_mse": [0.1467380551983381, 0.1467380551983381], "runtime": 343.2410111427307, "alpha_mse": [1.7608566623800577, 0.0], "prob_mse": [0.14682770798298542, 0.0], "adv_type": "random_pgd", "dataset": "enron", "sample_size": 1, "test_ratio": 0.3, "T": 10, "realization": 1, "beta_mse": [1.7608566623800577, 0.0], "attack_edge": 10000, "u_mse": [0.0, 0.0], "d_mse": [0.1467380551983381, 0.1467380551983381], "gamma": 0.07,