{"acc": [0.8991008991008991, 0.0], "network_size": 8078, "perturbation": 0.0, "runtime": 18.094892024993896, "alpha_mse": [0.9000000000000007, 0.0], "prob_mse": [0.07508, 0.0], "adv_type": "structure", "dataset": "facebook", "sample_size": 1, "test_ratio": 0.3, "b_mse": [0.075, 0.075], "T": 10, "realization": 0, "beta_mse": [0.9000000000000007, 0.0], "attack_edge": 10000, "u_mse": [0.0, 0.0], "d_mse": [0.075, 0.075], "swap_ratio": 0.01}
{"acc": [0.8991008991008991, 0.0], "network_size": 8078, "perturbation": 5, "runtime": 18.525133848190308, "alpha_mse": [0.9000000000000007, 0.0], "prob_mse": [0.07508, 0.0], "adv_type": "structure", "dataset": "facebook", "sample_size": 1, "test_ratio": 0.3, "b_mse": [0.075, 0.075], "T": 10, "realization": 0, "beta_mse": [0.9000000000000007, 0.0], "attack_edge": 10000, "u_mse": [0.0, 0.0], "d_mse": [0.075, 0.075], "swap_ratio": 0.01}
{"acc": [0.8991008991008991, 0.0], "network_size": 8078, "perturbation": 10, "runtime": 18.65272808074951, "alpha_mse": [0.9000000000000007, 0.0], "prob_mse": [0.07508, 0.0], "adv_type": "structure", "dataset": "facebook", "sample_size": 1, "test_ratio": 0.3, "b_mse": [0.075, 0.075], "T": 10, "realization": 0, "beta_mse": [0.9000000000000007, 0.0], "attack_edge": 10000, "u_mse": [0.0, 0.0], "d_mse": [0.075, 0.075], "swap_ratio": 0.01}
{"acc": [0.8991008991008991, 0.0], "network_size": 8078, "perturbation": 20, "runtime": 19.683159112930298, "alpha_mse": [0.9000000000000007, 0.0], "prob_mse": [0.07508, 0.0], "adv_type": "structure", "dataset": "facebook", "sample_size": 1, "test_ratio": 0.3, "b_mse": [0.075, 0.075], "T": 10, "realization": 0, "beta_mse": [0.9000000000000007, 0.0], "attack_edge": 10000, "u_mse": [0.0, 0.0], "d_mse": [0.075, 0.075], "swap_ratio": 0.01}
{"acc": [0.7992007992007992, 0.0], "network_size": 8078, "perturbation": 30, "runtime": 19.805443048477173, "alpha_mse": [1.9000000000000008, 0.0], "prob_mse": [0.1584133333333333, 0.0], "adv_type": "structure", "dataset": "facebook", "sample_size": 1, "test_ratio": 0.3, "b_mse": [0.15833333333333335, 0.15833333333333335], "T": 10, "realization": 0, "beta_mse": [1.9000000000000008, 0.0], "attack_edge": 10000, "u_mse": [0.0, 0.0], "d_mse": [0.15833333333333333, 0.15833333333333333], "swap_ratio": 0.01}
{"acc": [0.7992007992007992, 0.0], "network_size": 8078, "perturbation": 40, "runtime": 18.779654026031494, "alpha_mse": [2.3000000000000007, 0.0], "prob_mse": [0.19175666666666663, 0.0], "adv_type": "structure", "dataset": "facebook", "sample_size": 1, "test_ratio": 0.3, "b_mse": [0.1916666666666667, 0.1916666666666667], "T": 10, "realization": 0, "beta_mse": [2.3000000000000007, 0.0], "attack_edge": 10000, "u_mse": [0.0, 0.0], "d_mse": [0.19166666666666668, 0.19166666666666668], "swap_ratio": 0.01}
{"acc": [0.7992007992007992, 0.0], "network_size": 8078, "perturbation": 50, "runtime": 19.903764009475708, "alpha_mse": [2.3000000000000007, 0.0], "prob_mse": [0.19175666666666663, 0.0], "adv_type": "structure", "dataset": "facebook", "sample_size": 1, "test_ratio": 0.3, "b_mse": [0.1916666666666667, 0.1916666666666667], "T": 10, "realization": 0, "beta_mse": [2.3000000000000007, 0.0], "attack_edge": 10000, "u_mse": [0.0, 0.0], "d_mse": [0.19166666666666668, 0.19166666666666668], "swap_ratio": 0.01}
{"acc": [0.7992007992007992, 0.0], "network_size": 8078, "perturbation": 60, "runtime": 19.879769802093506, "alpha_mse": [2.3000000000000007, 0.0], "prob_mse": [0.19175666666666663, 0.0], "adv_type": "structure", "dataset": "facebook", "sample_size": 1, "test_ratio": 0.3, "b_mse": [0.1916666666666667, 0.1916666666666667], "T": 10, "realization": 0, "beta_mse": [2.3000000000000007, 0.0], "attack_edge": 10000, "u_mse": [0.0, 0.0], "d_mse": [0.19166666666666668, 0.19166666666666668], "swap_ratio": 0.01}
{"acc": [0.7992007992007992, 0.0], "network_size": 8078, "perturbation": 70, "runtime": 20.81584596633911, "alpha_mse": [2.3000000000000007, 0.0], "prob_mse": [0.19175666666666663, 0.0], "adv_type": "structure", "dataset": "facebook", "sample_size": 1, "test_ratio": 0.3, "b_mse": [0.1916666666666667, 0.1916666666666667], "T": 10, "realization": 0, "beta_mse": [2.3000000000000007, 0.0], "attack_edge": 10000, "u_mse": [0.0, 0.0], "d_mse": [0.19166666666666668, 0.19166666666666668], "swap_ratio": 0.01}
{"acc": [0.7992007992007992, 0.0], "network_size": 8078, "perturbation": 80, "runtime": 20.42226481437683, "alpha_mse": [2.3000000000000007, 0.0], "prob_mse": [0.19175666666666663, 0.0], "adv_type": "structure", "dataset": "facebook", "sample_size": 1, "test_ratio": 0.3, "b_mse": [0.1916666666666667, 0.1916666666666667], "T": 10, "realization": 0, "beta_mse": [2.3000000000000007, 0.0], "attack_edge": 10000, "u_mse": [0.0, 0.0], "d_mse": [0.19166666666666668, 0.19166666666666668], "swap_ratio": 0.01}
{"acc": [0.7992007992007992, 0.0], "network_size": 8078, "perturbation": 90, "runtime": 18.910808086395264, "alpha_mse": [2.3000000000000007, 0.0], "prob_mse": [0.19175666666666663, 0.0], "adv_type": "structure", "dataset": "facebook", "sample_size": 1, "test_ratio": 0.3, "b_mse": [0.1916666666666667, 0.1916666666666667], "T": 10, "realization": 0, "beta_mse": [2.3000000000000007, 0.0], "attack_edge": 10000, "u_mse": [0.0, 0.0], "d_mse": [0.19166666666666668, 0.19166666666666668], "swap_ratio": 0.01}
{"acc": [0.7992007992007992, 0.0], "network_size": 8078, "perturbation": 100, "runtime": 19.631552934646606, "alpha_mse": [2.3000000000000007, 0.0], "prob_mse": [0.19175666666666663, 0.0], "adv_type": "structure", "dataset": "facebook", "sample_size": 1, "test_ratio": 0.3, "b_mse": [0.1916666666666667, 0.1916666666666667], "T": 10, "realization": 0, "beta_mse": [2.3000000000000007, 0.0], "attack_edge": 10000, "u_mse": [0.0, 0.0], "d_mse": [0.19166666666666668, 0.19166666666666668], "swap_ratio": 0.01}
