{"acc": [0.8226324832995515, 0.0], "network_size": 67392, "b_mse": [0.14705955089524186, 0.14705955089524186], "runtime": 252.31990313529968, "alpha_mse": [1.764714610742903, 0.0], "prob_mse": [0.14714907508161043, 0.0], "adv_type": "random_pgd_csl", "dataset": "enron", "sample_size": 1, "test_ratio": 0.3, "T": 10, "realization": 0, "beta_mse": [1.7647146107429028, 0.0], "attack_edge": 10000, "u_mse": [0.0, 0.0], "d_mse": [0.14705955089524186, 0.14705955089524186], "gamma": 0.09, "swap_ratio": 0.01}
{"acc": [0.8569582975978854, 0.0], "network_size": 67392, "b_mse": [0.11927902529099485, 0.11927902529099485], "runtime": 220.8639838695526, "alpha_mse": [1.4313483034919385, 0.0], "prob_mse": [0.11936795594684602, 0.0], "adv_type": "random_pgd_csl", "dataset": "enron", "sample_size": 1, "test_ratio": 0.3, "T": 10, "realization": 0, "beta_mse": [1.4313483034919385, 0.0], "attack_edge": 10000, "u_mse": [0.0, 0.0], "d_mse": [0.11927902529099485, 0.11927902529099485], "gamma": 0.0, "swap_ratio": 0.01}
{"acc": [0.8241163081251279, 0.0], "network_size": 67392, "b_mse": [0.14531193326079073, 0.14531193326079073], "runtime": 274.76079392433167, "alpha_mse": [1.7437431991294894, 0.0], "prob_mse": [0.14540139809410751, 0.0], "adv_type": "random_pgd_csl", "dataset": "enron", "sample_size": 1, "test_ratio": 0.3, "T": 10, "realization": 0, "beta_mse": [1.743743199129489, 0.0], "attack_edge": 10000, "u_mse": [0.0, 0.0], "d_mse": [0.14531193326079073, 0.14531193326079073], "gamma": 0.2, "swap_ratio": 0.01}
{"acc": [0.8199121377859948, 0.0], "network_size": 67392, "b_mse": [0.14886899462525144, 0.14886899462525144], "runtime": 347.67967104911804, "alpha_mse": [1.786427935503018, 0.0], "prob_mse": [0.14895856827249643, 0.0], "adv_type": "random_pgd_csl", "dataset": "enron", "sample_size": 1, "test_ratio": 0.3, "T": 10, "realization": 0, "beta_mse": [1.7864279355030175, 0.0], "attack_edge": 10000, "u_mse": [0.0, 0.0], "d_mse": [0.14886899462525144, 0.14886899462525144], "gamma": 0.01, "swap_ratio": 0.01}
{"acc": [0.8274796443964344, 0.0], "network_size": 67392, "b_mse": [0.14298315032809047, 0.14298315032809047], "runtime": 303.44450306892395, "alpha_mse": [1.7157978039370865, 0.0], "prob_mse": [0.14307256570053084, 0.0], "adv_type": "random_pgd_csl", "dataset": "enron", "sample_size": 1, "test_ratio": 0.3, "T": 10, "realization": 0, "beta_mse": [1.715797803937086, 0.0], "attack_edge": 10000, "u_mse": [0.0, 0.0], "d_mse": [0.14298315032809047, 0.14298315032809047], "gamma": 0.3, "swap_ratio": 0.01}
{"acc": [0.8205551285437446, 0.0], "network_size": 67392, "b_mse": [0.14841148151811917, 0.14841148151811917], "runtime": 272.12034606933594, "alpha_mse": [1.7809377782174307, 0.0], "prob_mse": [0.14850102548883828, 0.0], "adv_type": "random_pgd_csl", "dataset": "enron", "sample_size": 1, "test_ratio": 0.3, "T": 10, "realization": 0, "beta_mse": [1.7809377782174303, 0.0], "attack_edge": 10000, "u_mse": [0.0, 0.0], "d_mse": [0.14841148151811917, 0.14841148151811917], "gamma": 0.03, "swap_ratio": 0.01}
{"acc": [0.8282710176367418, 0.0], "network_size": 67392, "b_mse": [0.14235664589309857, 0.14235664589309857], "runtime": 250.63245701789856, "alpha_mse": [1.7082797507171834, 0.0], "prob_mse": [0.1424460612655389, 0.0], "adv_type": "random_pgd_csl", "dataset": "enron", "sample_size": 1, "test_ratio": 0.3, "T": 10, "realization": 0, "beta_mse": [1.708279750717183, 0.0], "attack_edge": 10000, "u_mse": [0.0, 0.0], "d_mse": [0.14235664589309857, 0.14235664589309857], "gamma": 0.4, "swap_ratio": 0.01}
{"acc": [0.8212475801290136, 0.0], "network_size": 67392, "b_mse": [0.14797457710950637, 0.14797457710950637], "runtime": 264.8517520427704, "alpha_mse": [1.7756949253140772, 0.0], "prob_mse": [0.1480641111880502, 0.0], "adv_type": "random_pgd_csl", "dataset": "enron", "sample_size": 1, "test_ratio": 0.3, "T": 10, "realization": 0, "beta_mse": [1.775694925314077, 0.0], "attack_edge": 10000, "u_mse": [0.0, 0.0], "d_mse": [0.14797457710950637, 0.14797457710950637], "gamma": 0.05, "swap_ratio": 0.01}
{"acc": [0.5758229539786784, 0.0], "network_size": 67392, "b_mse": [0.3559163451709697, 0.3559163451709697], "runtime": 245.5198290348053, "alpha_mse": [4.270996142051637, 0.0], "prob_mse": [0.3559381277409568, 0.0], "adv_type": "random_pgd_csl", "dataset": "enron", "sample_size": 1, "test_ratio": 0.3, "T": 10, "realization": 0, "beta_mse": [4.270996142051637, 0.0], "attack_edge": 10000, "u_mse": [0.0, 0.0], "d_mse": [0.3559163451709697, 0.3559163451709697], "gamma": 0.5, "swap_ratio": 0.01}
{"acc": [0.8219894925418018, 0.0], "network_size": 67392, "b_mse": [0.14736455963333006, 0.14736455963333006], "runtime": 259.1795389652252, "alpha_mse": [1.7683747155999612, 0.0], "prob_mse": [0.14745407392752327, 0.0], "adv_type": "random_pgd_csl", "dataset": "enron", "sample_size": 1, "test_ratio": 0.3, "T": 10, "realization": 0, "beta_mse": [1.7683747155999607, 0.0], "attack_edge": 10000, "u_mse": [0.0, 0.0], "d_mse": [0.14736455963333006, 0.14736455963333006], "gamma": 0.07, "swap_ratio": 0.01}
{"acc": [0.8733262177175587, 0.0], "network_size": 164336, "b_mse": [0.10564570655848547, 0.10564570655848547], "runtime": 639.163134098053, "alpha_mse": [1.267748478701826, 0.0], "prob_mse": [0.1057363029073698, 0.0], "adv_type": "random_pgd_csl", "dataset": "slashdot", "sample_size": 1, "test_ratio": 0.3, "T": 10, "realization": 0, "beta_mse": [1.267748478701826, 0.0], "attack_edge": 10000, "u_mse": [0.0, 0.0], "d_mse": [0.10564570655848547, 0.10564570655848547], "gamma": 0.0, "swap_ratio": 0.01}
{"acc": [0.826368833116092, 0.0], "network_size": 164336, "b_mse": [0.14420047329276542, 0.14420047329276542], "runtime": 703.935977935791, "alpha_mse": [1.7304056795131852, 0.0], "prob_mse": [0.14429207978363756, 0.0], "adv_type": "random_pgd_csl", "dataset": "slashdot", "sample_size": 1, "test_ratio": 0.3, "T": 10, "realization": 0, "beta_mse": [1.7304056795131852, 0.0], "attack_edge": 10000, "u_mse": [0.0, 0.0], "d_mse": [0.14420047329276542, 0.14420047329276542], "gamma": 0.01, "swap_ratio": 0.01}
{"acc": [0.8274235994224748, 0.0], "network_size": 164336, "b_mse": [0.14351081812035163, 0.14351081812035163], "runtime": 719.855574131012, "alpha_mse": [1.7221298174442197, 0.0], "prob_mse": [0.1436024043272481, 0.0], "adv_type": "random_pgd_csl", "dataset": "slashdot", "sample_size": 1, "test_ratio": 0.3, "T": 10, "realization": 0, "beta_mse": [1.7221298174442197, 0.0], "attack_edge": 10000, "u_mse": [0.0, 0.0], "d_mse": [0.14351081812035163, 0.14351081812035163], "gamma": 0.03, "swap_ratio": 0.01}
{"acc": [0.8282552420871229, 0.0], "network_size": 164336, "b_mse": [0.14278228532792428, 0.14278228532792428], "runtime": 704.295478105545, "alpha_mse": [1.713387423935092, 0.0], "prob_mse": [0.14287385936443542, 0.0], "adv_type": "random_pgd_csl", "dataset": "slashdot", "sample_size": 1, "test_ratio": 0.3, "T": 10, "realization": 0, "beta_mse": [1.713387423935092, 0.0], "attack_edge": 10000, "u_mse": [0.0, 0.0], "d_mse": [0.14278228532792428, 0.14278228532792428], "gamma": 0.05, "swap_ratio": 0.01}
{"acc": [0.8287014893705925, 0.0], "network_size": 164336, "b_mse": [0.14219405003380664, 0.14219405003380664], "runtime": 712.2515959739685, "alpha_mse": [1.7063286004056801, 0.0], "prob_mse": [0.14228560378634209, 0.0], "adv_type": "random_pgd_csl", "dataset": "slashdot", "sample_size": 1, "test_ratio": 0.3, "T": 10, "realization": 0, "beta_mse": [1.7063286004056801, 0.0], "attack_edge": 10000, "u_mse": [0.0, 0.0], "d_mse": [0.14219405003380664, 0.14219405003380664], "gamma": 0.07, "swap_ratio": 0.01}
{"acc": [0.8285595015985794, 0.0], "network_size": 164336, "b_mse": [0.14222278566599056, 0.14222278566599056], "runtime": 718.4322681427002, "alpha_mse": [1.706673427991887, 0.0], "prob_mse": [0.14231433536173088, 0.0], "adv_type": "random_pgd_csl", "dataset": "slashdot", "sample_size": 1, "test_ratio": 0.3, "T": 10, "realization": 0, "beta_mse": [1.706673427991887, 0.0], "attack_edge": 10000, "u_mse": [0.0, 0.0],