{"acc": [0.892731908152573, 0.0], "network_size": 8078, "b_mse": [0.08886826182618263, 0.08886826182618263], "runtime": 120.32304406166077, "alpha_mse": [1.0664191419141922, 0.0], "prob_mse": [0.08895473047304729, 0.0], "adv_type": "random_pgd", "dataset": "facebook", "sample_size": 1, "test_ratio": 0.3, "T": 10, "realization": 0, "beta_mse": [1.0664191419141922, 0.0], "attack_edge": 10000, "u_mse": [0.0, 0.0], "d_mse": [0.08886826182618263, 0.08886826182618263], "gamma": 0.0, "swap_ratio": 0.01}
{"acc": [0.20833161442562356, 0.0], "network_size": 8078, "b_mse": [0.660547304730473, 0.660547304730473], "runtime": 280.34139704704285, "alpha_mse": [7.926567656765677, 0.0], "prob_mse": [0.6605459020902089, 0.0], "adv_type": "random_pgd", "dataset": "facebook", "sample_size": 1, "test_ratio": 0.3, "T": 10, "realization": 0, "beta_mse": [7.926567656765677, 0.0], "attack_edge": 10000, "u_mse": [0.0, 0.0], "d_mse": [0.660547304730473, 0.660547304730473], "gamma": 0.01, "swap_ratio": 0.01}
{"acc": [0.21781998498362226, 0.0], "network_size": 8078, "b_mse": [0.6557687018701869, 0.6557687018701869], "runtime": 282.16475200653076, "alpha_mse": [7.869224422442244, 0.0], "prob_mse": [0.6557683718371837, 0.0], "adv_type": "random_pgd", "dataset": "facebook", "sample_size": 1, "test_ratio": 0.3, "T": 10, "realization": 0, "beta_mse": [7.869224422442244, 0.0], "attack_edge": 10000, "u_mse": [0.0, 0.0], "d_mse": [0.6557687018701869, 0.6557687018701869], "gamma": 0.03, "swap_ratio": 0.01}
{"acc": [0.20750653872492802, 0.0], "network_size": 8078, "b_mse": [0.6591721672167217, 0.6591721672167217], "runtime": 275.35142612457275, "alpha_mse": [7.91006600660066, 0.0], "prob_mse": [0.6591701045104511, 0.0], "adv_type": "random_pgd", "dataset": "facebook", "sample_size": 1, "test_ratio": 0.3, "T": 10, "realization": 0, "beta_mse": [7.91006600660066, 0.0], "attack_edge": 10000, "u_mse": [0.0, 0.0], "d_mse": [0.6591721672167217, 0.6591721672167217], "gamma": 0.05, "swap_ratio": 0.01}
{"acc": [0.22153282563675217, 0.0], "network_size": 8078, "b_mse": [0.6513338833883388, 0.6513338833883388], "runtime": 282.47610306739807, "alpha_mse": [7.816006600660066, 0.0], "prob_mse": [0.6513336358635863, 0.0], "adv_type": "random_pgd", "dataset": "facebook", "sample_size": 1, "test_ratio": 0.3, "T": 10, "realization": 0, "beta_mse": [7.816006600660066, 0.0], "attack_edge": 10000, "u_mse": [0.0, 0.0], "d_mse": [0.6513338833883388, 0.6513338833883388], "gamma": 0.07, "swap_ratio": 0.01}
{"acc": [0.2116319172284057, 0.0], "network_size": 8078, "b_mse": [0.6567656765676567, 0.6567656765676567], "runtime": 273.12774300575256, "alpha_mse": [7.881188118811881, 0.0], "prob_mse": [0.6567644389438945, 0.0], "adv_type": "random_pgd", "dataset": "facebook", "sample_size": 1, "test_ratio": 0.3, "T": 10, "realization": 0, "beta_mse": [7.881188118811881, 0.0], "attack_edge": 10000, "u_mse": [0.0, 0.0], "d_mse": [0.6567656765676567, 0.6567656765676567], "gamma": 0.09, "swap_ratio": 0.01}
{"acc": [0.866603158964132, 0.0], "network_size": 67392, "b_mse": [0.11164556335938274, 0.11164556335938274], "runtime": 731.234277009964, "alpha_mse": [1.3397467603125934, 0.0], "prob_mse": [0.1117359085963003, 0.0], "adv_type": "random_pgd", "dataset": "enron", "sample_size": 1, "test_ratio": 0.3, "T": 10, "realization": 0, "beta_mse": [1.3397467603125934, 0.0], "attack_edge": 10000, "u_mse": [0.0, 0.0], "d_mse": [0.11164556335938274, 0.11164556335938274], "gamma": 0.0, "swap_ratio": 0.01}
{"acc": [0.44188303305664944, 0.0], "network_size": 67392, "b_mse": [0.46785867378903284, 0.46785867378903284], "runtime": 938.2032260894775, "alpha_mse": [5.614304085468395, 0.0], "prob_mse": [0.46786657763708894, 0.0], "adv_type": "random_pgd", "dataset": "enron", "sample_size": 1, "test_ratio": 0.3, "T": 10, "realization": 0, "beta_mse": [5.614304085468395, 0.0], "attack_edge": 10000, "u_mse": [0.0, 0.0], "d_mse": [0.46785867378903284, 0.46785867378903284], "gamma": 0.01, "swap_ratio": 0.01}
{"acc": [0.8774844310407987, 0.0], "network_size": 164336, "b_mse": [0.10217207572684245, 0.10217207572684245], "runtime": 1374.3015539646149, "alpha_mse": [1.22606490872211, 0.0], "prob_mse": [0.10226267613252195, 0.0], "adv_type": "random_pgd", "dataset": "slashdot", "sample_size": 1, "test_ratio": 0.3, "T": 10, "realization": 0, "beta_mse": [1.22606490872211, 0.0], "attack_edge": 10000, "u_mse": [0.0, 0.0], "d_mse": [0.10217207572684248, 0.10217207572684248], "gamma": 0.0, "swap_ratio": 0.01}
{"acc": [0.44655154298111843, 0.0], "network_size": 164336, "b_mse": [0.4630713319810683, 0.4630713319810683], "runtime": 2007.5013589859009, "alpha_mse": [5.556855983772819, 0.0], "prob_mse": [0.46308407843137245, 0.0], "adv_type": "random_pgd", "dataset": "slashdot", "sample_size": 1, "test_ratio": 0.3, "T": 10, "realization": 0, "beta_mse": [5.556855983772819, 0.0], "attack_edge": 10000, "u_mse": [0.0, 0.0], "d_mse": [0.4630713319810683, 0.4630713319810683], "gamma": 0.05, "swap_ratio": 0.01}
{"acc": [0.4658715344034678, 0.0], "network_size": 67392, "b_mse": [0.4468460447785801, 0.4468460447785801], "runtime": 897.9203889369965, "alpha_mse": [5.362152537342962, 0.0], "prob_mse": [0.4468584891350941, 0.0], "adv_type": "random_pgd", "dataset": "enron", "sample_size": 1, "test_ratio": 0.3, "T": 10, "realization": 0, "beta_mse": [5.362152537342962, 0.0], "attack_edge": 10000, "u_mse": [0.0, 0.0], "d_mse": [0.4468460447785801, 0.4468460447785801], "gamma": 0.03, "swap_ratio": 0.01}
{"acc": [0.46231035482208443, 0.0], "network_size": 67392, "b_mse": [0.45092656708543544, 0.45092656708543544], "runtime": 890.1987309455872, "alpha_mse": [5.411118805025225, 0.0], "prob_mse": [0.45093500511095713, 0.0], "adv_type": "random_pgd", "dataset": "enron", "sample_size": 1, "test_ratio": 0.3, "T": 10, "realization": 0, "beta_mse": [5.411118805025225, 0.0], "attack_edge": 10000, "u_mse": [0.0, 0.0], "d_mse": [0.45092656708543544, 0.45092656708543544], "gamma": 0.05, "swap_ratio": 0.01}
{"acc": [0.44350894786655254, 0.0], "network_size": 164336, "b_mse": [0.465816430020284, 0.465816430020284], "runtime": 2077.5912189483643, "alpha_mse": [5.589797160243408, 0.0], "prob_mse": [0.46582774036511143, 0.0], "adv_type": "random_pgd", "dataset": "slashdot", "sample_size": 1, "test_ratio": 0.3, "T": 10, "realization": 0, "beta_mse": [5.589797160243408, 0.0], "attack_edge": 10000, "u_mse": [0.0, 0.0], "d_mse": [0.465816430020284, 0.465816430020284], "gamma": 0.01, "swap_ratio": 0.01}
{"acc": [0.4564739771748173, 0.0], "network_size": 67392, "b_mse": [0.4551389850628153, 0.4551389850628153], "runtime": 946.9363298416138, "alpha_mse": [5.461667820753783, 0.0], "prob_mse": [0.4551487981007023, 0.0], "adv_type": "random_pgd", "dataset": "enron", "sample_size": 1, "test_ratio": 0.3, "T": 10, "realization": 0, "beta_mse": [5.461667820753783, 0.0], "attack_edge": 10000, "u_mse": [0.0, 0.0], "d_mse": [0.4551389850628153, 0.4551389850628153], "gamma": 0.07, "swap_ratio": 0.01}
{"acc": [0.44320468835509597, 0.0], "network_size": 164336, "b_mse": [0.4662576064908722, 0.4662576064908722], "runtime": 2026.0712020397186, "alpha_mse": [5.595091277890466, 0.0], "prob_mse": [0.46626922515212976, 0.0], "adv_type": "random_pgd", "dataset": "slashdot", "sample_size": 1, "test_ratio": 0.3, "T": 10, "realization": 0, "beta_mse": [5.595091277890466, 0.0], "attack_edge": 10000, "u_mse": [0.0, 0.0], "d_mse": [0.4662576064908722, 0.4662576064908722], "gamma": 0.07, "swap_ratio": 0.01}
{"acc": [0.4697294789499664, 0.0], "network_size": 67392, "b_mse": [0.44424934876512673, 0.44424934876512673], "runtime": 845.3241410255432, "alpha_mse": [5.330992185181522, 0.0], "prob_mse": [0.44425863751772343, 0.0], "adv_type": "random_pgd", "dataset": "enron", "sample_size": 1, "test_ratio": 0.3, "T": 10, "realization": 0, "beta_mse": [5.330992185181522, 0.0], "attack_edge": 10000, "u_mse": [0.0, 0.0], "d_mse": [0.44424934876512673, 0.44424934876512673], "gamma": 0.09,