{"acc": [0.8747055275028285, 0.0], "network_size": 164336, "b_mse": [0.1048529411764706, 0.1048529411764706], "runtime": 2185.597440958023, "alpha_mse": [1.2582352941176476, 0.0], "prob_mse": [0.10494335902636914, 0.0], "adv_type": "random_noise", "dataset": "slashdot", "sample_size": 1, "test_ratio": 0.3, "T": 10, "realization": 0, "beta_mse": [1.2582352941176476, 0.0], "attack_edge": 10000, "u_mse": [0.0, 0.0], "d_mse": [0.1048529411764706, 0.1048529411764706], "gamma": 0.0, "swap_ratio": 0.01}
{"acc": [0.6986001222717556, 0.0], "network_size": 164336, "b_mse": [0.25221771467207577, 0.25221771467207577], "runtime": 2439.8014249801636, "alpha_mse": [3.0266125760649087, 0.0], "prob_mse": [0.2522780432724814, 0.0], "adv_type": "random_noise", "dataset": "slashdot", "sample_size": 1, "test_ratio": 0.3, "T": 10, "realization": 0, "beta_mse": [3.026612576064909, 0.0], "attack_edge": 10000, "u_mse": [0.0, 0.0], "d_mse": [0.25221771467207577, 0.25221771467207577], "gamma": 0.05, "swap_ratio": 0.01}
{"acc": [0.6972613804213467, 0.0], "network_size": 164336, "b_mse": [0.2533231913455037, 0.2533231913455037], "runtime": 2444.1439418792725, "alpha_mse": [3.0398782961460444, 0.0], "prob_mse": [0.25338352805949965, 0.0], "adv_type": "random_noise", "dataset": "slashdot", "sample_size": 1, "test_ratio": 0.3, "T": 10, "realization": 0, "beta_mse": [3.0398782961460453, 0.0], "attack_edge": 10000, "u_mse": [0.0, 0.0], "d_mse": [0.2533231913455037, 0.2533231913455037], "gamma": 0.01, "swap_ratio": 0.01}
{"acc": [0.6989449497180731, 0.0], "network_size": 164336, "b_mse": [0.2519624746450304, 0.2519624746450304], "runtime": 2429.7459230422974, "alpha_mse": [3.023549695740365, 0.0], "prob_mse": [0.252022803245436, 0.0], "adv_type": "random_noise", "dataset": "slashdot", "sample_size": 1, "test_ratio": 0.3, "T": 10, "realization": 0, "beta_mse": [3.023549695740366, 0.0], "attack_edge": 10000, "u_mse": [0.0, 0.0], "d_mse": [0.25196247464503047, 0.25196247464503047], "gamma": 0.07, "swap_ratio": 0.01}
{"acc": [0.7052532635889397, 0.0], "network_size": 164336, "b_mse": [0.24582826233941854, 0.24582826233941854], "runtime": 2067.0568509101868, "alpha_mse": [2.9499391480730224, 0.0], "prob_mse": [0.24589153617308984, 0.0], "adv_type": "random_noise", "dataset": "slashdot", "sample_size": 1, "test_ratio": 0.3, "T": 10, "realization": 0, "beta_mse": [2.949939148073023, 0.0], "attack_edge": 10000, "u_mse": [0.0, 0.0], "d_mse": [0.24582826233941854, 0.24582826233941854], "gamma": 0.03, "swap_ratio": 0.01}
{"acc": [0.6940970815021981, 0.0], "network_size": 164336, "b_mse": [0.25563556457065584, 0.25563556457065584], "runtime": 2061.633975982666, "alpha_mse": [3.06762677484787, 0.0], "prob_mse": [0.2556955686274509, 0.0], "adv_type": "random_noise", "dataset": "slashdot", "sample_size": 1, "test_ratio": 0.3, "T": 10, "realization": 0, "beta_mse": [3.06762677484787, 0.0], "attack_edge": 10000, "u_mse": [0.0, 0.0], "d_mse": [0.25563556457065584, 0.25563556457065584], "gamma": 0.09, "swap_ratio": 0.01}
