{"acc": [0.8877814539483998, 0.0], "network_size": 8078, "b_mse": [0.097737898789879, 0.097737898789879], "runtime": 78.23153614997864, "alpha_mse": [1.1728547854785487, 0.0], "prob_mse": [0.09782593509350933, 0.0], "adv_type": "random_pgd", "dataset": "facebook", "sample_size": 1, "test_ratio": 0.3, "T": 10, "realization": 0, "beta_mse": [1.1728547854785487, 0.0], "attack_edge": 10000, "u_mse": [0.0, 0.0], "d_mse": [0.097737898789879, 0.097737898789879], "gamma": 0.0, "swap_ratio": 0.01}
{"acc": [0.6196318512223496, 0.0], "network_size": 8078, "b_mse": [0.31569719471947194, 0.31569719471947194], "runtime": 99.40749907493591, "alpha_mse": [3.7883663366336635, 0.0], "prob_mse": [0.31579067656765675, 0.0], "adv_type": "random_pgd", "dataset": "facebook", "sample_size": 1, "test_ratio": 0.3, "T": 10, "realization": 0, "beta_mse": [3.788366336633664, 0.0], "attack_edge": 10000, "u_mse": [0.0, 0.0], "d_mse": [0.31569719471947194, 0.31569719471947194], "gamma": 0.09, "swap_ratio": 0.01}
{"acc": [0.610143480664351, 0.0], "network_size": 8078, "b_mse": [0.32580445544554454, 0.32580445544554454], "runtime": 93.5770480632782, "alpha_mse": [3.9096534653465347, 0.0], "prob_mse": [0.325898102310231, 0.0], "adv_type": "random_pgd", "dataset": "facebook", "sample_size": 1, "test_ratio": 0.3, "T": 10, "realization": 0, "beta_mse": [3.9096534653465356, 0.0], "attack_edge": 10000, "u_mse": [0.0, 0.0], "d_mse": [0.32580445544554454, 0.32580445544554454], "gamma": 0.01, "swap_ratio": 0.01}
{"acc": [0.6303578353313917, 0.0], "network_size": 8078, "b_mse": [0.3065181518151815, 0.3065181518151815], "runtime": 98.18461799621582, "alpha_mse": [3.6782178217821784, 0.0], "prob_mse": [0.3066114686468646, 0.0], "adv_type": "random_pgd", "dataset": "facebook", "sample_size": 1, "test_ratio": 0.3, "T": 10, "realization": 0, "beta_mse": [3.678217821782179, 0.0], "attack_edge": 10000, "u_mse": [0.0, 0.0], "d_mse": [0.3065181518151815, 0.3065181518151815], "gamma": 0.2, "swap_ratio": 0.01}
{"acc": [0.6122061699160898, 0.0], "network_size": 8078, "b_mse": [0.3231229372937294, 0.3231229372937294], "runtime": 94.07682299613953, "alpha_mse": [3.8774752475247523, 0.0], "prob_mse": [0.3232165841584158, 0.0], "adv_type": "random_pgd", "dataset": "facebook", "sample_size": 1, "test_ratio": 0.3, "T": 10, "realization": 0, "beta_mse": [3.877475247524753, 0.0], "attack_edge": 10000, "u_mse": [0.0, 0.0], "d_mse": [0.3231229372937294, 0.3231229372937294], "gamma": 0.03, "swap_ratio": 0.01}
{"acc": [0.6522223413998235, 0.0], "network_size": 8078, "b_mse": [0.2893976897689769, 0.2893976897689769], "runtime": 96.97751212120056, "alpha_mse": [3.4727722772277234, 0.0], "prob_mse": [0.28949067656765676, 0.0], "adv_type": "random_pgd", "dataset": "facebook", "sample_size": 1, "test_ratio": 0.3, "T": 10, "realization": 0, "beta_mse": [3.4727722772277234, 0.0], "attack_edge": 10000, "u_mse": [0.0, 0.0], "d_mse": [0.2893976897689769, 0.2893976897689769], "gamma": 0.3, "swap_ratio": 0.01}
{"acc": [0.6175691619706108, 0.0], "network_size": 8078, "b_mse": [0.31941006600660066, 0.31941006600660066], "runtime": 96.58238315582275, "alpha_mse": [3.832920792079208, 0.0], "prob_mse": [0.3195037128712871, 0.0], "adv_type": "random_pgd", "dataset": "facebook", "sample_size": 1, "test_ratio": 0.3, "T": 10, "realization": 0, "beta_mse": [3.8329207920792085, 0.0], "attack_edge": 10000, "u_mse": [0.0, 0.0], "d_mse": [0.31941006600660066, 0.31941006600660066], "gamma": 0.05, "swap_ratio": 0.01}
{"acc": [0.660060560556431, 0.0], "network_size": 8078, "b_mse": [0.2821094609460947, 0.2821094609460947], "runtime": 96.54787397384644, "alpha_mse": [3.385313531353136, 0.0], "prob_mse": [0.28220220022002196, 0.0], "adv_type": "random_pgd", "dataset": "facebook", "sample_size": 1, "test_ratio": 0.3, "T": 10, "realization": 0, "beta_mse": [3.385313531353136, 0.0], "attack_edge": 10000, "u_mse": [0.0, 0.0], "d_mse": [0.28210946094609457, 0.28210946094609457], "gamma": 0.4, "swap_ratio": 0.01}
{"acc": [0.6192193133720019, 0.0], "network_size": 8078, "b_mse": [0.31717546754675474, 0.31717546754675474], "runtime": 96.84794807434082, "alpha_mse": [3.806105610561056, 0.0], "prob_mse": [0.31726903190319033, 0.0], "adv_type": "random_pgd", "dataset": "facebook", "sample_size": 1, "test_ratio": 0.3, "T": 10, "realization": 0, "beta_mse": [3.806105610561057, 0.0], "attack_edge": 10000, "u_mse": [0.0, 0.0], "d_mse": [0.31717546754675474, 0.31717546754675474], "gamma": 0.07, "swap_ratio": 0.01}
{"acc": [0.49917079892080096, 0.0], "network_size": 8078, "b_mse": [0.41395077007700765, 0.41395077007700765], "runtime": 97.14627599716187, "alpha_mse": [4.967409240924093, 0.0], "prob_mse": [0.4139530803080308, 0.0], "adv_type": "random_pgd", "dataset": "facebook", "sample_size": 1, "test_ratio": 0.3, "T": 10, "realization": 0, "beta_mse": [4.967409240924093, 0.0], "attack_edge": 10000, "u_mse": [0.0, 0.0], "d_mse": [0.41395077007700776, 0.41395077007700776], "gamma": 0.5, "swap_ratio": 0.01}
{"acc": [0.8848936889959654, 0.0], "network_size": 8078, "b_mse": [0.09302805280528054, 0.09302805280528054], "runtime": 59.71340298652649, "alpha_mse": [1.116336633663367, 0.0], "prob_mse": [0.09311122112211218, 0.0], "adv_type": "random_pgd", "dataset": "facebook", "sample_size": 1, "test_ratio": 0.3, "T": 10, "realization": 0, "beta_mse": [1.116336633663367, 0.0], "attack_edge": 10000, "u_mse": [0.0, 0.0], "d_mse": [0.09302805280528054, 0.09302805280528054], "gamma": 0.0, "swap_ratio": 0.01}
{"acc": [0.6167440862699153, 0.0], "network_size": 8078, "b_mse": [0.2268976897689769, 0.2268976897689769], "runtime": 94.33509612083435, "alpha_mse": [2.7227722772277234, 0.0], "prob_mse": [0.22698415841584155, 0.0], "adv_type": "random_pgd", "dataset": "facebook", "sample_size": 1, "test_ratio": 0.3, "T": 10, "realization": 0, "beta_mse": [2.7227722772277234, 0.0], "attack_edge": 10000, "u_mse": [0.0, 0.0], "d_mse": [0.2268976897689769, 0.2268976897689769], "gamma": 0.01, "swap_ratio": 0.01}
