{"acc": [0.8573539842180391, 0.0], "network_size": 67392, "b_mse": [0.11903584264846508, 0.11903584264846508], "runtime": 678.5904150009155, "alpha_mse": [1.4284301117815814, 0.0], "prob_mse": [0.11912559435486526, 0.0], "adv_type": "random_pgd", "dataset": "enron", "sample_size": 1, "test_ratio": 0.3, "T": 10, "realization": 0, "beta_mse": [1.4284301117815814, 0.0], "attack_edge": 10000, "u_mse": [0.0, 0.0], "d_mse": [0.11903584264846508, 0.11903584264846508], "gamma": 0.0, "swap_ratio": 0.01}
{"acc": [0.780937005700855, 0.0], "network_size": 67392, "b_mse": [0.18208197315923105, 0.18208197315923105], "runtime": 822.1334140300751, "alpha_mse": [2.1849836779107727, 0.0], "prob_mse": [0.18217160615952777, 0.0], "adv_type": "random_pgd", "dataset": "enron", "sample_size": 1, "test_ratio": 0.3, "T": 10, "realization": 0, "beta_mse": [2.1849836779107727, 0.0], "attack_edge": 10000, "u_mse": [0.0, 0.0], "d_mse": [0.18208197315923105, 0.18208197315923105], "gamma": 0.01, "swap_ratio": 0.01}
{"acc": [0.9005701273091806, 0.0], "network_size": 8078, "b_mse": [0.08274889988998901, 0.08274889988998901], "runtime": 150.1187551021576, "alpha_mse": [0.9929867986798687, 0.0], "prob_mse": [0.08283594609460945, 0.0], "adv_type": "random_pgd", "dataset": "facebook", "sample_size": 1, "test_ratio": 0.3, "T": 10, "realization": 0, "beta_mse": [0.9929867986798687, 0.0], "attack_edge": 10000, "u_mse": [0.0, 0.0], "d_mse": [0.08274889988998901, 0.08274889988998901], "gamma": 0.0, "swap_ratio": 0.01}
{"acc": [0.5903416638476581, 0.0], "network_size": 8078, "b_mse": [0.3397964796479648, 0.3397964796479648], "runtime": 293.1227560043335, "alpha_mse": [4.077557755775578, 0.0], "prob_mse": [0.3398899614961496, 0.0], "adv_type": "random_pgd", "dataset": "facebook", "sample_size": 1, "test_ratio": 0.3, "T": 10, "realization": 0, "beta_mse": [4.077557755775579, 0.0], "attack_edge": 10000, "u_mse": [0.0, 0.0], "d_mse": [0.3397964796479648, 0.3397964796479648], "gamma": 0.01, "swap_ratio": 0.01}
{"acc": [0.5841535960924414, 0.0], "network_size": 8078, "b_mse": [0.34151540154015403, 0.34151540154015403], "runtime": 301.52033495903015, "alpha_mse": [4.098184818481848, 0.0], "prob_mse": [0.34160979097909794, 0.0], "adv_type": "random_pgd", "dataset": "facebook", "sample_size": 1, "test_ratio": 0.3, "T": 10, "realization": 0, "beta_mse": [4.098184818481849, 0.0], "attack_edge": 10000, "u_mse": [0.0, 0.0], "d_mse": [0.34151540154015403, 0.34151540154015403], "gamma": 0.03, "swap_ratio": 0.01}
{"acc": [0.7877625998985064, 0.0], "network_size": 67392, "b_mse": [0.1762084940811818, 0.1762084940811818], "runtime": 807.1306431293488, "alpha_mse": [2.114501928974182, 0.0], "prob_mse": [0.1762975731196623, 0.0], "adv_type": "random_pgd", "dataset": "enron", "sample_size": 1, "test_ratio": 0.3, "T": 10, "realization": 0, "beta_mse": [2.1145019289741818, 0.0], "attack_edge": 10000, "u_mse": [0.0, 0.0], "d_mse": [0.1762084940811818, 0.1762084940811818], "gamma": 0.03, "swap_ratio": 0.01}
{"acc": [0.5870413610448759, 0.0], "network_size": 8078, "b_mse": [0.340724697469747, 0.340724697469747], "runtime": 298.8812770843506, "alpha_mse": [4.088696369636963, 0.0], "prob_mse": [0.34081859185918595, 0.0], "adv_type": "random_pgd", "dataset": "facebook", "sample_size": 1, "test_ratio": 0.3, "T": 10, "realization": 0, "beta_mse": [4.088696369636964, 0.0], "attack_edge": 10000, "u_mse": [0.0, 0.0], "d_mse": [0.340724697469747, 0.340724697469747], "gamma": 0.05, "swap_ratio": 0.01}
{"acc": [0.5812658311400071, 0.0], "network_size": 8078, "b_mse": [0.34763476347634764, 0.34763476347634764], "runtime": 298.5710480213165, "alpha_mse": [4.1716171617161715, 0.0], "prob_mse": [0.34772799779978, 0.0], "adv_type": "random_pgd", "dataset": "facebook", "sample_size": 1, "test_ratio": 0.3, "T": 10, "realization": 0, "beta_mse": [4.171617161716172, 0.0], "attack_edge": 10000, "u_mse": [0.0, 0.0], "d_mse": [0.34763476347634764, 0.34763476347634764], "gamma": 0.07, "swap_ratio": 0.01}
{"acc": [0.5866288231945281, 0.0], "network_size": 8078, "b_mse": [0.34234048404840484, 0.34234048404840484], "runtime": 290.0059299468994, "alpha_mse": [4.108085808580858, 0.0], "prob_mse": [0.3424344609460946, 0.0], "adv_type": "random_pgd", "dataset": "facebook", "sample_size": 1, "test_ratio": 0.3, "T": 10, "realization": 0, "beta_mse": [4.108085808580859, 0.0], "attack_edge": 10000, "u_mse": [0.0, 0.0], "d_mse": [0.34234048404840484, 0.34234048404840484], "gamma": 0.09, "swap_ratio": 0.01}
{"acc": [0.7997815809856751, 0.0], "network_size": 67392, "b_mse": [0.165640353480397, 0.165640353480397], "runtime": 792.7232348918915, "alpha_mse": [1.9876842417647649, 0.0], "prob_mse": [0.16572890823358719, 0.0], "adv_type": "random_pgd", "dataset": "enron", "sample_size": 1, "test_ratio": 0.3, "T": 10, "realization": 0, "beta_mse": [1.9876842417647644, 0.0], "attack_edge": 10000, "u_mse": [0.0, 0.0], "d_mse": [0.165640353480397, 0.165640353480397], "gamma": 0.05, "swap_ratio": 0.01}
{"acc": [0.7845971069372767, 0.0], "network_size": 67392, "b_mse": [0.17814983348171598, 0.17814983348171598], "runtime": 804.6095349788666, "alpha_mse": [2.137798001780592, 0.0], "prob_mse": [0.17823913014805284, 0.0], "adv_type": "random_pgd", "dataset": "enron", "sample_size": 1, "test_ratio": 0.3, "T": 10, "realization": 0, "beta_mse": [2.1377980017805918, 0.0], "attack_edge": 10000, "u_mse": [0.0, 0.0], "d_mse": [0.17814983348171598, 0.17814983348171598], "gamma": 0.07, "swap_ratio": 0.01}
{"acc": [0.800424571743425, 0.0], "network_size": 67392, "b_mse": [0.16613496224486432, 0.16613496224486432], "runtime": 793.8018789291382, "alpha_mse": [1.9936195469383724, 0.0], "prob_mse": [0.1662236950572097, 0.0], "adv_type": "random_pgd", "dataset": "enron", "sample_size": 1, "test_ratio": 0.3, "T": 10, "realization": 0, "beta_mse": [1.9936195469383722, 0.0], "attack_edge": 10000, "u_mse": [0.0, 0.0], "d_mse": [0.16613496224486432, 0.16613496224486432], "gamma": 0.09, "swap_ratio": 0.01}
{"acc": [0.8575655750241075, 0.0], "network_size": 164336, "b_mse": [0.118789722785666, 0.118789722785666], "runtime": 2078.98618888855, "alpha_mse": [1.4254766734279924, 0.0], "prob_mse": [0.11887916294793778, 0.0], "adv_type": "random_pgd", "dataset": "slashdot", "sample_size": 1, "test_ratio": 0.3, "T": 10, "realization": 0, "beta_mse": [1.4254766734279924, 0.0], "attack_edge": 10000, "u_mse": [0.0, 0.0], "d_mse": [0.118789722785666, 0.118789722785666], "gamma": 0.0, "swap_ratio": 0.01}
{"acc": [0.7832654023264087, 0.0], "network_size": 164336, "b_mse": [0.1789401622718053, 0.1789401622718053], "runtime": 2117.269520044327, "alpha_mse": [2.1472819472616633, 0.0], "prob_mse": [0.17903064908722105, 0.0], "adv_type": "random_pgd", "dataset": "slashdot", "sample_size": 1, "test_ratio": 0.3, "T": 10, "realization": 0, "beta_mse": [2.1472819472616638, 0.0], "attack_edge": 10000, "u_mse": [0.0, 0.0], "d_mse": [0.1789401622718053, 0.1789401622718053], "gamma": 0.05, "swap_ratio": 0.01}
{"acc": [0.7868150966267355, 0.0], "network_size": 164336, "b_mse": [0.17619168356997972, 0.17619168356997972], "runtime": 2177.5092120170593, "alpha_mse": [2.1143002028397566, 0.0], "prob_mse": [0.17628211764705878, 0.0], "adv_type": "random_pgd", "dataset": "slashdot", "sample_size": 1, "test_ratio": 0.3, "T": 10, "realization": 0, "beta_mse": [2.114300202839757, 0.0], "attack_edge": 10000, "u_mse": [0.0, 0.0], "d_mse": [0.17619168356997972, 0.17619168356997972], "gamma": 0.01, "swap_ratio": 0.01}
{"acc": [0.7845432922745263, 0.0], "network_size": 164336, "b_mse": [0.1785057471264368, 0.1785057471264368], "runtime": 2102.1773891448975, "alpha_mse": [2.1420689655172414, 0.0], "prob_mse": [0.17859615686274505, 0.0], "adv_type": "random_pgd", "dataset": "slashdot", "sample_size": 1, "test_ratio": 0.3, "T": 10, "realization": 0, "beta_mse": [2.142068965517242, 0.0], "attack_edge": 10000, "u_mse": [0.0, 0.0], "d_mse": [0.1785057471264368, 0.1785057471264368], "gamma": 0.07,