{"acc": [0.8562658460126165, 0.0], "network_size": 67392, "b_mse": [0.11985606884954002, 0.11985606884954002], "runtime": 227.64989709854126, "alpha_mse": [1.4382728261944806, 0.0], "prob_mse": [0.11994470274013252, 0.0], "adv_type": "random_noise", "dataset": "enron", "sample_size": 1, "test_ratio": 0.3, "T": 10, "realization": 0, "beta_mse": [1.4382728261944806, 0.0], "attack_edge": 10000, "u_mse": [0.0, 0.0], "d_mse": [0.11985606884954002, 0.11985606884954002], "gamma": 0.0, "swap_ratio": 0.01}
{"acc": [0.8562658460126165, 0.0], "network_size": 67392, "b_mse": [0.11985606884954002, 0.11985606884954002], "runtime": 227.098473072052, "alpha_mse": [1.4382728261944806, 0.0], "prob_mse": [0.11994470274013252, 0.0], "adv_type": "random_noise", "dataset": "enron", "sample_size": 1, "test_ratio": 0.3, "T": 10, "realization": 1, "beta_mse": [1.4382728261944806, 0.0], "attack_edge": 10000, "u_mse": [0.0, 0.0], "d_mse": [0.11985606884954002, 0.11985606884954002], "gamma": 0.0, "swap_ratio": 0.01}
{"acc": [0.8275291052239536, 0.0], "network_size": 67392, "b_mse": [0.14343241995581496, 0.14343241995581496], "runtime": 330.65742206573486, "alpha_mse": [1.7211890394697797, 0.0], "prob_mse": [0.14352153856299665, 0.0], "adv_type": "random_noise", "dataset": "enron", "sample_size": 1, "test_ratio": 0.3, "T": 10, "realization": 0, "beta_mse": [1.7211890394697797, 0.0], "attack_edge": 10000, "u_mse": [0.0, 0.0], "d_mse": [0.14343241995581496, 0.14343241995581496], "gamma": 0.01, "swap_ratio": 0.01}
{"acc": [0.8275291052239536, 0.0], "network_size": 67392, "b_mse": [0.14343241995581496, 0.14343241995581496], "runtime": 312.50660586357117, "alpha_mse": [1.7211890394697797, 0.0], "prob_mse": [0.14352153856299665, 0.0], "adv_type": "random_noise", "dataset": "enron", "sample_size": 1, "test_ratio": 0.3, "T": 10, "realization": 1, "beta_mse": [1.7211890394697797, 0.0], "attack_edge": 10000, "u_mse": [0.0, 0.0], "d_mse": [0.14343241995581496, 0.14343241995581496], "gamma": 0.01, "swap_ratio": 0.01}
{"acc": [0.8279247918441074, 0.0], "network_size": 67392, "b_mse": [0.14323045471032414, 0.14323045471032414], "runtime": 263.79755210876465, "alpha_mse": [1.71876545652389, 0.0], "prob_mse": [0.1433195634253305, 0.0], "adv_type": "random_noise", "dataset": "enron", "sample_size": 1, "test_ratio": 0.3, "T": 10, "realization": 0, "beta_mse": [1.71876545652389, 0.0], "attack_edge": 10000, "u_mse": [0.0, 0.0], "d_mse": [0.14323045471032414, 0.14323045471032414], "gamma": 0.03, "swap_ratio": 0.01}
{"acc": [0.8279247918441074, 0.0], "network_size": 67392, "b_mse": [0.14323045471032414, 0.14323045471032414], "runtime": 271.4245328903198, "alpha_mse": [1.71876545652389, 0.0], "prob_mse": [0.1433195634253305, 0.0], "adv_type": "random_noise", "dataset": "enron", "sample_size": 1, "test_ratio": 0.3, "T": 10, "realization": 1, "beta_mse": [1.71876545652389, 0.0], "attack_edge": 10000, "u_mse": [0.0, 0.0], "d_mse": [0.14323045471032414, 0.14323045471032414], "gamma": 0.03, "swap_ratio": 0.01}
{"acc": [0.8404878420339875, 0.0], "network_size": 67392, "b_mse": [0.13307860981963268, 0.13307860981963268], "runtime": 385.9196138381958, "alpha_mse": [1.5969433178355925, 0.0], "prob_mse": [0.13316763939723675, 0.0], "adv_type": "random_noise", "dataset": "enron", "sample_size": 1, "test_ratio": 0.3, "T": 10, "realization": 0, "beta_mse": [1.5969433178355925, 0.0], "attack_edge": 10000, "u_mse": [0.0, 0.0], "d_mse": [0.13307860981963268, 0.13307860981963268], "gamma": 0.05, "swap_ratio": 0.01}
{"acc": [0.8404878420339875, 0.0], "network_size": 67392, "b_mse": [0.13307860981963268, 0.13307860981963268], "runtime": 276.9951651096344, "alpha_mse": [1.5969433178355925, 0.0], "prob_mse": [0.13316763939723675, 0.0], "adv_type": "random_noise", "dataset": "enron", "sample_size": 1, "test_ratio": 0.3, "T": 10, "realization": 1, "beta_mse": [1.5969433178355925, 0.0], "attack_edge": 10000, "u_mse": [0.0, 0.0], "d_mse": [0.13307860981963268, 0.13307860981963268], "gamma": 0.05, "swap_ratio": 0.01}
{"acc": [0.8408835286541412, 0.0], "network_size": 67392, "b_mse": [0.13286427935503017, 0.13286427935503017], "runtime": 267.6280679702759, "alpha_mse": [1.5943713522603626, 0.0], "prob_mse": [0.13295330893263424, 0.0], "adv_type": "random_noise", "dataset": "enron", "sample_size": 1, "test_ratio": 0.3, "T": 10, "realization": 0, "beta_mse": [1.5943713522603624, 0.0], "attack_edge": 10000, "u_mse": [0.0, 0.0], "d_mse": [0.13286427935503017, 0.13286427935503017], "gamma": 0.07, "swap_ratio": 0.01}
{"acc": [0.8408835286541412, 0.0], "network_size": 67392, "b_mse": [0.13286427935503017, 0.13286427935503017], "runtime": 259.36978793144226, "alpha_mse": [1.5943713522603626, 0.0], "prob_mse": [0.13295330893263424, 0.0], "adv_type": "random_noise", "dataset": "enron", "sample_size": 1, "test_ratio": 0.3, "T": 10, "realization": 1, "beta_mse": [1.5943713522603624, 0.0], "attack_edge": 10000, "u_mse": [0.0, 0.0], "d_mse": [0.13286427935503017, 0.13286427935503017], "gamma": 0.07, "swap_ratio": 0.01}
{"acc": [0.8413781369293333, 0.0], "network_size": 67392, "b_mse": [0.13247683582286413, 0.13247683582286413], "runtime": 381.05983710289, "alpha_mse": [1.58972202987437, 0.0], "prob_mse": [0.1325658654004682, 0.0], "adv_type": "random_noise", "dataset": "enron", "sample_size": 1, "test_ratio": 0.3, "T": 10, "realization": 0, "beta_mse": [1.5897220298743697, 0.0], "attack_edge": 10000, "u_mse": [0.0, 0.0], "d_mse": [0.13247683582286413, 0.13247683582286413], "gamma": 0.09, "swap_ratio": 0.01}
{"acc": [0.8413781369293333, 0.0], "network_size": 67392, "b_mse": [0.13247683582286413, 0.13247683582286413], "runtime": 263.12527894973755, "alpha_mse": [1.58972202987437, 0.0], "prob_mse": [0.1325658654004682, 0.0], "adv_type": "random_noise", "dataset": "enron", "sample_size": 1, "test_ratio": 0.3, "T": 10, "realization": 1, "beta_mse": [1.5897220298743697, 0.0], "attack_edge": 10000, "u_mse": [0.0, 0.0], "d_mse": [0.13247683582286413, 0.13247683582286413], "gamma": 0.09, "swap_ratio": 0.01}
{"acc": [0.8538917262916942, 0.0], "network_size": 67392, "b_mse": [0.12238269528802717, 0.12238269528802717], "runtime": 255.43098306655884, "alpha_mse": [1.4685923434563266, 0.0], "prob_mse": [0.12247171497345596, 0.0], "adv_type": "random_noise", "dataset": "enron", "sample_size": 1, "test_ratio": 0.3, "T": 10, "realization": 0, "beta_mse": [1.4685923434563268, 0.0], "attack_edge": 10000, "u_mse": [0.0, 0.0], "d_mse": [0.12238269528802717, 0.12238269528802717], "gamma": 0.2, "swap_ratio": 0.01}
{"acc": [0.8538917262916942, 0.0], "network_size": 67392, "b_mse": [0.12238269528802717, 0.12238269528802717], "runtime": 282.35090804100037, "alpha_mse": [1.4685923434563266, 0.0], "prob_mse": [0.12247171497345596, 0.0], "adv_type": "random_noise", "dataset": "enron", "sample_size": 1, "test_ratio": 0.3, "T": 10, "realization": 1, "beta_mse": [1.4685923434563268, 0.0], "attack_edge": 10000, "u_mse": [0.0, 0.0], "d_mse": [0.12238269528802717, 0.12238269528802717], "gamma": 0.2, "swap_ratio": 0.01}
{"acc": [0.8550787861521554, 0.0], "network_size": 67392, "b_mse": [0.12149239951198602, 0.12149239951198602], "runtime": 351.06705498695374, "alpha_mse": [1.4579087941438327, 0.0], "prob_mse": [0.1215814290895901, 0.0], "adv_type": "random_noise", "dataset": "enron", "sample_size": 1, "test_ratio": 0.3, "T": 10, "realization": 0, "beta_mse": [1.457908794143833, 0.0], "attack_edge": 10000, "u_mse": [0.0, 0.0], "d_mse": [0.12149239951198602, 0.12149239951198602], "gamma": 0.3, "swap_ratio": 0.01}
{"acc": [0.8550787861521554, 0.0], "network_size": 67392, "b_mse": [0.12149239951198602, 0.12149239951198602], "runtime": 269.3172700405121, "alpha_mse": [1.4579087941438327, 0.0], "prob_mse": [0.1215814290895901, 0.0], "adv_type": "random_noise", "dataset": "enron", "sample_size": 1, "test_ratio": 0.3, "T": 10, "realization": 1, "beta_mse": [1.457908794143833, 0.0], "attack_edge": 10000, "u_mse": [0.0, 0.0], "d_mse": [0.12149239951198602, 0.12149239951198602],