{"acc": [0.8774844310407987, 0.0], "network_size": 164336, "b_mse": [0.10217207572684245, 0.10217207572684245], "runtime": 2131.095383167267, "alpha_mse": [1.22606490872211, 0.0], "prob_mse": [0.10226267613252195, 0.0], "adv_type": "random_pgd", "dataset": "slashdot", "sample_size": 1, "test_ratio": 0.3, "T": 10, "realization": 0, "beta_mse": [1.22606490872211, 0.0], "attack_edge": 10000, "u_mse": [0.0, 0.0], "d_mse": [0.10217207572684248, 0.10217207572684248], "gamma": 0.0, "swap_ratio": 0.01}
{"acc": [0.892731908152573, 0.0], "network_size": 8078, "b_mse": [0.08886826182618263, 0.08886826182618263], "runtime": 122.7686378955841, "alpha_mse": [1.0664191419141922, 0.0], "prob_mse": [0.08895473047304729, 0.0], "adv_type": "random_pgd", "dataset": "facebook", "sample_size": 1, "test_ratio": 0.3, "T": 10, "realization": 0, "beta_mse": [1.0664191419141922, 0.0], "attack_edge": 10000, "u_mse": [0.0, 0.0], "d_mse": [0.08886826182618263, 0.08886826182618263], "gamma": 0.0, "swap_ratio": 0.01}
{"acc": [0.49834572322010545, 0.0], "network_size": 8078, "b_mse": [0.4191075357535753, 0.4191075357535753], "runtime": 45.1238489151001, "alpha_mse": [5.029290429042905, 0.0], "prob_mse": [0.41909920242024196, 0.0], "adv_type": "random_pgd", "dataset": "facebook", "sample_size": 1, "test_ratio": 0.3, "T": 10, "realization": 0, "beta_mse": [5.029290429042904, 0.0], "attack_edge": 10000, "u_mse": [0.0, 0.0], "d_mse": [0.4191075357535753, 0.4191075357535753], "gamma": 0.01, "swap_ratio": 0.01}
{"acc": [0.5037523311349569, 0.0], "network_size": 164336, "b_mse": [0.4236359026369169, 0.4236359026369169], "runtime": 3125.405219078064, "alpha_mse": [5.083630831643002, 0.0], "prob_mse": [0.42363973225152124, 0.0], "adv_type": "random_pgd", "dataset": "slashdot", "sample_size": 1, "test_ratio": 0.3, "T": 10, "realization": 0, "beta_mse": [5.083630831643002, 0.0], "attack_edge": 10000, "u_mse": [0.0, 0.0], "d_mse": [0.42363590263691686, 0.42363590263691686], "gamma": 0.01, "swap_ratio": 0.01}
{"acc": [0.5140221615333207, 0.0], "network_size": 8078, "b_mse": [0.4103410341034103, 0.4103410341034103], "runtime": 45.025107860565186, "alpha_mse": [4.924092409240925, 0.0], "prob_mse": [0.4103347634763476, 0.0], "adv_type": "random_pgd", "dataset": "facebook", "sample_size": 1, "test_ratio": 0.3, "T": 10, "realization": 0, "beta_mse": [4.924092409240924, 0.0], "attack_edge": 10000, "u_mse": [0.0, 0.0], "d_mse": [0.4103410341034103, 0.4103410341034103], "gamma": 0.03, "swap_ratio": 0.01}
{"acc": [0.5057714045263653, 0.0], "network_size": 8078, "b_mse": [0.4146039603960396, 0.4146039603960396], "runtime": 44.95832681655884, "alpha_mse": [4.975247524752476, 0.0], "prob_mse": [0.41459661716171614, 0.0], "adv_type": "random_pgd", "dataset": "facebook", "sample_size": 1, "test_ratio": 0.3, "T": 10, "realization": 0, "beta_mse": [4.975247524752476, 0.0], "attack_edge": 10000, "u_mse": [0.0, 0.0], "d_mse": [0.4146039603960396, 0.4146039603960396], "gamma": 0.05, "swap_ratio": 0.01}
{"acc": [0.5070090180774086, 0.0], "network_size": 8078, "b_mse": [0.41329757975797576, 0.41329757975797576], "runtime": 43.88647508621216, "alpha_mse": [4.9595709570957105, 0.0], "prob_mse": [0.4132901540154015, 0.0], "adv_type": "random_pgd", "dataset": "facebook", "sample_size": 1, "test_ratio": 0.3, "T": 10, "realization": 0, "beta_mse": [4.95957095709571, 0.0], "attack_edge": 10000, "u_mse": [0.0, 0.0], "d_mse": [0.41329757975797576, 0.41329757975797576], "gamma": 0.07, "swap_ratio": 0.01}
{"acc": [0.506183942376713, 0.0], "network_size": 8078, "b_mse": [0.41350385038503845, 0.41350385038503845], "runtime": 45.83015012741089, "alpha_mse": [4.962046204620463, 0.0], "prob_mse": [0.4134964246424643, 0.0], "adv_type": "random_pgd", "dataset": "facebook", "sample_size": 1, "test_ratio": 0.3, "T": 10, "realization": 0, "beta_mse": [4.962046204620462, 0.0], "attack_edge": 10000, "u_mse": [0.0, 0.0], "d_mse": [0.41350385038503845, 0.41350385038503845], "gamma": 0.09, "swap_ratio": 0.01}
{"acc": [0.5065964802270608, 0.0], "network_size": 8078, "b_mse": [0.41491336633663367, 0.41491336633663367], "runtime": 43.67597413063049, "alpha_mse": [4.9789603960396045, 0.0], "prob_mse": [0.4149055280528053, 0.0], "adv_type": "random_pgd", "dataset": "facebook", "sample_size": 1, "test_ratio": 0.3, "T": 10, "realization": 0, "beta_mse": [4.978960396039604, 0.0], "attack_edge": 10000, "u_mse": [0.0, 0.0], "d_mse": [0.41491336633663367, 0.41491336633663367], "gamma": 0.11, "swap_ratio": 0.01}
{"acc": [0.5115469344312341, 0.0], "network_size": 8078, "b_mse": [0.4126443894389438, 0.4126443894389438], "runtime": 44.26590418815613, "alpha_mse": [4.951732673267328, 0.0], "prob_mse": [0.41263721122112207, 0.0], "adv_type": "random_pgd", "dataset": "facebook", "sample_size": 1, "test_ratio": 0.3, "T": 10, "realization": 0, "beta_mse": [4.951732673267327, 0.0], "attack_edge": 10000, "u_mse": [0.0, 0.0], "d_mse": [0.4126443894389438, 0.4126443894389438], "gamma": 0.13, "swap_ratio": 0.01}
{"acc": [0.5041212531249742, 0.0], "network_size": 8078, "b_mse": [0.41597909790979093, 0.41597909790979093], "runtime": 44.37009406089783, "alpha_mse": [4.9917491749174925, 0.0], "prob_mse": [0.41597249724972496, 0.0], "adv_type": "random_pgd", "dataset": "facebook", "sample_size": 1, "test_ratio": 0.3, "T": 10, "realization": 0, "beta_mse": [4.991749174917492, 0.0], "attack_edge": 10000, "u_mse": [0.0, 0.0], "d_mse": [0.4159790979097909, 0.4159790979097909], "gamma": 0.15, "swap_ratio": 0.01}
{"acc": [0.5053588666760175, 0.0], "network_size": 8078, "b_mse": [0.4146039603960396, 0.4146039603960396], "runtime": 44.67224907875061, "alpha_mse": [4.975247524752476, 0.0], "prob_mse": [0.41459711221122103, 0.0], "adv_type": "random_pgd", "dataset": "facebook", "sample_size": 1, "test_ratio": 0.3, "T": 10, "realization": 0, "beta_mse": [4.975247524752476, 0.0], "attack_edge": 10000, "u_mse": [0.0, 0.0], "d_mse": [0.4146039603960396, 0.4146039603960396], "gamma": 0.2, "swap_ratio": 0.01}
{"acc": [0.5004084124718443, 0.0], "network_size": 8078, "b_mse": [0.41917629262926287, 0.41917629262926287], "runtime": 45.10321497917175, "alpha_mse": [5.0301155115511555, 0.0], "prob_mse": [0.4191677942794279, 0.0], "adv_type": "random_pgd", "dataset": "facebook", "sample_size": 1, "test_ratio": 0.3, "T": 10, "realization": 0, "beta_mse": [5.0301155115511555, 0.0], "attack_edge": 10000, "u_mse": [0.0, 0.0], "d_mse": [0.41917629262926287, 0.41917629262926287], "gamma": 0.25, "swap_ratio": 0.01}
{"acc": [0.5032857998840568, 0.0], "network_size": 164336, "b_mse": [0.41929682217714676, 0.41929682217714676], "runtime": 2906.089984178543, "alpha_mse": [5.03156186612576, 0.0], "prob_mse": [0.419301110209601, 0.0], "adv_type": "random_pgd", "dataset": "slashdot", "sample_size": 1, "test_ratio": 0.3, "T": 10, "realization": 0, "beta_mse": [5.03156186612576, 0.0], "attack_edge": 10000, "u_mse": [0.0, 0.0], "d_mse": [0.41929682217714676, 0.41929682217714676], "gamma": 0.03, "swap_ratio": 0.01}
{"acc": [0.5045231218973136, 0.0], "network_size": 164336, "b_mse": [0.41934077079107507, 0.41934077079107507], "runtime": 2784.724254846573, "alpha_mse": [5.032089249492901, 0.0], "prob_mse": [0.419345079107505, 0.0], "adv_type": "random_pgd", "dataset": "slashdot", "sample_size": 1, "test_ratio": 0.3, "T": 10, "realization": 0, "beta_mse": [5.032089249492901, 0.0], "attack_edge": 10000, "u_mse": [0.0, 0.0], "d_mse": [0.41934077079107507, 0.41934077079107507], "gamma": 0.05, "swap_ratio": 0.01}
{"acc": [0.5022716015125348, 0.0], "network_size": 164336, "b_mse": [0.4181761325219742, 0.4181761325219742], "runtime": 425.439670085907, "alpha_mse": [5.018113590263692, 0.0], "prob_mse": [0.41817945909398224, 0.0], "adv_type": "random_pgd", "dataset": "slashdot", "sample_size": 1, "test_ratio": 0.3, "T": 10, "realization": 0, "beta_mse": [5.018113590263692, 0.0], "attack_edge": 10000, "u_mse": [0.0, 0.0], "d_mse": [0.4181761325219742, 0.4181761325219742], "gamma": 0.07,