{"acc": [0.8991008991008991, 0.0], "network_size": 8078, "perturbation": 0.0, "runtime": 87.23656892776489, "alpha_mse": [0.9000000000000007, 0.0], "prob_mse": [0.07508, 0.0], "adv_type": "structure", "dataset": "facebook", "sample_size": 1, "test_ratio": 0.3, "b_mse": [0.075, 0.075], "T": 10, "realization": 0, "beta_mse": [0.9000000000000007, 0.0], "attack_edge": 10000, "u_mse": [0.0, 0.0], "d_mse": [0.075, 0.075], "swap_ratio": 0.01}
{"acc": [0.8991008991008991, 0.0], "network_size": 8078, "perturbation": 5, "runtime": 86.98149108886719, "alpha_mse": [0.9000000000000007, 0.0], "prob_mse": [0.07508, 0.0], "adv_type": "structure", "dataset": "facebook", "sample_size": 1, "test_ratio": 0.3, "b_mse": [0.075, 0.075], "T": 10, "realization": 0, "beta_mse": [0.9000000000000007, 0.0], "attack_edge": 10000, "u_mse": [0.0, 0.0], "d_mse": [0.075, 0.075], "swap_ratio": 0.01}
{"acc": [0.8991008991008991, 0.0], "network_size": 8078, "perturbation": 10, "runtime": 89.18934392929077, "alpha_mse": [0.6500000000000006, 0.0], "prob_mse": [0.05424666666666665, 0.0], "adv_type": "structure", "dataset": "facebook", "sample_size": 1, "test_ratio": 0.3, "b_mse": [0.05416666666666666, 0.05416666666666666], "T": 10, "realization": 0, "beta_mse": [0.6500000000000009, 0.0], "attack_edge": 10000, "u_mse": [0.0, 0.0], "d_mse": [0.05416666666666666, 0.05416666666666666], "swap_ratio": 0.01}
{"acc": [0.8991008991008991, 0.0], "network_size": 8078, "perturbation": 20, "runtime": 98.78652095794678, "alpha_mse": [0.9000000000000007, 0.0], "prob_mse": [0.07508, 0.0], "adv_type": "structure", "dataset": "facebook", "sample_size": 1, "test_ratio": 0.3, "b_mse": [0.075, 0.075], "T": 10, "realization": 0, "beta_mse": [0.9000000000000007, 0.0], "attack_edge": 10000, "u_mse": [0.0, 0.0], "d_mse": [0.075, 0.075], "swap_ratio": 0.01}
{"acc": [0.6993006993006993, 0.0], "network_size": 8078, "perturbation": 30, "runtime": 86.68860077857971, "alpha_mse": [3.0500000000000007, 0.0], "prob_mse": [0.2542566666666667, 0.0], "adv_type": "structure", "dataset": "facebook", "sample_size": 1, "test_ratio": 0.3, "b_mse": [0.2541666666666666, 0.2541666666666666], "T": 10, "realization": 0, "beta_mse": [3.0500000000000007, 0.0], "attack_edge": 10000, "u_mse": [0.0, 0.0], "d_mse": [0.25416666666666665, 0.25416666666666665], "swap_ratio": 0.01}
{"acc": [0.7492507492507493, 0.0], "network_size": 8078, "perturbation": 40, "runtime": 96.90343999862671, "alpha_mse": [2.8500000000000005, 0.0], "prob_mse": [0.23759999999999995, 0.0], "adv_type": "structure", "dataset": "facebook", "sample_size": 1, "test_ratio": 0.3, "b_mse": [0.2375, 0.2375], "T": 10, "realization": 0, "beta_mse": [2.8500000000000005, 0.0], "attack_edge": 10000, "u_mse": [0.0, 0.0], "d_mse": [0.2375, 0.2375], "swap_ratio": 0.01}
{"acc": [0.7492507492507493, 0.0], "network_size": 8078, "perturbation": 50, "runtime": 90.31518006324768, "alpha_mse": [2.8500000000000005, 0.0], "prob_mse": [0.23759999999999995, 0.0], "adv_type": "structure", "dataset": "facebook", "sample_size": 1, "test_ratio": 0.3, "b_mse": [0.2375, 0.2375], "T": 10, "realization": 0, "beta_mse": [2.8500000000000005, 0.0], "attack_edge": 10000, "u_mse": [0.0, 0.0], "d_mse": [0.2375, 0.2375], "swap_ratio": 0.01}
{"acc": [0.7992007992007992, 0.0], "network_size": 8078, "perturbation": 60, "runtime": 86.00860285758972, "alpha_mse": [2.400000000000001, 0.0], "prob_mse": [0.20009999999999994, 0.0], "adv_type": "structure", "dataset": "facebook", "sample_size": 1, "test_ratio": 0.3, "b_mse": [0.2, 0.2], "T": 10, "realization": 0, "beta_mse": [2.400000000000001, 0.0], "attack_edge": 10000, "u_mse": [0.0, 0.0], "d_mse": [0.2, 0.2], "swap_ratio": 0.01}
{"acc": [0.7992007992007992, 0.0], "network_size": 8078, "perturbation": 70, "runtime": 93.46421408653259, "alpha_mse": [2.400000000000001, 0.0], "prob_mse": [0.20009999999999994, 0.0], "adv_type": "structure", "dataset": "facebook", "sample_size": 1, "test_ratio": 0.3, "b_mse": [0.2, 0.2], "T": 10, "realization": 0, "beta_mse": [2.400000000000001, 0.0], "attack_edge": 10000, "u_mse": [0.0, 0.0], "d_mse": [0.2, 0.2], "swap_ratio": 0.01}
{"acc": [0.7992007992007992, 0.0], "network_size": 8078, "perturbation": 80, "runtime": 87.26130604743958, "alpha_mse": [2.400000000000001, 0.0], "prob_mse": [0.20009999999999994, 0.0], "adv_type": "structure", "dataset": "facebook", "sample_size": 1, "test_ratio": 0.3, "b_mse": [0.2, 0.2], "T": 10, "realization": 0, "beta_mse": [2.400000000000001, 0.0], "attack_edge": 10000, "u_mse": [0.0, 0.0], "d_mse": [0.2, 0.2], "swap_ratio": 0.01}
{"acc": [0.7992007992007992, 0.0], "network_size": 8078, "perturbation": 90, "runtime": 91.79592895507812, "alpha_mse": [2.400000000000001, 0.0], "prob_mse": [0.20009999999999994, 0.0], "adv_type": "structure", "dataset": "facebook", "sample_size": 1, "test_ratio": 0.3, "b_mse": [0.2, 0.2], "T": 10, "realization": 0, "beta_mse": [2.400000000000001, 0.0], "attack_edge": 10000, "u_mse": [0.0, 0.0], "d_mse": [0.2, 0.2], "swap_ratio": 0.01}
{"acc": [0.7992007992007992, 0.0], "network_size": 8078, "perturbation": 100, "runtime": 94.99139499664307, "alpha_mse": [2.3000000000000007, 0.0], "prob_mse": [0.19175666666666663, 0.0], "adv_type": "structure", "dataset": "facebook", "sample_size": 1, "test_ratio": 0.3, "b_mse": [0.1916666666666667, 0.1916666666666667], "T": 10, "realization": 0, "beta_mse": [2.3000000000000007, 0.0], "attack_edge": 10000, "u_mse": [0.0, 0.0], "d_mse": [0.19166666666666668, 0.19166666666666668], "swap_ratio": 0.01}
