{"acc": [0.8569582975978854, 0.0], "network_size": 67392, "b_mse": [0.11927902529099485, 0.11927902529099485], "runtime": 209.73497104644775, "alpha_mse": [1.4313483034919383, 0.0], "prob_mse": [0.11936795594684602, 0.0], "adv_type": "random_pgd_gcn_vae", "dataset": "enron", "sample_size": 1, "test_ratio": 0.3, "T": 10, "realization": 0, "beta_mse": [1.4313483034919383, 0.0], "attack_edge": 10000, "u_mse": [0.0, 0.0], "d_mse": [0.11927902529099485, 0.11927902529099485], "gamma": 0.0, "swap_ratio": 0.01}
{"acc": [0.81204786621044, 0.0], "network_size": 67392, "b_mse": [0.15570696079401192, 0.15570696079401192], "runtime": 253.45146107673645, "alpha_mse": [1.868483529528144, 0.0], "prob_mse": [0.15579669271606156, 0.0], "adv_type": "random_pgd_gcn_vae", "dataset": "enron", "sample_size": 1, "test_ratio": 0.3, "T": 10, "realization": 0, "beta_mse": [1.8684835295281437, 0.0], "attack_edge": 10000, "u_mse": [0.0, 0.0], "d_mse": [0.15570696079401192, 0.15570696079401192], "gamma": 0.01, "swap_ratio": 0.01}
{"acc": [0.8126413961406705, 0.0], "network_size": 67392, "b_mse": [0.1551670128928018, 0.1551670128928018], "runtime": 247.62154293060303, "alpha_mse": [1.862004154713622, 0.0], "prob_mse": [0.15525672503050084, 0.0], "adv_type": "random_pgd_gcn_vae", "dataset": "enron", "sample_size": 1, "test_ratio": 0.3, "T": 10, "realization": 0, "beta_mse": [1.862004154713622, 0.0], "attack_edge": 10000, "u_mse": [0.0, 0.0], "d_mse": [0.1551670128928018, 0.1551670128928018], "gamma": 0.03, "swap_ratio": 0.01}
{"acc": [0.8134822302084972, 0.0], "network_size": 67392, "b_mse": [0.15468889108715006, 0.15468889108715006], "runtime": 335.051687002182, "alpha_mse": [1.8562666930458012, 0.0], "prob_mse": [0.1547786032248491, 0.0], "adv_type": "random_pgd_gcn_vae", "dataset": "enron", "sample_size": 1, "test_ratio": 0.3, "T": 10, "realization": 0, "beta_mse": [1.8562666930458012, 0.0], "attack_edge": 10000, "u_mse": [0.0, 0.0], "d_mse": [0.1546888910871501, 0.1546888910871501], "gamma": 0.05, "swap_ratio": 0.01}
{"acc": [0.8139768384836893, 0.0], "network_size": 67392, "b_mse": [0.15429320407557623, 0.15429320407557623], "runtime": 331.7047281265259, "alpha_mse": [1.851518448906915, 0.0], "prob_mse": [0.15438288653674936, 0.0], "adv_type": "random_pgd_gcn_vae", "dataset": "enron", "sample_size": 1, "test_ratio": 0.3, "T": 10, "realization": 0, "beta_mse": [1.851518448906915, 0.0], "attack_edge": 10000, "u_mse": [0.0, 0.0], "d_mse": [0.15429320407557623, 0.15429320407557623], "gamma": 0.07, "swap_ratio": 0.01}
{"acc": [0.8147682117239967, 0.0], "network_size": 67392, "b_mse": [0.15354716918917138, 0.15354716918917138], "runtime": 330.61995697021484, "alpha_mse": [1.8425660302700568, 0.0], "prob_mse": [0.15363684175816925, 0.0], "adv_type": "random_pgd_gcn_vae", "dataset": "enron", "sample_size": 1, "test_ratio": 0.3, "T": 10, "realization": 0, "beta_mse": [1.8425660302700568, 0.0], "attack_edge": 10000, "u_mse": [0.0, 0.0], "d_mse": [0.15354716918917138, 0.15354716918917138], "gamma": 0.09, "swap_ratio": 0.01}
{"acc": [0.8167961056522844, 0.0], "network_size": 67392, "b_mse": [0.15177482111649687, 0.15177482111649687], "runtime": 298.31074690818787, "alpha_mse": [1.8212978533979625, 0.0], "prob_mse": [0.15186448379331946, 0.0], "adv_type": "random_pgd_gcn_vae", "dataset": "enron", "sample_size": 1, "test_ratio": 0.3, "T": 10, "realization": 0, "beta_mse": [1.8212978533979625, 0.0], "attack_edge": 10000, "u_mse": [0.0, 0.0], "d_mse": [0.15177482111649687, 0.15177482111649687], "gamma": 0.2, "swap_ratio": 0.01}
{"acc": [0.8188734604080914, 0.0], "network_size": 67392, "b_mse": [0.15013436871434696, 0.15013436871434696], "runtime": 318.73359179496765, "alpha_mse": [1.8016124245721639, 0.0], "prob_mse": [0.1502239720381178, 0.0], "adv_type": "random_pgd_gcn_vae", "dataset": "enron", "sample_size": 1, "test_ratio": 0.3, "T": 10, "realization": 0, "beta_mse": [1.8016124245721639, 0.0], "attack_edge": 10000, "u_mse": [0.0, 0.0], "d_mse": [0.15013436871434696, 0.15013436871434696], "gamma": 0.3, "swap_ratio": 0.01}
{"acc": [0.8201099810960717, 0.0], "network_size": 67392, "b_mse": [0.14897615985755266, 0.14897615985755266], "runtime": 327.7037179470062, "alpha_mse": [1.7877139182906325, 0.0], "prob_mse": [0.14906576318132353, 0.0], "adv_type": "random_pgd_gcn_vae", "dataset": "enron", "sample_size": 1, "test_ratio": 0.3, "T": 10, "realization": 0, "beta_mse": [1.7877139182906325, 0.0], "attack_edge": 10000, "u_mse": [0.0, 0.0], "d_mse": [0.14897615985755266, 0.14897615985755266], "gamma": 0.4, "swap_ratio": 0.01}
{"acc": [0.5037090674556658, 0.0], "network_size": 67392, "b_mse": [0.41490668381310375, 0.41490668381310375], "runtime": 333.22194600105286, "alpha_mse": [4.978880205757246, 0.0], "prob_mse": [0.41490795001154085, 0.0], "adv_type": "random_pgd_gcn_vae", "dataset": "enron", "sample_size": 1, "test_ratio": 0.3, "T": 10, "realization": 0, "beta_mse": [4.978880205757246, 0.0], "attack_edge": 10000, "u_mse": [0.0, 0.0], "d_mse": [0.41490668381310375, 0.41490668381310375], "gamma": 0.5, "swap_ratio": 0.01}
