{"acc": [0.4962830339683666, 0.0], "network_size": 8078, "b_mse": [0.41707920792079206, 0.41707920792079206], "runtime": 0.054553985595703125, "alpha_mse": [5.004950495049505, 0.0], "prob_mse": [0.41122863036303625, 0.0], "adv_type": "random_noise", "dataset": "facebook", "sample_size": 1, "test_ratio": 0.3, "T": 10, "realization": 0, "beta_mse": [5.034653465346534, 0.0], "attack_edge": 10000, "u_mse": [0.11978429985855729, 0.0], "d_mse": [0.41955445544554454, 0.41955445544554454], "gamma": 0.0, "swap_ratio": 0.01}
{"acc": [0.5177350021864506, 0.0], "network_size": 8078, "b_mse": [0.4088971397139714, 0.4088971397139714], "runtime": 0.05454611778259277, "alpha_mse": [4.906765676567658, 0.0], "prob_mse": [0.3982376237623762, 0.0], "adv_type": "random_noise", "dataset": "facebook", "sample_size": 1, "test_ratio": 0.3, "T": 10, "realization": 0, "beta_mse": [4.832508250825082, 0.0], "attack_edge": 10000, "u_mse": [0.1186056105610561, 0.0], "d_mse": [0.40270902090209026, 0.40270902090209026], "gamma": 0.01, "swap_ratio": 0.01}
{"acc": [0.5053588666760175, 0.0], "network_size": 8078, "b_mse": [0.42271727172717277, 0.42271727172717277], "runtime": 0.05335092544555664, "alpha_mse": [5.072607260726072, 0.0], "prob_mse": [0.40995646314631456, 0.0], "adv_type": "random_noise", "dataset": "facebook", "sample_size": 1, "test_ratio": 0.3, "T": 10, "realization": 0, "beta_mse": [4.946369636963697, 0.0], "attack_edge": 10000, "u_mse": [0.12052098066949551, 0.0], "d_mse": [0.4121974697469747, 0.4121974697469747], "gamma": 0.03, "swap_ratio": 0.01}
{"acc": [0.5263982970437537, 0.0], "network_size": 8078, "b_mse": [0.39775852585258525, 0.39775852585258525], "runtime": 0.0538179874420166, "alpha_mse": [4.773102310231023, 0.0], "prob_mse": [0.39026124862486244, 0.0], "adv_type": "random_noise", "dataset": "facebook", "sample_size": 1, "test_ratio": 0.3, "T": 10, "realization": 0, "beta_mse": [4.753300330033004, 0.0], "attack_edge": 10000, "u_mse": [0.1236150400754361, 0.0], "d_mse": [0.3961083608360836, 0.3961083608360836], "gamma": 0.05, "swap_ratio": 0.01}
{"acc": [0.4826692849068902, 0.0], "network_size": 8078, "b_mse": [0.42622387238723863, 0.42622387238723863], "runtime": 0.05399918556213379, "alpha_mse": [5.114686468646864, 0.0], "prob_mse": [0.42033965896589653, 0.0], "adv_type": "random_noise", "dataset": "facebook", "sample_size": 1, "test_ratio": 0.3, "T": 10, "realization": 0, "beta_mse": [5.167491749174918, 0.0], "attack_edge": 10000, "u_mse": [0.1208156529938708, 0.0], "d_mse": [0.4306243124312431, 0.4306243124312431], "gamma": 0.07, "swap_ratio": 0.01}
{"acc": [0.4896824283628023, 0.0], "network_size": 8078, "b_mse": [0.43323707370737075, 0.43323707370737075], "runtime": 0.05369400978088379, "alpha_mse": [5.198844884488449, 0.0], "prob_mse": [0.42082186468646865, 0.0], "adv_type": "random_noise", "dataset": "facebook", "sample_size": 1, "test_ratio": 0.3, "T": 10, "realization": 0, "beta_mse": [5.093234323432343, 0.0], "attack_edge": 10000, "u_mse": [0.12140499764262143, 0.0], "d_mse": [0.4244361936193619, 0.4244361936193619], "gamma": 0.09, "swap_ratio": 0.01}
{"acc": [0.4933952690159322, 0.0], "network_size": 8078, "b_mse": [0.4251237623762376, 0.4251237623762376], "runtime": 0.056658029556274414, "alpha_mse": [5.101485148514851, 0.0], "prob_mse": [0.4162145764576457, 0.0], "adv_type": "random_noise", "dataset": "facebook", "sample_size": 1, "test_ratio": 0.3, "T": 10, "realization": 0, "beta_mse": [5.066006600660066, 0.0], "attack_edge": 10000, "u_mse": [0.12435172088637436, 0.0], "d_mse": [0.4221672167216722, 0.4221672167216722], "gamma": 0.2, "swap_ratio": 0.01}
{"acc": [0.5008209503221921, 0.0], "network_size": 8078, "b_mse": [0.41872937293729373, 0.41872937293729373], "runtime": 0.05541205406188965, "alpha_mse": [5.024752475247525, 0.0], "prob_mse": [0.40988960396039603, 0.0], "adv_type": "random_noise", "dataset": "facebook", "sample_size": 1, "test_ratio": 0.3, "T": 10, "realization": 0, "beta_mse": [4.984323432343235, 0.0], "attack_edge": 10000, "u_mse": [0.11079679396511079, 0.0], "d_mse": [0.4153602860286028, 0.4153602860286028], "gamma": 0.3, "swap_ratio": 0.01}
{"acc": [0.5070090180774086, 0.0], "network_size": 8078, "b_mse": [0.4041529152915292, 0.4041529152915292], "runtime": 0.054221153259277344, "alpha_mse": [4.84983498349835, 0.0], "prob_mse": [0.40194991749174913, 0.0], "adv_type": "random_noise", "dataset": "facebook", "sample_size": 1, "test_ratio": 0.3, "T": 10, "realization": 0, "beta_mse": [4.945544554455446, 0.0], "attack_edge": 10000, "u_mse": [0.1180162659123055, 0.0], "d_mse": [0.4121287128712871, 0.4121287128712871], "gamma": 0.4, "swap_ratio": 0.01}
{"acc": [0.4822567470565424, 0.0], "network_size": 8078, "b_mse": [0.4214108910891089, 0.4214108910891089], "runtime": 0.050830841064453125, "alpha_mse": [5.056930693069308, 0.0], "prob_mse": [0.41851850935093504, 0.0], "adv_type": "random_noise", "dataset": "facebook", "sample_size": 1, "test_ratio": 0.3, "T": 10, "realization": 0, "beta_mse": [5.170792079207921, 0.0], "attack_edge": 10000, "u_mse": [0.1183109382366808, 0.0], "d_mse": [0.4308993399339934, 0.4308993399339934], "gamma": 0.5, "swap_ratio": 0.01}
