{"acc": [0.4989608280138213, 0.0], "network_size": 67392, "b_mse": [0.4180433277277673, 0.4180433277277673], "runtime": 0.4331820011138916, "alpha_mse": [5.016519932733208, 0.0], "prob_mse": [0.41163912685066106, 0.0], "adv_type": "random_pgd_gcn_vae", "dataset": "enron", "sample_size": 1, "test_ratio": 0.3, "T": 10, "realization": 0, "beta_mse": [5.02829162132753, 0.0], "attack_edge": 10000, "u_mse": [0.1182998177013411, 0.0], "d_mse": [0.4190243017772941, 0.4190243017772941], "gamma": 0.0, "swap_ratio": 0.01}
{"acc": [0.4989608280138213, 0.0], "network_size": 67392, "b_mse": [0.4180433277277673, 0.4180433277277673], "runtime": 0.42298197746276855, "alpha_mse": [5.016519932733208, 0.0], "prob_mse": [0.41163912685066106, 0.0], "adv_type": "random_pgd_gcn_vae", "dataset": "enron", "sample_size": 1, "test_ratio": 0.3, "T": 10, "realization": 0, "beta_mse": [5.02829162132753, 0.0], "attack_edge": 10000, "u_mse": [0.1182998177013411, 0.0], "d_mse": [0.4190243017772941, 0.4190243017772941], "gamma": 0.01, "swap_ratio": 0.01}
{"acc": [0.4989608280138213, 0.0], "network_size": 67392, "b_mse": [0.4180433277277673, 0.4180433277277673], "runtime": 0.4253878593444824, "alpha_mse": [5.016519932733208, 0.0], "prob_mse": [0.41163912685066106, 0.0], "adv_type": "random_pgd_gcn_vae", "dataset": "enron", "sample_size": 1, "test_ratio": 0.3, "T": 10, "realization": 0, "beta_mse": [5.02829162132753, 0.0], "attack_edge": 10000, "u_mse": [0.1182998177013411, 0.0], "d_mse": [0.4190243017772941, 0.4190243017772941], "gamma": 0.03, "swap_ratio": 0.01}
{"acc": [0.4989608280138213, 0.0], "network_size": 67392, "b_mse": [0.4180433277277673, 0.4180433277277673], "runtime": 0.4236571788787842, "alpha_mse": [5.016519932733208, 0.0], "prob_mse": [0.41163912685066106, 0.0], "adv_type": "random_pgd_gcn_vae", "dataset": "enron", "sample_size": 1, "test_ratio": 0.3, "T": 10, "realization": 0, "beta_mse": [5.02829162132753, 0.0], "attack_edge": 10000, "u_mse": [0.1182998177013411, 0.0], "d_mse": [0.4190243017772941, 0.4190243017772941], "gamma": 0.05, "swap_ratio": 0.01}
{"acc": [0.4989608280138213, 0.0], "network_size": 67392, "b_mse": [0.4180433277277673, 0.4180433277277673], "runtime": 0.4230380058288574, "alpha_mse": [5.016519932733208, 0.0], "prob_mse": [0.41163912685066106, 0.0], "adv_type": "random_pgd_gcn_vae", "dataset": "enron", "sample_size": 1, "test_ratio": 0.3, "T": 10, "realization": 0, "beta_mse": [5.02829162132753, 0.0], "attack_edge": 10000, "u_mse": [0.1182998177013411, 0.0], "d_mse": [0.4190243017772941, 0.4190243017772941], "gamma": 0.07, "swap_ratio": 0.01}
{"acc": [0.4989608280138213, 0.0], "network_size": 67392, "b_mse": [0.4180433277277673, 0.4180433277277673], "runtime": 0.42746996879577637, "alpha_mse": [5.016519932733208, 0.0], "prob_mse": [0.41163912685066106, 0.0], "adv_type": "random_pgd_gcn_vae", "dataset": "enron", "sample_size": 1, "test_ratio": 0.3, "T": 10, "realization": 0, "beta_mse": [5.02829162132753, 0.0], "attack_edge": 10000, "u_mse": [0.1182998177013411, 0.0], "d_mse": [0.4190243017772941, 0.4190243017772941], "gamma": 0.09, "swap_ratio": 0.01}
{"acc": [0.4989608280138213, 0.0], "network_size": 67392, "b_mse": [0.4180433277277673, 0.4180433277277673], "runtime": 0.42098093032836914, "alpha_mse": [5.016519932733208, 0.0], "prob_mse": [0.41163912685066106, 0.0], "adv_type": "random_pgd_gcn_vae", "dataset": "enron", "sample_size": 1, "test_ratio": 0.3, "T": 10, "realization": 0, "beta_mse": [5.02829162132753, 0.0], "attack_edge": 10000, "u_mse": [0.1182998177013411, 0.0], "d_mse": [0.4190243017772941, 0.4190243017772941], "gamma": 0.2, "swap_ratio": 0.01}
{"acc": [0.4989608280138213, 0.0], "network_size": 67392, "b_mse": [0.4180433277277673, 0.4180433277277673], "runtime": 0.4209921360015869, "alpha_mse": [5.016519932733208, 0.0], "prob_mse": [0.41163912685066106, 0.0], "adv_type": "random_pgd_gcn_vae", "dataset": "enron", "sample_size": 1, "test_ratio": 0.3, "T": 10, "realization": 0, "beta_mse": [5.02829162132753, 0.0], "attack_edge": 10000, "u_mse": [0.1182998177013411, 0.0], "d_mse": [0.4190243017772941, 0.4190243017772941], "gamma": 0.3, "swap_ratio": 0.01}
{"acc": [0.4989608280138213, 0.0], "network_size": 67392, "b_mse": [0.4180433277277673, 0.4180433277277673], "runtime": 0.4220609664916992, "alpha_mse": [5.016519932733208, 0.0], "prob_mse": [0.41163912685066106, 0.0], "adv_type": "random_pgd_gcn_vae", "dataset": "enron", "sample_size": 1, "test_ratio": 0.3, "T": 10, "realization": 0, "beta_mse": [5.02829162132753, 0.0], "attack_edge": 10000, "u_mse": [0.1182998177013411, 0.0], "d_mse": [0.4190243017772941, 0.4190243017772941], "gamma": 0.4, "swap_ratio": 0.01}
{"acc": [0.4989608280138213, 0.0], "network_size": 67392, "b_mse": [0.4180433277277673, 0.4180433277277673], "runtime": 0.4229881763458252, "alpha_mse": [5.016519932733208, 0.0], "prob_mse": [0.41163912685066106, 0.0], "adv_type": "random_pgd_gcn_vae", "dataset": "enron", "sample_size": 1, "test_ratio": 0.3, "T": 10, "realization": 0, "beta_mse": [5.02829162132753, 0.0], "attack_edge": 10000, "u_mse": [0.1182998177013411, 0.0], "d_mse": [0.4190243017772941, 0.4190243017772941], "gamma": 0.5, "swap_ratio": 0.01}
{"acc": [0.5013182550433042, 0.0], "network_size": 164336, "b_mse": [0.41996788370520616, 0.41996788370520616], "runtime": 1.0767021179199219, "alpha_mse": [5.039614604462475, 0.0], "prob_mse": [0.41163983231913454, 0.0], "adv_type": "random_pgd_gcn_vae", "dataset": "slashdot", "sample_size": 1, "test_ratio": 0.3, "T": 10, "realization": 0, "beta_mse": [5.001440162271805, 0.0], "attack_edge": 10000, "u_mse": [0.117958562735439, 0.0], "d_mse": [0.4167866801893171, 0.4167866801893171], "gamma": 0.0, "swap_ratio": 0.01}
{"acc": [0.5013182550433042, 0.0], "network_size": 164336, "b_mse": [0.41996788370520616, 0.41996788370520616], "runtime": 1.109400987625122, "alpha_mse": [5.039614604462475, 0.0], "prob_mse": [0.41163983231913454, 0.0], "adv_type": "random_pgd_gcn_vae", "dataset": "slashdot", "sample_size": 1, "test_ratio": 0.3, "T": 10, "realization": 0, "beta_mse": [5.001440162271805, 0.0], "attack_edge": 10000, "u_mse": [0.117958562735439, 0.0], "d_mse": [0.4167866801893171, 0.4167866801893171], "gamma": 0.01, "swap_ratio": 0.01}
{"acc": [0.5013182550433042, 0.0], "network_size": 164336, "b_mse": [0.41996788370520616, 0.41996788370520616], "runtime": 1.0434458255767822, "alpha_mse": [5.039614604462475, 0.0], "prob_mse": [0.41163983231913454, 0.0], "adv_type": "random_pgd_gcn_vae", "dataset": "slashdot", "sample_size": 1, "test_ratio": 0.3, "T": 10, "realization": 0, "beta_mse": [5.001440162271805, 0.0], "attack_edge": 10000, "u_mse": [0.117958562735439, 0.0], "d_mse": [0.4167866801893171, 0.4167866801893171], "gamma": 0.03, "swap_ratio": 0.01}
{"acc": [0.5013182550433042, 0.0], "network_size": 164336, "b_mse": [0.41996788370520616, 0.41996788370520616], "runtime": 1.0491600036621094, "alpha_mse": [5.039614604462475, 0.0], "prob_mse": [0.41163983231913454, 0.0], "adv_type": "random_pgd_gcn_vae", "dataset": "slashdot", "sample_size": 1, "test_ratio": 0.3, "T": 10, "realization": 0, "beta_mse": [5.001440162271805, 0.0], "attack_edge": 10000, "u_mse": [0.117958562735439, 0.0], "d_mse": [0.4167866801893171, 0.4167866801893171], "gamma": 0.05, "swap_ratio": 0.01}
{"acc": [0.5013182550433042, 0.0], "network_size": 164336, "b_mse": [0.41996788370520616, 0.41996788370520616], "runtime": 1.0439329147338867, "alpha_mse": [5.039614604462475, 0.0], "prob_mse": [0.41163983231913454, 0.0], "adv_type": "random_pgd_gcn_vae", "dataset": "slashdot", "sample_size": 1, "test_ratio": 0.3, "T": 10, "realization": 0, "beta_mse": [5.001440162271805, 0.0], "attack_edge": 10000, "u_mse": [0.117958562735439, 0.0], "d_mse": [0.4167866801893171, 0.4167866801893171], "gamma": 0.07, "swap_ratio": 0.01}
{"acc": [0.5013182550433042, 0.0], "network_size": 164336, "b_mse": [0.41996788370520616, 0.41996788370520616], "runtime": 1.0597758293151855, "alpha_mse": [5.039614604462475, 0.0],