{"acc": [0.6493506493506493, 0.0], "network_size": 8078, "perturbation": 0.0, "runtime": 0.05091214179992676, "alpha_mse": [6.500000000000002, 0.0], "prob_mse": [0.4166966666666666, 0.0], "adv_type": "structure", "dataset": "facebook", "sample_size": 1, "test_ratio": 0.3, "b_mse": [0.5416666666666667, 0.5416666666666667], "T": 10, "realization": 0, "beta_mse": [3.500000000000001, 0.0], "attack_edge": 10000, "u_mse": [0.3571428571428571, 0.0], "d_mse": [0.29166666666666663, 0.29166666666666663], "swap_ratio": 0.01}
{"acc": [0.6493506493506493, 0.0], "network_size": 8078, "perturbation": 5, "runtime": 0.05738997459411621, "alpha_mse": [6.500000000000002, 0.0], "prob_mse": [0.4166966666666666, 0.0], "adv_type": "structure", "dataset": "facebook", "sample_size": 1, "test_ratio": 0.3, "b_mse": [0.5416666666666667, 0.5416666666666667], "T": 10, "realization": 0, "beta_mse": [3.500000000000001, 0.0], "attack_edge": 10000, "u_mse": [0.3571428571428571, 0.0], "d_mse": [0.29166666666666663, 0.29166666666666663], "swap_ratio": 0.01}
{"acc": [0.6493506493506493, 0.0], "network_size": 8078, "perturbation": 10, "runtime": 0.05775308609008789, "alpha_mse": [6.500000000000002, 0.0], "prob_mse": [0.4166966666666666, 0.0], "adv_type": "structure", "dataset": "facebook", "sample_size": 1, "test_ratio": 0.3, "b_mse": [0.5416666666666667, 0.5416666666666667], "T": 10, "realization": 0, "beta_mse": [3.500000000000001, 0.0], "attack_edge": 10000, "u_mse": [0.3571428571428571, 0.0], "d_mse": [0.29166666666666663, 0.29166666666666663], "swap_ratio": 0.01}
{"acc": [0.6493506493506493, 0.0], "network_size": 8078, "perturbation": 20, "runtime": 0.05915188789367676, "alpha_mse": [6.500000000000002, 0.0], "prob_mse": [0.4166966666666666, 0.0], "adv_type": "structure", "dataset": "facebook", "sample_size": 1, "test_ratio": 0.3, "b_mse": [0.5416666666666667, 0.5416666666666667], "T": 10, "realization": 0, "beta_mse": [3.500000000000001, 0.0], "attack_edge": 10000, "u_mse": [0.3571428571428571, 0.0], "d_mse": [0.29166666666666663, 0.29166666666666663], "swap_ratio": 0.01}
{"acc": [0.6493506493506493, 0.0], "network_size": 8078, "perturbation": 30, "runtime": 0.054821014404296875, "alpha_mse": [6.500000000000002, 0.0], "prob_mse": [0.4166966666666666, 0.0], "adv_type": "structure", "dataset": "facebook", "sample_size": 1, "test_ratio": 0.3, "b_mse": [0.5416666666666667, 0.5416666666666667], "T": 10, "realization": 0, "beta_mse": [3.500000000000001, 0.0], "attack_edge": 10000, "u_mse": [0.3571428571428571, 0.0], "d_mse": [0.29166666666666663, 0.29166666666666663], "swap_ratio": 0.01}
{"acc": [0.6493506493506493, 0.0], "network_size": 8078, "perturbation": 40, "runtime": 0.05726504325866699, "alpha_mse": [6.500000000000002, 0.0], "prob_mse": [0.4166966666666666, 0.0], "adv_type": "structure", "dataset": "facebook", "sample_size": 1, "test_ratio": 0.3, "b_mse": [0.5416666666666667, 0.5416666666666667], "T": 10, "realization": 0, "beta_mse": [3.500000000000001, 0.0], "attack_edge": 10000, "u_mse": [0.3571428571428571, 0.0], "d_mse": [0.29166666666666663, 0.29166666666666663], "swap_ratio": 0.01}
{"acc": [0.6493506493506493, 0.0], "network_size": 8078, "perturbation": 50, "runtime": 0.05910301208496094, "alpha_mse": [6.500000000000002, 0.0], "prob_mse": [0.4166966666666666, 0.0], "adv_type": "structure", "dataset": "facebook", "sample_size": 1, "test_ratio": 0.3, "b_mse": [0.5416666666666667, 0.5416666666666667], "T": 10, "realization": 0, "beta_mse": [3.500000000000001, 0.0], "attack_edge": 10000, "u_mse": [0.3571428571428571, 0.0], "d_mse": [0.29166666666666663, 0.29166666666666663], "swap_ratio": 0.01}
{"acc": [0.6493506493506493, 0.0], "network_size": 8078, "perturbation": 60, "runtime": 0.05740189552307129, "alpha_mse": [6.500000000000002, 0.0], "prob_mse": [0.4166966666666666, 0.0], "adv_type": "structure", "dataset": "facebook", "sample_size": 1, "test_ratio": 0.3, "b_mse": [0.5416666666666667, 0.5416666666666667], "T": 10, "realization": 0, "beta_mse": [3.500000000000001, 0.0], "attack_edge": 10000, "u_mse": [0.3571428571428571, 0.0], "d_mse": [0.29166666666666663, 0.29166666666666663], "swap_ratio": 0.01}
{"acc": [0.6493506493506493, 0.0], "network_size": 8078, "perturbation": 70, "runtime": 0.05857706069946289, "alpha_mse": [6.500000000000002, 0.0], "prob_mse": [0.4166966666666666, 0.0], "adv_type": "structure", "dataset": "facebook", "sample_size": 1, "test_ratio": 0.3, "b_mse": [0.5416666666666667, 0.5416666666666667], "T": 10, "realization": 0, "beta_mse": [3.500000000000001, 0.0], "attack_edge": 10000, "u_mse": [0.3571428571428571, 0.0], "d_mse": [0.29166666666666663, 0.29166666666666663], "swap_ratio": 0.01}
{"acc": [0.6493506493506493, 0.0], "network_size": 8078, "perturbation": 80, "runtime": 0.05719280242919922, "alpha_mse": [6.500000000000002, 0.0], "prob_mse": [0.4166966666666666, 0.0], "adv_type": "structure", "dataset": "facebook", "sample_size": 1, "test_ratio": 0.3, "b_mse": [0.5416666666666667, 0.5416666666666667], "T": 10, "realization": 0, "beta_mse": [3.500000000000001, 0.0], "attack_edge": 10000, "u_mse": [0.3571428571428571, 0.0], "d_mse": [0.29166666666666663, 0.29166666666666663], "swap_ratio": 0.01}
{"acc": [0.6493506493506493, 0.0], "network_size": 8078, "perturbation": 90, "runtime": 0.059240102767944336, "alpha_mse": [6.500000000000002, 0.0], "prob_mse": [0.4166966666666666, 0.0], "adv_type": "structure", "dataset": "facebook", "sample_size": 1, "test_ratio": 0.3, "b_mse": [0.5416666666666667, 0.5416666666666667], "T": 10, "realization": 0, "beta_mse": [3.500000000000001, 0.0], "attack_edge": 10000, "u_mse": [0.3571428571428571, 0.0], "d_mse": [0.29166666666666663, 0.29166666666666663], "swap_ratio": 0.01}
{"acc": [0.6493506493506493, 0.0], "network_size": 8078, "perturbation": 100, "runtime": 0.051666975021362305, "alpha_mse": [6.500000000000002, 0.0], "prob_mse": [0.4166966666666666, 0.0], "adv_type": "structure", "dataset": "facebook", "sample_size": 1, "test_ratio": 0.3, "b_mse": [0.5416666666666667, 0.5416666666666667], "T": 10, "realization": 0, "beta_mse": [3.500000000000001, 0.0], "attack_edge": 10000, "u_mse": [0.3571428571428571, 0.0], "d_mse": [0.29166666666666663, 0.29166666666666663], "swap_ratio": 0.01}
