{"acc": [0.5043025973858963, 0.0], "network_size": 67392, "b_mse": [0.41657598839318094, 0.41657598839318094], "runtime": 0.44013309478759766, "alpha_mse": [4.998911860718172, 0.0], "prob_mse": [0.3963308635869027, 0.0], "adv_type": "random_pgd_gcn_vae", "dataset": "enron", "sample_size": 1, "test_ratio": 0.3, "T": 10, "realization": 0, "beta_mse": [5.001088139281828, 0.0], "attack_edge": 10000, "u_mse": [0.35714285714285704, 0.0], "d_mse": [0.4167573449401523, 0.4167573449401523], "gamma": 0.0, "swap_ratio": 0.01}
{"acc": [0.5043025973858963, 0.0], "network_size": 67392, "b_mse": [0.41657598839318094, 0.41657598839318094], "runtime": 0.4451570510864258, "alpha_mse": [4.998911860718172, 0.0], "prob_mse": [0.3963308635869027, 0.0], "adv_type": "random_pgd_gcn_vae", "dataset": "enron", "sample_size": 1, "test_ratio": 0.3, "T": 10, "realization": 0, "beta_mse": [5.001088139281828, 0.0], "attack_edge": 10000, "u_mse": [0.35714285714285704, 0.0], "d_mse": [0.4167573449401523, 0.4167573449401523], "gamma": 0.01, "swap_ratio": 0.01}
{"acc": [0.5043025973858963, 0.0], "network_size": 67392, "b_mse": [0.41657598839318094, 0.41657598839318094], "runtime": 0.445965051651001, "alpha_mse": [4.998911860718172, 0.0], "prob_mse": [0.3963308635869027, 0.0], "adv_type": "random_pgd_gcn_vae", "dataset": "enron", "sample_size": 1, "test_ratio": 0.3, "T": 10, "realization": 0, "beta_mse": [5.001088139281828, 0.0], "attack_edge": 10000, "u_mse": [0.35714285714285704, 0.0], "d_mse": [0.4167573449401523, 0.4167573449401523], "gamma": 0.03, "swap_ratio": 0.01}
{"acc": [0.5043025973858963, 0.0], "network_size": 67392, "b_mse": [0.41657598839318094, 0.41657598839318094], "runtime": 0.4259610176086426, "alpha_mse": [4.998911860718172, 0.0], "prob_mse": [0.3963308635869027, 0.0], "adv_type": "random_pgd_gcn_vae", "dataset": "enron", "sample_size": 1, "test_ratio": 0.3, "T": 10, "realization": 0, "beta_mse": [5.001088139281828, 0.0], "attack_edge": 10000, "u_mse": [0.35714285714285704, 0.0], "d_mse": [0.4167573449401523, 0.4167573449401523], "gamma": 0.05, "swap_ratio": 0.01}
{"acc": [0.5043025973858963, 0.0], "network_size": 67392, "b_mse": [0.41657598839318094, 0.41657598839318094], "runtime": 0.44568705558776855, "alpha_mse": [4.998911860718172, 0.0], "prob_mse": [0.3963308635869027, 0.0], "adv_type": "random_pgd_gcn_vae", "dataset": "enron", "sample_size": 1, "test_ratio": 0.3, "T": 10, "realization": 0, "beta_mse": [5.001088139281828, 0.0], "attack_edge": 10000, "u_mse": [0.35714285714285704, 0.0], "d_mse": [0.4167573449401523, 0.4167573449401523], "gamma": 0.07, "swap_ratio": 0.01}
{"acc": [0.5043025973858963, 0.0], "network_size": 67392, "b_mse": [0.41657598839318094, 0.41657598839318094], "runtime": 0.4237098693847656, "alpha_mse": [4.998911860718172, 0.0], "prob_mse": [0.3963308635869027, 0.0], "adv_type": "random_pgd_gcn_vae", "dataset": "enron", "sample_size": 1, "test_ratio": 0.3, "T": 10, "realization": 0, "beta_mse": [5.001088139281828, 0.0], "attack_edge": 10000, "u_mse": [0.35714285714285704, 0.0], "d_mse": [0.4167573449401523, 0.4167573449401523], "gamma": 0.09, "swap_ratio": 0.01}
{"acc": [0.5043025973858963, 0.0], "network_size": 67392, "b_mse": [0.41657598839318094, 0.41657598839318094], "runtime": 0.44383692741394043, "alpha_mse": [4.998911860718172, 0.0], "prob_mse": [0.3963308635869027, 0.0], "adv_type": "random_pgd_gcn_vae", "dataset": "enron", "sample_size": 1, "test_ratio": 0.3, "T": 10, "realization": 0, "beta_mse": [5.001088139281828, 0.0], "attack_edge": 10000, "u_mse": [0.35714285714285704, 0.0], "d_mse": [0.4167573449401523, 0.4167573449401523], "gamma": 0.2, "swap_ratio": 0.01}
{"acc": [0.5043025973858963, 0.0], "network_size": 67392, "b_mse": [0.41657598839318094, 0.41657598839318094], "runtime": 0.44126200675964355, "alpha_mse": [4.998911860718172, 0.0], "prob_mse": [0.3963308635869027, 0.0], "adv_type": "random_pgd_gcn_vae", "dataset": "enron", "sample_size": 1, "test_ratio": 0.3, "T": 10, "realization": 0, "beta_mse": [5.001088139281828, 0.0], "attack_edge": 10000, "u_mse": [0.35714285714285704, 0.0], "d_mse": [0.4167573449401523, 0.4167573449401523], "gamma": 0.3, "swap_ratio": 0.01}
{"acc": [0.5043025973858963, 0.0], "network_size": 67392, "b_mse": [0.41657598839318094, 0.41657598839318094], "runtime": 0.4439060688018799, "alpha_mse": [4.998911860718172, 0.0], "prob_mse": [0.3963308635869027, 0.0], "adv_type": "random_pgd_gcn_vae", "dataset": "enron", "sample_size": 1, "test_ratio": 0.3, "T": 10, "realization": 0, "beta_mse": [5.001088139281828, 0.0], "attack_edge": 10000, "u_mse": [0.35714285714285704, 0.0], "d_mse": [0.4167573449401523, 0.4167573449401523], "gamma": 0.4, "swap_ratio": 0.01}
{"acc": [0.5043025973858963, 0.0], "network_size": 67392, "b_mse": [0.41657598839318094, 0.41657598839318094], "runtime": 0.4502429962158203, "alpha_mse": [4.998911860718172, 0.0], "prob_mse": [0.3963308635869027, 0.0], "adv_type": "random_pgd_gcn_vae", "dataset": "enron", "sample_size": 1, "test_ratio": 0.3, "T": 10, "realization": 0, "beta_mse": [5.001088139281828, 0.0], "attack_edge": 10000, "u_mse": [0.35714285714285704, 0.0], "d_mse": [0.4167573449401523, 0.4167573449401523], "gamma": 0.5, "swap_ratio": 0.01}
{"acc": [0.5082756558719448, 0.0], "network_size": 164336, "b_mse": [0.4189773495605139, 0.4189773495605139], "runtime": 1.063887119293213, "alpha_mse": [5.0277281947261665, 0.0], "prob_mse": [0.3965685922920893, 0.0], "adv_type": "random_pgd_gcn_vae", "dataset": "slashdot", "sample_size": 1, "test_ratio": 0.3, "T": 10, "realization": 0, "beta_mse": [4.9722718052738335, 0.0], "attack_edge": 10000, "u_mse": [0.35714285714285704, 0.0], "d_mse": [0.41435598377281946, 0.41435598377281946], "gamma": 0.0, "swap_ratio": 0.01}
{"acc": [0.5082756558719448, 0.0], "network_size": 164336, "b_mse": [0.4189773495605139, 0.4189773495605139], "runtime": 1.0726029872894287, "alpha_mse": [5.0277281947261665, 0.0], "prob_mse": [0.3965685922920893, 0.0], "adv_type": "random_pgd_gcn_vae", "dataset": "slashdot", "sample_size": 1, "test_ratio": 0.3, "T": 10, "realization": 0, "beta_mse": [4.9722718052738335, 0.0], "attack_edge": 10000, "u_mse": [0.35714285714285704, 0.0], "d_mse": [0.41435598377281946, 0.41435598377281946], "gamma": 0.01, "swap_ratio": 0.01}
{"acc": [0.5082756558719448, 0.0], "network_size": 164336, "b_mse": [0.4189773495605139, 0.4189773495605139], "runtime": 1.1042530536651611, "alpha_mse": [5.0277281947261665, 0.0], "prob_mse": [0.3965685922920893, 0.0], "adv_type": "random_pgd_gcn_vae", "dataset": "slashdot", "sample_size": 1, "test_ratio": 0.3, "T": 10, "realization": 0, "beta_mse": [4.9722718052738335, 0.0], "attack_edge": 10000, "u_mse": [0.35714285714285704, 0.0], "d_mse": [0.41435598377281946, 0.41435598377281946], "gamma": 0.03, "swap_ratio": 0.01}
{"acc": [0.5082756558719448, 0.0], "network_size": 164336, "b_mse": [0.4189773495605139, 0.4189773495605139], "runtime": 1.1020381450653076, "alpha_mse": [5.0277281947261665, 0.0], "prob_mse": [0.3965685922920893, 0.0], "adv_type": "random_pgd_gcn_vae", "dataset": "slashdot", "sample_size": 1, "test_ratio": 0.3, "T": 10, "realization": 0, "beta_mse": [4.9722718052738335, 0.0], "attack_edge": 10000, "u_mse": [0.35714285714285704, 0.0], "d_mse": [0.41435598377281946, 0.41435598377281946], "gamma": 0.05, "swap_ratio": 0.01}
{"acc": [0.5082756558719448, 0.0], "network_size": 164336, "b_mse": [0.4189773495605139, 0.4189773495605139], "runtime": 1.1011579036712646, "alpha_mse": [5.0277281947261665, 0.0], "prob_mse": [0.3965685922920893, 0.0], "adv_type": "random_pgd_gcn_vae", "dataset": "slashdot", "sample_size": 1, "test_ratio": 0.3, "T": 10, "realization": 0, "beta_mse": [4.9722718052738335, 0.0], "attack_edge": 10000, "u_mse": [0.35714285714285704, 0.0], "d_mse": [0.41435598377281946, 0.41435598377281946], "gamma": 0.07, "swap_ratio": 0.01}
{"acc": [0.5082756558719448, 0.0], "network_size": 164336, "b_mse": [0.4189773495605139, 0.4189773495605139], "runtime": 1.0894930362701416,