{"acc": [0.5012334881725399, 0.0], "network_size": 8078, "b_mse": [0.41481023102310227, 0.41481023102310227], "runtime": 0.05050015449523926, "alpha_mse": [4.977722772277228, 0.0], "prob_mse": [0.3945959570957096, 0.0], "adv_type": "random_noise", "dataset": "facebook", "sample_size": 1, "test_ratio": 0.3, "T": 10, "realization": 0, "beta_mse": [5.022277227722772, 0.0], "attack_edge": 10000, "u_mse": [0.35714285714285715, 0.0], "d_mse": [0.418523102310231, 0.418523102310231], "gamma": 0.0, "swap_ratio": 0.01}
{"acc": [0.5012334881725399, 0.0], "network_size": 8078, "b_mse": [0.41481023102310227, 0.41481023102310227], "runtime": 0.052343130111694336, "alpha_mse": [4.977722772277228, 0.0], "prob_mse": [0.3945959570957096, 0.0], "adv_type": "random_noise", "dataset": "facebook", "sample_size": 1, "test_ratio": 0.3, "T": 10, "realization": 0, "beta_mse": [5.022277227722772, 0.0], "attack_edge": 10000, "u_mse": [0.35714285714285715, 0.0], "d_mse": [0.418523102310231, 0.418523102310231], "gamma": 0.01, "swap_ratio": 0.01}
{"acc": [0.5012334881725399, 0.0], "network_size": 8078, "b_mse": [0.41481023102310227, 0.41481023102310227], "runtime": 0.0524289608001709, "alpha_mse": [4.977722772277228, 0.0], "prob_mse": [0.3945959570957096, 0.0], "adv_type": "random_noise", "dataset": "facebook", "sample_size": 1, "test_ratio": 0.3, "T": 10, "realization": 0, "beta_mse": [5.022277227722772, 0.0], "attack_edge": 10000, "u_mse": [0.35714285714285715, 0.0], "d_mse": [0.418523102310231, 0.418523102310231], "gamma": 0.03, "swap_ratio": 0.01}
{"acc": [0.5012334881725399, 0.0], "network_size": 8078, "b_mse": [0.41481023102310227, 0.41481023102310227], "runtime": 0.05232691764831543, "alpha_mse": [4.977722772277228, 0.0], "prob_mse": [0.3945959570957096, 0.0], "adv_type": "random_noise", "dataset": "facebook", "sample_size": 1, "test_ratio": 0.3, "T": 10, "realization": 0, "beta_mse": [5.022277227722772, 0.0], "attack_edge": 10000, "u_mse": [0.35714285714285715, 0.0], "d_mse": [0.418523102310231, 0.418523102310231], "gamma": 0.05, "swap_ratio": 0.01}
{"acc": [0.5012334881725399, 0.0], "network_size": 8078, "b_mse": [0.41481023102310227, 0.41481023102310227], "runtime": 0.05366110801696777, "alpha_mse": [4.977722772277228, 0.0], "prob_mse": [0.3945959570957096, 0.0], "adv_type": "random_noise", "dataset": "facebook", "sample_size": 1, "test_ratio": 0.3, "T": 10, "realization": 0, "beta_mse": [5.022277227722772, 0.0], "attack_edge": 10000, "u_mse": [0.35714285714285715, 0.0], "d_mse": [0.418523102310231, 0.418523102310231], "gamma": 0.07, "swap_ratio": 0.01}
{"acc": [0.5012334881725399, 0.0], "network_size": 8078, "b_mse": [0.41481023102310227, 0.41481023102310227], "runtime": 0.052713871002197266, "alpha_mse": [4.977722772277228, 0.0], "prob_mse": [0.3945959570957096, 0.0], "adv_type": "random_noise", "dataset": "facebook", "sample_size": 1, "test_ratio": 0.3, "T": 10, "realization": 0, "beta_mse": [5.022277227722772, 0.0], "attack_edge": 10000, "u_mse": [0.35714285714285715, 0.0], "d_mse": [0.418523102310231, 0.418523102310231], "gamma": 0.09, "swap_ratio": 0.01}
{"acc": [0.5012334881725399, 0.0], "network_size": 8078, "b_mse": [0.41481023102310227, 0.41481023102310227], "runtime": 0.05297708511352539, "alpha_mse": [4.977722772277228, 0.0], "prob_mse": [0.3945959570957096, 0.0], "adv_type": "random_noise", "dataset": "facebook", "sample_size": 1, "test_ratio": 0.3, "T": 10, "realization": 0, "beta_mse": [5.022277227722772, 0.0], "attack_edge": 10000, "u_mse": [0.35714285714285715, 0.0], "d_mse": [0.418523102310231, 0.418523102310231], "gamma": 0.2, "swap_ratio": 0.01}
{"acc": [0.5012334881725399, 0.0], "network_size": 8078, "b_mse": [0.41481023102310227, 0.41481023102310227], "runtime": 0.05310392379760742, "alpha_mse": [4.977722772277228, 0.0], "prob_mse": [0.3945959570957096, 0.0], "adv_type": "random_noise", "dataset": "facebook", "sample_size": 1, "test_ratio": 0.3, "T": 10, "realization": 0, "beta_mse": [5.022277227722772, 0.0], "attack_edge": 10000, "u_mse": [0.35714285714285715, 0.0], "d_mse": [0.418523102310231, 0.418523102310231], "gamma": 0.3, "swap_ratio": 0.01}
{"acc": [0.5012334881725399, 0.0], "network_size": 8078, "b_mse": [0.41481023102310227, 0.41481023102310227], "runtime": 0.05350208282470703, "alpha_mse": [4.977722772277228, 0.0], "prob_mse": [0.3945959570957096, 0.0], "adv_type": "random_noise", "dataset": "facebook", "sample_size": 1, "test_ratio": 0.3, "T": 10, "realization": 0, "beta_mse": [5.022277227722772, 0.0], "attack_edge": 10000, "u_mse": [0.35714285714285715, 0.0], "d_mse": [0.418523102310231, 0.418523102310231], "gamma": 0.4, "swap_ratio": 0.01}
{"acc": [0.5012334881725399, 0.0], "network_size": 8078, "b_mse": [0.41481023102310227, 0.41481023102310227], "runtime": 0.05274081230163574, "alpha_mse": [4.977722772277228, 0.0], "prob_mse": [0.3945959570957096, 0.0], "adv_type": "random_noise", "dataset": "facebook", "sample_size": 1, "test_ratio": 0.3, "T": 10, "realization": 0, "beta_mse": [5.022277227722772, 0.0], "attack_edge": 10000, "u_mse": [0.35714285714285715, 0.0], "d_mse": [0.418523102310231, 0.418523102310231], "gamma": 0.5, "swap_ratio": 0.01}
