{"acc": [0.4958704961180188, 0.0], "network_size": 8078, "b_mse": [0.41047854785478544, 0.41047854785478544], "runtime": 0.052854061126708984, "alpha_mse": [4.925742574257426, 0.0], "prob_mse": [0.3963138063806381, 0.0], "adv_type": "random_pgd_gcn_vae", "dataset": "facebook", "sample_size": 1, "test_ratio": 0.3, "T": 10, "realization": 0, "beta_mse": [5.074257425742574, 0.0], "attack_edge": 10000, "u_mse": [0.35714285714285715, 0.0], "d_mse": [0.42285478547854777, 0.42285478547854777], "gamma": 0.0, "swap_ratio": 0.01}
{"acc": [0.4958704961180188, 0.0], "network_size": 8078, "b_mse": [0.41047854785478544, 0.41047854785478544], "runtime": 0.05708909034729004, "alpha_mse": [4.925742574257426, 0.0], "prob_mse": [0.3963138063806381, 0.0], "adv_type": "random_pgd_gcn_vae", "dataset": "facebook", "sample_size": 1, "test_ratio": 0.3, "T": 10, "realization": 0, "beta_mse": [5.074257425742574, 0.0], "attack_edge": 10000, "u_mse": [0.35714285714285715, 0.0], "d_mse": [0.42285478547854777, 0.42285478547854777], "gamma": 0.01, "swap_ratio": 0.01}
{"acc": [0.4958704961180188, 0.0], "network_size": 8078, "b_mse": [0.41047854785478544, 0.41047854785478544], "runtime": 0.055902957916259766, "alpha_mse": [4.925742574257426, 0.0], "prob_mse": [0.3963138063806381, 0.0], "adv_type": "random_pgd_gcn_vae", "dataset": "facebook", "sample_size": 1, "test_ratio": 0.3, "T": 10, "realization": 0, "beta_mse": [5.074257425742574, 0.0], "attack_edge": 10000, "u_mse": [0.35714285714285715, 0.0], "d_mse": [0.42285478547854777, 0.42285478547854777], "gamma": 0.03, "swap_ratio": 0.01}
{"acc": [0.4958704961180188, 0.0], "network_size": 8078, "b_mse": [0.41047854785478544, 0.41047854785478544], "runtime": 0.05248594284057617, "alpha_mse": [4.925742574257426, 0.0], "prob_mse": [0.3963138063806381, 0.0], "adv_type": "random_pgd_gcn_vae", "dataset": "facebook", "sample_size": 1, "test_ratio": 0.3, "T": 10, "realization": 0, "beta_mse": [5.074257425742574, 0.0], "attack_edge": 10000, "u_mse": [0.35714285714285715, 0.0], "d_mse": [0.42285478547854777, 0.42285478547854777], "gamma": 0.05, "swap_ratio": 0.01}
{"acc": [0.4958704961180188, 0.0], "network_size": 8078, "b_mse": [0.41047854785478544, 0.41047854785478544], "runtime": 0.05071902275085449, "alpha_mse": [4.925742574257426, 0.0], "prob_mse": [0.3963138063806381, 0.0], "adv_type": "random_pgd_gcn_vae", "dataset": "facebook", "sample_size": 1, "test_ratio": 0.3, "T": 10, "realization": 0, "beta_mse": [5.074257425742574, 0.0], "attack_edge": 10000, "u_mse": [0.35714285714285715, 0.0], "d_mse": [0.42285478547854777, 0.42285478547854777], "gamma": 0.07, "swap_ratio": 0.01}
{"acc": [0.4958704961180188, 0.0], "network_size": 8078, "b_mse": [0.41047854785478544, 0.41047854785478544], "runtime": 0.053167104721069336, "alpha_mse": [4.925742574257426, 0.0], "prob_mse": [0.3963138063806381, 0.0], "adv_type": "random_pgd_gcn_vae", "dataset": "facebook", "sample_size": 1, "test_ratio": 0.3, "T": 10, "realization": 0, "beta_mse": [5.074257425742574, 0.0], "attack_edge": 10000, "u_mse": [0.35714285714285715, 0.0], "d_mse": [0.42285478547854777, 0.42285478547854777], "gamma": 0.09, "swap_ratio": 0.01}
{"acc": [0.4958704961180188, 0.0], "network_size": 8078, "b_mse": [0.41047854785478544, 0.41047854785478544], "runtime": 0.05301094055175781, "alpha_mse": [4.925742574257426, 0.0], "prob_mse": [0.3963138063806381, 0.0], "adv_type": "random_pgd_gcn_vae", "dataset": "facebook", "sample_size": 1, "test_ratio": 0.3, "T": 10, "realization": 0, "beta_mse": [5.074257425742574, 0.0], "attack_edge": 10000, "u_mse": [0.35714285714285715, 0.0], "d_mse": [0.42285478547854777, 0.42285478547854777], "gamma": 0.2, "swap_ratio": 0.01}
{"acc": [0.4958704961180188, 0.0], "network_size": 8078, "b_mse": [0.41047854785478544, 0.41047854785478544], "runtime": 0.052704811096191406, "alpha_mse": [4.925742574257426, 0.0], "prob_mse": [0.3963138063806381, 0.0], "adv_type": "random_pgd_gcn_vae", "dataset": "facebook", "sample_size": 1, "test_ratio": 0.3, "T": 10, "realization": 0, "beta_mse": [5.074257425742574, 0.0], "attack_edge": 10000, "u_mse": [0.35714285714285715, 0.0], "d_mse": [0.42285478547854777, 0.42285478547854777], "gamma": 0.3, "swap_ratio": 0.01}
{"acc": [0.4958704961180188, 0.0], "network_size": 8078, "b_mse": [0.41047854785478544, 0.41047854785478544], "runtime": 0.0532679557800293, "alpha_mse": [4.925742574257426, 0.0], "prob_mse": [0.3963138063806381, 0.0], "adv_type": "random_pgd_gcn_vae", "dataset": "facebook", "sample_size": 1, "test_ratio": 0.3, "T": 10, "realization": 0, "beta_mse": [5.074257425742574, 0.0], "attack_edge": 10000, "u_mse": [0.35714285714285715, 0.0], "d_mse": [0.42285478547854777, 0.42285478547854777], "gamma": 0.4, "swap_ratio": 0.01}
{"acc": [0.4958704961180188, 0.0], "network_size": 8078, "b_mse": [0.41047854785478544, 0.41047854785478544], "runtime": 0.05234193801879883, "alpha_mse": [4.925742574257426, 0.0], "prob_mse": [0.3963138063806381, 0.0], "adv_type": "random_pgd_gcn_vae", "dataset": "facebook", "sample_size": 1, "test_ratio": 0.3, "T": 10, "realization": 0, "beta_mse": [5.074257425742574, 0.0], "attack_edge": 10000, "u_mse": [0.35714285714285715, 0.0], "d_mse": [0.42285478547854777, 0.42285478547854777], "gamma": 0.5, "swap_ratio": 0.01}
