{"acc": [0.506083187176588, 0.0], "network_size": 67392, "b_mse": [0.4171530319517262, 0.4171530319517262], "runtime": 0.44797801971435547, "alpha_mse": [5.005836383420714, 0.0], "prob_mse": [0.39667744584034026, 0.0], "adv_type": "random_pgd", "dataset": "enron", "sample_size": 1, "test_ratio": 0.3, "T": 10, "realization": 0, "beta_mse": [4.994163616579286, 0.0], "attack_edge": 10000, "u_mse": [0.35714285714285704, 0.0], "d_mse": [0.4161803013816071, 0.4161803013816071], "gamma": 0.0, "swap_ratio": 0.01}
{"acc": [0.506083187176588, 0.0], "network_size": 67392, "b_mse": [0.4171530319517262, 0.4171530319517262], "runtime": 0.447437047958374, "alpha_mse": [5.005836383420714, 0.0], "prob_mse": [0.39667744584034026, 0.0], "adv_type": "random_pgd", "dataset": "enron", "sample_size": 1, "test_ratio": 0.3, "T": 10, "realization": 0, "beta_mse": [4.994163616579286, 0.0], "attack_edge": 10000, "u_mse": [0.35714285714285704, 0.0], "d_mse": [0.4161803013816071, 0.4161803013816071], "gamma": 0.01, "swap_ratio": 0.01}
{"acc": [0.506083187176588, 0.0], "network_size": 67392, "b_mse": [0.4171530319517262, 0.4171530319517262], "runtime": 0.44654393196105957, "alpha_mse": [5.005836383420714, 0.0], "prob_mse": [0.39667744584034026, 0.0], "adv_type": "random_pgd", "dataset": "enron", "sample_size": 1, "test_ratio": 0.3, "T": 10, "realization": 0, "beta_mse": [4.994163616579286, 0.0], "attack_edge": 10000, "u_mse": [0.35714285714285704, 0.0], "d_mse": [0.4161803013816071, 0.4161803013816071], "gamma": 0.03, "swap_ratio": 0.01}
{"acc": [0.506083187176588, 0.0], "network_size": 67392, "b_mse": [0.4171530319517262, 0.4171530319517262], "runtime": 0.44454503059387207, "alpha_mse": [5.005836383420714, 0.0], "prob_mse": [0.39667744584034026, 0.0], "adv_type": "random_pgd", "dataset": "enron", "sample_size": 1, "test_ratio": 0.3, "T": 10, "realization": 0, "beta_mse": [4.994163616579286, 0.0], "attack_edge": 10000, "u_mse": [0.35714285714285704, 0.0], "d_mse": [0.4161803013816071, 0.4161803013816071], "gamma": 0.05, "swap_ratio": 0.01}
{"acc": [0.506083187176588, 0.0], "network_size": 67392, "b_mse": [0.4171530319517262, 0.4171530319517262], "runtime": 0.4447460174560547, "alpha_mse": [5.005836383420714, 0.0], "prob_mse": [0.39667744584034026, 0.0], "adv_type": "random_pgd", "dataset": "enron", "sample_size": 1, "test_ratio": 0.3, "T": 10, "realization": 0, "beta_mse": [4.994163616579286, 0.0], "attack_edge": 10000, "u_mse": [0.35714285714285704, 0.0], "d_mse": [0.4161803013816071, 0.4161803013816071], "gamma": 0.07, "swap_ratio": 0.01}
{"acc": [0.506083187176588, 0.0], "network_size": 67392, "b_mse": [0.4171530319517262, 0.4171530319517262], "runtime": 0.444990873336792, "alpha_mse": [5.005836383420714, 0.0], "prob_mse": [0.39667744584034026, 0.0], "adv_type": "random_pgd", "dataset": "enron", "sample_size": 1, "test_ratio": 0.3, "T": 10, "realization": 0, "beta_mse": [4.994163616579286, 0.0], "attack_edge": 10000, "u_mse": [0.35714285714285704, 0.0], "d_mse": [0.4161803013816071, 0.4161803013816071], "gamma": 0.09, "swap_ratio": 0.01}
{"acc": [0.506083187176588, 0.0], "network_size": 67392, "b_mse": [0.4171530319517262, 0.4171530319517262], "runtime": 0.44400811195373535, "alpha_mse": [5.005836383420714, 0.0], "prob_mse": [0.39667744584034026, 0.0], "adv_type": "random_pgd", "dataset": "enron", "sample_size": 1, "test_ratio": 0.3, "T": 10, "realization": 0, "beta_mse": [4.994163616579286, 0.0], "attack_edge": 10000, "u_mse": [0.35714285714285704, 0.0], "d_mse": [0.4161803013816071, 0.4161803013816071], "gamma": 0.2, "swap_ratio": 0.01}
{"acc": [0.506083187176588, 0.0], "network_size": 67392, "b_mse": [0.4171530319517262, 0.4171530319517262], "runtime": 0.4423539638519287, "alpha_mse": [5.005836383420714, 0.0], "prob_mse": [0.39667744584034026, 0.0], "adv_type": "random_pgd", "dataset": "enron", "sample_size": 1, "test_ratio": 0.3, "T": 10, "realization": 0, "beta_mse": [4.994163616579286, 0.0], "attack_edge": 10000, "u_mse": [0.35714285714285704, 0.0], "d_mse": [0.4161803013816071, 0.4161803013816071], "gamma": 0.3, "swap_ratio": 0.01}
{"acc": [0.506083187176588, 0.0], "network_size": 67392, "b_mse": [0.4171530319517262, 0.4171530319517262], "runtime": 0.4441862106323242, "alpha_mse": [5.005836383420714, 0.0], "prob_mse": [0.39667744584034026, 0.0], "adv_type": "random_pgd", "dataset": "enron", "sample_size": 1, "test_ratio": 0.3, "T": 10, "realization": 0, "beta_mse": [4.994163616579286, 0.0], "attack_edge": 10000, "u_mse": [0.35714285714285704, 0.0], "d_mse": [0.4161803013816071, 0.4161803013816071], "gamma": 0.4, "swap_ratio": 0.01}
{"acc": [0.506083187176588, 0.0], "network_size": 67392, "b_mse": [0.4171530319517262, 0.4171530319517262], "runtime": 0.443540096282959, "alpha_mse": [5.005836383420714, 0.0], "prob_mse": [0.39667744584034026, 0.0], "adv_type": "random_pgd", "dataset": "enron", "sample_size": 1, "test_ratio": 0.3, "T": 10, "realization": 0, "beta_mse": [4.994163616579286, 0.0], "attack_edge": 10000, "u_mse": [0.35714285714285704, 0.0], "d_mse": [0.4161803013816071, 0.4161803013816071], "gamma": 0.5, "swap_ratio": 0.01}
{"acc": [0.5043405661904397, 0.0], "network_size": 164336, "b_mse": [0.4163184584178499, 0.4163184584178499], "runtime": 1.106816053390503, "alpha_mse": [4.995821501014198, 0.0], "prob_mse": [0.396610063556457, 0.0], "adv_type": "random_pgd", "dataset": "slashdot", "sample_size": 1, "test_ratio": 0.3, "T": 10, "realization": 0, "beta_mse": [5.004178498985802, 0.0], "attack_edge": 10000, "u_mse": [0.35714285714285704, 0.0], "d_mse": [0.4170148749154834, 0.4170148749154834], "gamma": 0.0, "swap_ratio": 0.01}
{"acc": [0.5043405661904397, 0.0], "network_size": 164336, "b_mse": [0.4163184584178499, 0.4163184584178499], "runtime": 1.0920281410217285, "alpha_mse": [4.995821501014198, 0.0], "prob_mse": [0.396610063556457, 0.0], "adv_type": "random_pgd", "dataset": "slashdot", "sample_size": 1, "test_ratio": 0.3, "T": 10, "realization": 0, "beta_mse": [5.004178498985802, 0.0], "attack_edge": 10000, "u_mse": [0.35714285714285704, 0.0], "d_mse": [0.4170148749154834, 0.4170148749154834], "gamma": 0.01, "swap_ratio": 0.01}
{"acc": [0.5043405661904397, 0.0], "network_size": 164336, "b_mse": [0.4163184584178499, 0.4163184584178499], "runtime": 1.0996479988098145, "alpha_mse": [4.995821501014198, 0.0], "prob_mse": [0.396610063556457, 0.0], "adv_type": "random_pgd", "dataset": "slashdot", "sample_size": 1, "test_ratio": 0.3, "T": 10, "realization": 0, "beta_mse": [5.004178498985802, 0.0], "attack_edge": 10000, "u_mse": [0.35714285714285704, 0.0], "d_mse": [0.4170148749154834, 0.4170148749154834], "gamma": 0.03, "swap_ratio": 0.01}
{"acc": [0.5043405661904397, 0.0], "network_size": 164336, "b_mse": [0.4163184584178499, 0.4163184584178499], "runtime": 1.0943551063537598, "alpha_mse": [4.995821501014198, 0.0], "prob_mse": [0.396610063556457, 0.0], "adv_type": "random_pgd", "dataset": "slashdot", "sample_size": 1, "test_ratio": 0.3, "T": 10, "realization": 0, "beta_mse": [5.004178498985802, 0.0], "attack_edge": 10000, "u_mse": [0.35714285714285704, 0.0], "d_mse": [0.4170148749154834, 0.4170148749154834], "gamma": 0.05, "swap_ratio": 0.01}
{"acc": [0.5043405661904397, 0.0], "network_size": 164336, "b_mse": [0.4163184584178499, 0.4163184584178499], "runtime": 1.0984101295471191, "alpha_mse": [4.995821501014198, 0.0], "prob_mse": [0.396610063556457, 0.0], "adv_type": "random_pgd", "dataset": "slashdot", "sample_size": 1, "test_ratio": 0.3, "T": 10, "realization": 0, "beta_mse": [5.004178498985802, 0.0], "attack_edge": 10000, "u_mse": [0.35714285714285704, 0.0], "d_mse": [0.4170148749154834, 0.4170148749154834], "gamma": 0.07, "swap_ratio": 0.01}
{"acc": [0.5043405661904397, 0.0], "network_size": 164336, "b_mse": [0.4163184584178499, 0.4163184584178499], "runtime": 1.1212940216064453, "alpha_mse": [4.995821501014198, 0.0], "prob_mse": [0.396610063556457, 0.0], "adv_type": "random_pgd", "dataset": "slashdot", "sample_size": 1, "test_ratio": 0.3, "T": 10,