{"acc": [0.5032961774242787, 0.0], "network_size": 8078, "b_mse": [0.41793866886688663, 0.41793866886688663], "runtime": 0.05339407920837402, "alpha_mse": [5.01526402640264, 0.0], "prob_mse": [0.39758729372937296, 0.0], "adv_type": "random_pgd", "dataset": "facebook", "sample_size": 1, "test_ratio": 0.3, "T": 10, "realization": 0, "beta_mse": [4.98473597359736, 0.0], "attack_edge": 10000, "u_mse": [0.35714285714285715, 0.0], "d_mse": [0.4153946644664466, 0.4153946644664466], "gamma": 0.0, "swap_ratio": 0.01}
{"acc": [0.5032961774242787, 0.0], "network_size": 8078, "b_mse": [0.41793866886688663, 0.41793866886688663], "runtime": 0.05205202102661133, "alpha_mse": [5.01526402640264, 0.0], "prob_mse": [0.39758729372937296, 0.0], "adv_type": "random_pgd", "dataset": "facebook", "sample_size": 1, "test_ratio": 0.3, "T": 10, "realization": 0, "beta_mse": [4.98473597359736, 0.0], "attack_edge": 10000, "u_mse": [0.35714285714285715, 0.0], "d_mse": [0.4153946644664466, 0.4153946644664466], "gamma": 0.01, "swap_ratio": 0.01}
{"acc": [0.5032961774242787, 0.0], "network_size": 8078, "b_mse": [0.41793866886688663, 0.41793866886688663], "runtime": 0.052716970443725586, "alpha_mse": [5.01526402640264, 0.0], "prob_mse": [0.39758729372937296, 0.0], "adv_type": "random_pgd", "dataset": "facebook", "sample_size": 1, "test_ratio": 0.3, "T": 10, "realization": 0, "beta_mse": [4.98473597359736, 0.0], "attack_edge": 10000, "u_mse": [0.35714285714285715, 0.0], "d_mse": [0.4153946644664466, 0.4153946644664466], "gamma": 0.03, "swap_ratio": 0.01}
{"acc": [0.5032961774242787, 0.0], "network_size": 8078, "b_mse": [0.41793866886688663, 0.41793866886688663], "runtime": 0.05269598960876465, "alpha_mse": [5.01526402640264, 0.0], "prob_mse": [0.39758729372937296, 0.0], "adv_type": "random_pgd", "dataset": "facebook", "sample_size": 1, "test_ratio": 0.3, "T": 10, "realization": 0, "beta_mse": [4.98473597359736, 0.0], "attack_edge": 10000, "u_mse": [0.35714285714285715, 0.0], "d_mse": [0.4153946644664466, 0.4153946644664466], "gamma": 0.05, "swap_ratio": 0.01}
{"acc": [0.5032961774242787, 0.0], "network_size": 8078, "b_mse": [0.41793866886688663, 0.41793866886688663], "runtime": 0.053304195404052734, "alpha_mse": [5.01526402640264, 0.0], "prob_mse": [0.39758729372937296, 0.0], "adv_type": "random_pgd", "dataset": "facebook", "sample_size": 1, "test_ratio": 0.3, "T": 10, "realization": 0, "beta_mse": [4.98473597359736, 0.0], "attack_edge": 10000, "u_mse": [0.35714285714285715, 0.0], "d_mse": [0.4153946644664466, 0.4153946644664466], "gamma": 0.07, "swap_ratio": 0.01}
{"acc": [0.5032961774242787, 0.0], "network_size": 8078, "b_mse": [0.41793866886688663, 0.41793866886688663], "runtime": 0.052294015884399414, "alpha_mse": [5.01526402640264, 0.0], "prob_mse": [0.39758729372937296, 0.0], "adv_type": "random_pgd", "dataset": "facebook", "sample_size": 1, "test_ratio": 0.3, "T": 10, "realization": 0, "beta_mse": [4.98473597359736, 0.0], "attack_edge": 10000, "u_mse": [0.35714285714285715, 0.0], "d_mse": [0.4153946644664466, 0.4153946644664466], "gamma": 0.09, "swap_ratio": 0.01}
{"acc": [0.5032961774242787, 0.0], "network_size": 8078, "b_mse": [0.41793866886688663, 0.41793866886688663], "runtime": 0.05319094657897949, "alpha_mse": [5.01526402640264, 0.0], "prob_mse": [0.39758729372937296, 0.0], "adv_type": "random_pgd", "dataset": "facebook", "sample_size": 1, "test_ratio": 0.3, "T": 10, "realization": 0, "beta_mse": [4.98473597359736, 0.0], "attack_edge": 10000, "u_mse": [0.35714285714285715, 0.0], "d_mse": [0.4153946644664466, 0.4153946644664466], "gamma": 0.2, "swap_ratio": 0.01}
{"acc": [0.5032961774242787, 0.0], "network_size": 8078, "b_mse": [0.41793866886688663, 0.41793866886688663], "runtime": 0.052803993225097656, "alpha_mse": [5.01526402640264, 0.0], "prob_mse": [0.39758729372937296, 0.0], "adv_type": "random_pgd", "dataset": "facebook", "sample_size": 1, "test_ratio": 0.3, "T": 10, "realization": 0, "beta_mse": [4.98473597359736, 0.0], "attack_edge": 10000, "u_mse": [0.35714285714285715, 0.0], "d_mse": [0.4153946644664466, 0.4153946644664466], "gamma": 0.3, "swap_ratio": 0.01}
{"acc": [0.5032961774242787, 0.0], "network_size": 8078, "b_mse": [0.41793866886688663, 0.41793866886688663], "runtime": 0.05390596389770508, "alpha_mse": [5.01526402640264, 0.0], "prob_mse": [0.39758729372937296, 0.0], "adv_type": "random_pgd", "dataset": "facebook", "sample_size": 1, "test_ratio": 0.3, "T": 10, "realization": 0, "beta_mse": [4.98473597359736, 0.0], "attack_edge": 10000, "u_mse": [0.35714285714285715, 0.0], "d_mse": [0.4153946644664466, 0.4153946644664466], "gamma": 0.4, "swap_ratio": 0.01}
{"acc": [0.5032961774242787, 0.0], "network_size": 8078, "b_mse": [0.41793866886688663, 0.41793866886688663], "runtime": 0.05262112617492676, "alpha_mse": [5.01526402640264, 0.0], "prob_mse": [0.39758729372937296, 0.0], "adv_type": "random_pgd", "dataset": "facebook", "sample_size": 1, "test_ratio": 0.3, "T": 10, "realization": 0, "beta_mse": [4.98473597359736, 0.0], "attack_edge": 10000, "u_mse": [0.35714285714285715, 0.0], "d_mse": [0.4153946644664466, 0.4153946644664466], "gamma": 0.5, "swap_ratio": 0.01}
