{"acc": [0.4909200419138456, 0.0], "network_size": 8078, "b_mse": [0.46018214703253807, 0.46018214703253807], "runtime": 0.0606689453125, "alpha_mse": [5.551900990099011, 0.0], "prob_mse": [0.5049610793708224, 0.0], "adv_type": "random_pgd", "dataset": "facebook", "sample_size": 1, "test_ratio": 0.3, "T": 10, "realization": 0, "beta_mse": [5.568386138613863, 0.0], "attack_edge": 10000, "u_mse": [0.010977177579746616, 0.0], "d_mse": [0.45893338566880965, 0.45893338566880965], "gamma": 0.0, "swap_ratio": 0.01}
{"acc": [0.477718830702717, 0.0], "network_size": 8078, "b_mse": [0.47216554983150344, 0.47216554983150344], "runtime": 0.06110501289367676, "alpha_mse": [5.717731023102311, 0.0], "prob_mse": [0.5178209253554208, 0.0], "adv_type": "random_pgd", "dataset": "facebook", "sample_size": 1, "test_ratio": 0.3, "T": 10, "realization": 0, "beta_mse": [5.7111369636963705, 0.0], "attack_edge": 10000, "u_mse": [0.010977177579746616, 0.0], "d_mse": [0.47266505437699485, 0.47266505437699485], "gamma": 0.01, "swap_ratio": 0.01}
{"acc": [0.5276359105947971, 0.0], "network_size": 8078, "b_mse": [0.4310864760119317, 0.4310864760119317], "runtime": 0.06067013740539551, "alpha_mse": [5.22556889438944, 0.0], "prob_mse": [0.47677315307819307, 0.0], "adv_type": "random_pgd", "dataset": "facebook", "sample_size": 1, "test_ratio": 0.3, "T": 10, "realization": 0, "beta_mse": [5.218150577557757, 0.0], "attack_edge": 10000, "u_mse": [0.010977177579746616, 0.0], "d_mse": [0.43164841862560954, 0.43164841862560954], "gamma": 0.03, "swap_ratio": 0.01}
{"acc": [0.5012334881725399, 0.0], "network_size": 8078, "b_mse": [0.4562310360774283, 0.4562310360774283], "runtime": 0.06081199645996094, "alpha_mse": [5.487965759075908, 0.0], "prob_mse": [0.5003526360264878, 0.0], "adv_type": "random_pgd", "dataset": "facebook", "sample_size": 1, "test_ratio": 0.3, "T": 10, "realization": 0, "beta_mse": [5.521760313531354, 0.0], "attack_edge": 10000, "u_mse": [0.010977177579746616, 0.0], "d_mse": [0.45367107528178513, 0.45367107528178513], "gamma": 0.05, "swap_ratio": 0.01}
{"acc": [0.5177350021864506, 0.0], "network_size": 8078, "b_mse": [0.4423674224185441, 0.4423674224185441], "runtime": 0.06115412712097168, "alpha_mse": [5.327896452145216, 0.0], "prob_mse": [0.48673943470635583, 0.0], "adv_type": "random_pgd", "dataset": "facebook", "sample_size": 1, "test_ratio": 0.3, "T": 10, "realization": 0, "beta_mse": [5.35509694719472, 0.0], "attack_edge": 10000, "u_mse": [0.010977177579746616, 0.0], "d_mse": [0.44030696616839216, 0.44030696616839216], "gamma": 0.07, "swap_ratio": 0.01}
{"acc": [0.5119594722815818, 0.0], "network_size": 8078, "b_mse": [0.4455127822913189, 0.4455127822913189], "runtime": 0.060633182525634766, "alpha_mse": [5.395537541254126, 0.0], "prob_mse": [0.49107425318820397, 0.0], "adv_type": "random_pgd", "dataset": "facebook", "sample_size": 1, "test_ratio": 0.3, "T": 10, "realization": 0, "beta_mse": [5.391416254125414, 0.0], "attack_edge": 10000, "u_mse": [0.010977177579746616, 0.0], "d_mse": [0.445824972632251, 0.445824972632251], "gamma": 0.09, "swap_ratio": 0.01}
{"acc": [0.504533790975322, 0.0], "network_size": 8078, "b_mse": [0.4530697198094503, 0.4530697198094503], "runtime": 0.06191396713256836, "alpha_mse": [5.484647277227723, 0.0], "prob_mse": [0.4985685876216474, 0.0], "adv_type": "random_pgd", "dataset": "facebook", "sample_size": 1, "test_ratio": 0.3, "T": 10, "realization": 0, "beta_mse": [5.482174504950495, 0.0], "attack_edge": 10000, "u_mse": [0.010977177579746616, 0.0], "d_mse": [0.4532570340140095, 0.4532570340140095], "gamma": 0.2, "swap_ratio": 0.01}
{"acc": [0.47936898210410805, 0.0], "network_size": 8078, "b_mse": [0.4714913686964551, 0.4714913686964551], "runtime": 0.06128287315368652, "alpha_mse": [5.730096534653466, 0.0], "prob_mse": [0.5179605843213174, 0.0], "adv_type": "random_pgd", "dataset": "facebook", "sample_size": 1, "test_ratio": 0.3, "T": 10, "realization": 0, "beta_mse": [5.702071782178218, 0.0], "attack_edge": 10000, "u_mse": [0.010977177579746616, 0.0], "d_mse": [0.4736142630147934, 0.4736142630147934], "gamma": 0.3, "swap_ratio": 0.01}
{"acc": [0.4888573526621067, 0.0], "network_size": 8078, "b_mse": [0.46361554702647795, 0.46361554702647795], "runtime": 0.06121706962585449, "alpha_mse": [5.634799917491749, 0.0], "prob_mse": [0.5100534611089961, 0.0], "adv_type": "random_pgd", "dataset": "facebook", "sample_size": 1, "test_ratio": 0.3, "T": 10, "realization": 0, "beta_mse": [5.607599422442245, 0.0], "attack_edge": 10000, "u_mse": [0.010977177579746616, 0.0], "d_mse": [0.4656760032766299, 0.4656760032766299], "gamma": 0.4, "swap_ratio": 0.01}
{"acc": [0.502373625112647, 0.0], "network_size": 67392, "b_mse": [0.45243359741331973, 0.45243359741331973], "runtime": 0.5326941013336182, "alpha_mse": [5.4763514195271545, 0.0], "prob_mse": [0.49790611173586524, 0.0], "adv_type": "random_pgd", "dataset": "enron", "sample_size": 1, "test_ratio": 0.3, "T": 10, "realization": 0, "beta_mse": [5.474572608566625, 0.0], "attack_edge": 10000, "u_mse": [0.010977177579746616, 0.0], "d_mse": [0.45256834356976994, 0.45256834356976994], "gamma": 0.0, "swap_ratio": 0.01}
{"acc": [0.5036596066281466, 0.0], "network_size": 67392, "b_mse": [0.45225923894417674, 0.45225923894417674], "runtime": 0.5298619270324707, "alpha_mse": [5.4801073795627655, 0.0], "prob_mse": [0.4979644294065875, 0.0], "adv_type": "random_pgd", "dataset": "enron", "sample_size": 1, "test_ratio": 0.3, "T": 10, "realization": 0, "beta_mse": [5.47220155307152, 0.0], "attack_edge": 10000, "u_mse": [0.010977177579746616, 0.0], "d_mse": [0.45285811075062204, 0.45285811075062204], "gamma": 0.01, "swap_ratio": 0.01}
{"acc": [0.5041047540758195, 0.0], "network_size": 67392, "b_mse": [0.4518605148612422, 0.4518605148612422], "runtime": 0.5357859134674072, "alpha_mse": [5.457117617964191, 0.0], "prob_mse": [0.4968414070172976, 0.0], "adv_type": "random_pgd", "dataset": "enron", "sample_size": 1, "test_ratio": 0.3, "T": 10, "realization": 0, "beta_mse": [5.468284597883075, 0.0], "attack_edge": 10000, "u_mse": [0.010977177579746616, 0.0], "d_mse": [0.4510146084346382, 0.4510146084346382], "gamma": 0.03, "swap_ratio": 0.01}
{"acc": [0.49802107229095627, 0.0], "network_size": 67392, "b_mse": [0.45664868603524195, 0.45664868603524195], "runtime": 0.5289089679718018, "alpha_mse": [5.5193863389059254, 0.0], "prob_mse": [0.5018209730805415, 0.0], "adv_type": "random_pgd", "dataset": "enron", "sample_size": 1, "test_ratio": 0.3, "T": 10, "realization": 0, "beta_mse": [5.52551335443664, 0.0], "attack_edge": 10000, "u_mse": [0.010977177579746616, 0.0], "d_mse": [0.4561845603852469, 0.4561845603852469], "gamma": 0.05, "swap_ratio": 0.01}
{"acc": [0.4990102888413405, 0.0], "network_size": 67392, "b_mse": [0.45431244305716, 0.45431244305716], "runtime": 0.4824099540710449, "alpha_mse": [5.50078410327431, 0.0], "prob_mse": [0.4998600141990167, 0.0], "adv_type": "random_pgd", "dataset": "enron", "sample_size": 1, "test_ratio": 0.3, "T": 10, "realization": 0, "beta_mse": [5.497028835690968, 0.0], "attack_edge": 10000, "u_mse": [0.010977177579746616, 0.0], "d_mse": [0.4545969071652215, 0.4545969071652215], "gamma": 0.07, "swap_ratio": 0.01}
{"acc": [0.49797161146343705, 0.0], "network_size": 67392, "b_mse": [0.455125523935274, 0.455125523935274], "runtime": 0.4836850166320801, "alpha_mse": [5.52723691759818, 0.0], "prob_mse": [0.5013373479280372, 0.0], "adv_type": "random_pgd", "dataset": "enron", "sample_size": 1, "test_ratio": 0.3, "T": 10, "realization": 0, "beta_mse": [5.505990008902958, 0.0], "attack_edge": 10000, "u_mse": [0.010977177579746616, 0.0], "d_mse": [0.45673499191509576, 0.45673499191509576], "gamma": 0.09, "swap_ratio": 0.01}
{"acc": [0.5038574499382235, 0.0], "network_size": 67392, "b_mse": [0.4515260570966358, 0.4515260570966358], "runtime": 0.5358760356903076, "alpha_mse": [5.46527228212484, 0.0], "prob_mse": [0.4969910657372501, 0.0], "adv_type": "random_pgd", "dataset": "enron",