{"acc": [0.5047972056610884, 0.0], "network_size": 67392, "b_mse": [0.4115309789956144, 0.4115309789956144], "runtime": 0.4502232074737549, "alpha_mse": [4.938371747947373, 0.0], "prob_mse": [0.4060138622349721, 0.0], "adv_type": "random_pgd_gcn_vae", "dataset": "enron", "sample_size": 1, "test_ratio": 0.3, "T": 10, "realization": 0, "beta_mse": [4.9644870907112475, 0.0], "attack_edge": 10000, "u_mse": [0.11898873705184913, 0.0], "d_mse": [0.4137072575592706, 0.4137072575592706], "gamma": 0.0, "swap_ratio": 0.01}
{"acc": [0.5066272562792994, 0.0], "network_size": 67392, "b_mse": [0.41472120552642855, 0.41472120552642855], "runtime": 0.44719696044921875, "alpha_mse": [4.976654466317143, 0.0], "prob_mse": [0.40634806937712264, 0.0], "adv_type": "random_pgd_gcn_vae", "dataset": "enron", "sample_size": 1, "test_ratio": 0.3, "T": 10, "realization": 0, "beta_mse": [4.939954495993669, 0.0], "attack_edge": 10000, "u_mse": [0.11745191696225427, 0.0], "d_mse": [0.4116628746661391, 0.4116628746661391], "gamma": 0.01, "swap_ratio": 0.01}
{"acc": [0.503313380835512, 0.0], "network_size": 67392, "b_mse": [0.41701289280179377, 0.41701289280179377], "runtime": 0.4494469165802002, "alpha_mse": [5.004154713621525, 0.0], "prob_mse": [0.4091839647838559, 0.0], "adv_type": "random_pgd_gcn_vae", "dataset": "enron", "sample_size": 1, "test_ratio": 0.3, "T": 10, "realization": 0, "beta_mse": [4.977346918587397, 0.0], "attack_edge": 10000, "u_mse": [0.11861778047849865, 0.0], "d_mse": [0.4147789098822831, 0.4147789098822831], "gamma": 0.03, "swap_ratio": 0.01}
{"acc": [0.4992575929789366, 0.0], "network_size": 67392, "b_mse": [0.4159577274375968, 0.4159577274375968], "runtime": 0.45871400833129883, "alpha_mse": [4.991492729251163, 0.0], "prob_mse": [0.41030439542322017, 0.0], "adv_type": "random_pgd_gcn_vae", "dataset": "enron", "sample_size": 1, "test_ratio": 0.3, "T": 10, "realization": 0, "beta_mse": [5.015827480462954, 0.0], "attack_edge": 10000, "u_mse": [0.1185117928861128, 0.0], "d_mse": [0.41798562337191286, 0.41798562337191286], "gamma": 0.05, "swap_ratio": 0.01}
{"acc": [0.497031855740572, 0.0], "network_size": 67392, "b_mse": [0.41708708411646384, 0.41708708411646384], "runtime": 0.43099403381347656, "alpha_mse": [5.005045009397566, 0.0], "prob_mse": [0.4118617304711972, 0.0], "adv_type": "random_pgd_gcn_vae", "dataset": "enron", "sample_size": 1, "test_ratio": 0.3, "T": 10, "realization": 0, "beta_mse": [5.04599861509546, 0.0], "attack_edge": 10000, "u_mse": [0.12045489874652009, 0.0], "d_mse": [0.4204998845912883, 0.4204998845912883], "gamma": 0.07, "swap_ratio": 0.01}
{"acc": [0.5029176942153584, 0.0], "network_size": 67392, "b_mse": [0.4117700398984403, 0.4117700398984403], "runtime": 0.431804895401001, "alpha_mse": [4.941240478781284, 0.0], "prob_mse": [0.4069528571899627, 0.0], "adv_type": "random_pgd_gcn_vae", "dataset": "enron", "sample_size": 1, "test_ratio": 0.3, "T": 10, "realization": 0, "beta_mse": [4.9884261549114655, 0.0], "attack_edge": 10000, "u_mse": [0.12036657575286519, 0.0], "d_mse": [0.4157021795759554, 0.4157021795759554], "gamma": 0.09, "swap_ratio": 0.01}
{"acc": [0.49831783725607154, 0.0], "network_size": 67392, "b_mse": [0.4179114320572427, 0.4179114320572427], "runtime": 0.4420320987701416, "alpha_mse": [5.014937184686913, 0.0], "prob_mse": [0.41172664292544586, 0.0], "adv_type": "random_pgd_gcn_vae", "dataset": "enron", "sample_size": 1, "test_ratio": 0.3, "T": 10, "realization": 0, "beta_mse": [5.027599169057276, 0.0], "attack_edge": 10000, "u_mse": [0.11722227717875161, 0.0], "d_mse": [0.4189665974214396, 0.4189665974214396], "gamma": 0.2, "swap_ratio": 0.01}
{"acc": [0.49757592484328333, 0.0], "network_size": 67392, "b_mse": [0.4166749101460744, 0.4166749101460744], "runtime": 0.43393397331237793, "alpha_mse": [5.000098921752893, 0.0], "prob_mse": [0.41167255580835554, 0.0], "adv_type": "random_pgd_gcn_vae", "dataset": "enron", "sample_size": 1, "test_ratio": 0.3, "T": 10, "realization": 0, "beta_mse": [5.039667622910278, 0.0], "attack_edge": 10000, "u_mse": [0.11618006585362407, 0.0], "d_mse": [0.4199723019091898, 0.4199723019091898], "gamma": 0.3, "swap_ratio": 0.01}
{"acc": [0.5012360260797051, 0.0], "network_size": 67392, "b_mse": [0.41631219705213174, 0.41631219705213174], "runtime": 0.449005126953125, "alpha_mse": [4.995746364625581, 0.0], "prob_mse": [0.4100120882382035, 0.0], "adv_type": "random_pgd_gcn_vae", "dataset": "enron", "sample_size": 1, "test_ratio": 0.3, "T": 10, "realization": 0, "beta_mse": [5.002176278563656, 0.0], "attack_edge": 10000, "u_mse": [0.11736359396859943, 0.0], "d_mse": [0.41684802321363795, 0.41684802321363795], "gamma": 0.4, "swap_ratio": 0.01}
{"acc": [0.5009887219421091, 0.0], "network_size": 67392, "b_mse": [0.41912322353018755, 0.41912322353018755], "runtime": 0.44756293296813965, "alpha_mse": [5.029478682362251, 0.0], "prob_mse": [0.4113225541596597, 0.0], "adv_type": "random_pgd_gcn_vae", "dataset": "enron", "sample_size": 1, "test_ratio": 0.3, "T": 10, "realization": 0, "beta_mse": [5.007320209714116, 0.0], "attack_edge": 10000, "u_mse": [0.11941268742139254, 0.0], "d_mse": [0.417276684142843, 0.417276684142843], "gamma": 0.5, "swap_ratio": 0.01}
{"acc": [0.5024947251542696, 0.0], "network_size": 164336, "b_mse": [0.41737491548343475, 0.41737491548343475], "runtime": 1.104151964187622, "alpha_mse": [5.008498985801217, 0.0], "prob_mse": [0.4102660797836375, 0.0], "adv_type": "random_pgd_gcn_vae", "dataset": "slashdot", "sample_size": 1, "test_ratio": 0.3, "T": 10, "realization": 0, "beta_mse": [4.994137931034483, 0.0], "attack_edge": 10000, "u_mse": [0.11857432628223702, 0.0], "d_mse": [0.4161781609195403, 0.4161781609195403], "gamma": 0.0, "swap_ratio": 0.01}
{"acc": [0.5004257604763649, 0.0], "network_size": 164336, "b_mse": [0.419734617985125, 0.419734617985125], "runtime": 1.096484899520874, "alpha_mse": [5.036815415821501, 0.0], "prob_mse": [0.4121714563894523, 0.0], "adv_type": "random_pgd_gcn_vae", "dataset": "slashdot", "sample_size": 1, "test_ratio": 0.3, "T": 10, "realization": 0, "beta_mse": [5.015638945233266, 0.0], "attack_edge": 10000, "u_mse": [0.11720515792523907, 0.0], "d_mse": [0.417969912102772, 0.417969912102772], "gamma": 0.01, "swap_ratio": 0.01}
{"acc": [0.5034683555909307, 0.0], "network_size": 164336, "b_mse": [0.41932555780933056, 0.41932555780933056], "runtime": 1.107262134552002, "alpha_mse": [5.031906693711967, 0.0], "prob_mse": [0.41063659499661925, 0.0], "adv_type": "random_pgd_gcn_vae", "dataset": "slashdot", "sample_size": 1, "test_ratio": 0.3, "T": 10, "realization": 0, "beta_mse": [4.978113590263692, 0.0], "attack_edge": 10000, "u_mse": [0.11817589104607362, 0.0], "d_mse": [0.4148427991886409, 0.4148427991886409], "gamma": 0.03, "swap_ratio": 0.01}
{"acc": [0.4951519289444507, 0.0], "network_size": 164336, "b_mse": [0.4196703853955375, 0.4196703853955375], "runtime": 1.1018891334533691, "alpha_mse": [5.0360446247464505, 0.0], "prob_mse": [0.4142364530087896, 0.0], "adv_type": "random_pgd_gcn_vae", "dataset": "slashdot", "sample_size": 1, "test_ratio": 0.3, "T": 10, "realization": 0, "beta_mse": [5.0594117647058825, 0.0], "attack_edge": 10000, "u_mse": [0.11863952477542741, 0.0], "d_mse": [0.42161764705882343, 0.42161764705882343], "gamma": 0.05, "swap_ratio": 0.01}
{"acc": [0.5061255553243182, 0.0], "network_size": 164336, "b_mse": [0.4178752535496957, 0.4178752535496957], "runtime": 1.1116390228271484, "alpha_mse": [5.014503042596349, 0.0], "prob_mse": [0.4090979675456389, 0.0], "adv_type": "random_pgd_gcn_vae", "dataset": "slashdot", "sample_size": 1, "test_ratio": 0.3, "T": 10, "realization": 0, "beta_mse": [4.964401622718053, 0.0], "attack_edge": 10000, "u_mse": [0.1197116777745581, 0.0], "d_mse": [0.41370013522650434, 0.41370013522650434], "gamma": 0.07, "swap_ratio": 0.01}
{"acc": [0.49870162324477757, 0.0], "network_size": 164336, "b_mse": [0.41894354293441516, 0.41894354293441516], "runtime": 1.093677043914795,