{"acc": [0.49347067615918866, 0.0], "network_size": 67392, "b_mse": [0.42316252844000396, 0.42316252844000396], "runtime": 0.4503359794616699, "alpha_mse": [5.077950341280047, 0.0], "prob_mse": [0.41630099251492064, 0.0], "adv_type": "random_pgd_csl", "dataset": "enron", "sample_size": 1, "test_ratio": 0.3, "T": 10, "realization": 0, "beta_mse": [5.076466514986645, 0.0], "attack_edge": 10000, "u_mse": [0.11807017791783843, 0.0], "d_mse": [0.42303887624888714, 0.42303887624888714], "gamma": 0.0, "swap_ratio": 0.01}
{"acc": [0.5030166158703968, 0.0], "network_size": 67392, "b_mse": [0.41800211033072837, 0.41800211033072837], "runtime": 0.448962926864624, "alpha_mse": [5.016025323968741, 0.0], "prob_mse": [0.4106674646354732, 0.0], "adv_type": "random_pgd_csl", "dataset": "enron", "sample_size": 1, "test_ratio": 0.3, "T": 10, "realization": 0, "beta_mse": [5.000197843505787, 0.0], "attack_edge": 10000, "u_mse": [0.11833514689880305, 0.0], "d_mse": [0.41668315362548214, 0.41668315362548214], "gamma": 0.01, "swap_ratio": 0.01}
{"acc": [0.49871352387622525, 0.0], "network_size": 67392, "b_mse": [0.4153312230026049, 0.4153312230026049], "runtime": 0.4476640224456787, "alpha_mse": [4.983974676031259, 0.0], "prob_mse": [0.4105063903452369, 0.0], "adv_type": "random_pgd_csl", "dataset": "enron", "sample_size": 1, "test_ratio": 0.3, "T": 10, "realization": 0, "beta_mse": [5.015827480462954, 0.0], "attack_edge": 10000, "u_mse": [0.11750491075844721, 0.0], "d_mse": [0.41798562337191275, 0.41798562337191275], "gamma": 0.03, "swap_ratio": 0.01}
{"acc": [0.5054401964188382, 0.0], "network_size": 67392, "b_mse": [0.40881887427045205, 0.40881887427045205], "runtime": 0.44861817359924316, "alpha_mse": [4.905826491245425, 0.0], "prob_mse": [0.40430832261681005, 0.0], "adv_type": "random_pgd_csl", "dataset": "enron", "sample_size": 1, "test_ratio": 0.3, "T": 10, "realization": 0, "beta_mse": [4.957661489761598, 0.0], "attack_edge": 10000, "u_mse": [0.11803484872037648, 0.0], "d_mse": [0.4131384574801332, 0.4131384574801332], "gamma": 0.05, "swap_ratio": 0.01}
{"acc": [0.5038079891107042, 0.0], "network_size": 67392, "b_mse": [0.418991327859663, 0.418991327859663], "runtime": 0.44884204864501953, "alpha_mse": [5.027895934315956, 0.0], "prob_mse": [0.4097400336333959, 0.0], "adv_type": "random_pgd_csl", "dataset": "enron", "sample_size": 1, "test_ratio": 0.3, "T": 10, "realization": 0, "beta_mse": [4.975962014046889, 0.0], "attack_edge": 10000, "u_mse": [0.1200839421731696, 0.0], "d_mse": [0.41466350117057404, 0.41466350117057404], "gamma": 0.07, "swap_ratio": 0.01}
{"acc": [0.4989608280138213, 0.0], "network_size": 67392, "b_mse": [0.4180680581659907, 0.4180680581659907], "runtime": 0.4477419853210449, "alpha_mse": [5.016816697991889, 0.0], "prob_mse": [0.41159368879216535, 0.0], "adv_type": "random_pgd_csl", "dataset": "enron", "sample_size": 1, "test_ratio": 0.3, "T": 10, "realization": 0, "beta_mse": [5.0338312394895635, 0.0], "attack_edge": 10000, "u_mse": [0.11969532100108814, 0.0], "d_mse": [0.4194859366241303, 0.4194859366241303], "gamma": 0.09, "swap_ratio": 0.01}
{"acc": [0.4996532795990903, 0.0], "network_size": 67392, "b_mse": [0.41646057968147193, 0.41646057968147193], "runtime": 0.42974185943603516, "alpha_mse": [4.997526956177664, 0.0], "prob_mse": [0.41078737098954726, 0.0], "adv_type": "random_pgd_csl", "dataset": "enron", "sample_size": 1, "test_ratio": 0.3, "T": 10, "realization": 0, "beta_mse": [5.021762785636562, 0.0], "attack_edge": 10000, "u_mse": [0.11750491075844721, 0.0], "d_mse": [0.4184802321363801, 0.4184802321363801], "gamma": 0.2, "swap_ratio": 0.01}
{"acc": [0.5037090674556658, 0.0], "network_size": 67392, "b_mse": [0.41600718831404354, 0.41600718831404354], "runtime": 0.4465639591217041, "alpha_mse": [4.992086259768523, 0.0], "prob_mse": [0.408252046031589, 0.0], "adv_type": "random_pgd_csl", "dataset": "enron", "sample_size": 1, "test_ratio": 0.3, "T": 10, "realization": 0, "beta_mse": [4.972895439707192, 0.0], "attack_edge": 10000, "u_mse": [0.12162076226276444, 0.0], "d_mse": [0.41440795330893265, 0.41440795330893265], "gamma": 0.3, "swap_ratio": 0.01}
{"acc": [0.5054896572463574, 0.0], "network_size": 67392, "b_mse": [0.4150921620997791, 0.4150921620997791], "runtime": 0.4520599842071533, "alpha_mse": [4.981105945197349, 0.0], "prob_mse": [0.40744036996735583, 0.0], "adv_type": "random_pgd_csl", "dataset": "enron", "sample_size": 1, "test_ratio": 0.3, "T": 10, "realization": 0, "beta_mse": [4.959244237807894, 0.0], "attack_edge": 10000, "u_mse": [0.11835281149753403, 0.0], "d_mse": [0.41327035315065785, 0.41327035315065785], "gamma": 0.4, "swap_ratio": 0.01}
{"acc": [0.5036101458006274, 0.0], "network_size": 67392, "b_mse": [0.41767237115441685, 0.41767237115441685], "runtime": 0.44806790351867676, "alpha_mse": [5.0120684538530025, 0.0], "prob_mse": [0.40959965707125656, 0.0], "adv_type": "random_pgd_csl", "dataset": "enron", "sample_size": 1, "test_ratio": 0.3, "T": 10, "realization": 0, "beta_mse": [4.981402710456029, 0.0], "attack_edge": 10000, "u_mse": [0.12096717210971836, 0.0], "d_mse": [0.4151168925380024, 0.4151168925380024], "gamma": 0.5, "swap_ratio": 0.01}
{"acc": [0.501865922163926, 0.0], "network_size": 164336, "b_mse": [0.41684077079107507, 0.41684077079107507], "runtime": 1.1161301136016846, "alpha_mse": [5.002089249492901, 0.0], "prob_mse": [0.40992765246788365, 0.0], "adv_type": "random_pgd_csl", "dataset": "slashdot", "sample_size": 1, "test_ratio": 0.3, "T": 10, "realization": 0, "beta_mse": [4.997221095334686, 0.0], "attack_edge": 10000, "u_mse": [0.11896551724137931, 0.0], "d_mse": [0.41643509127789047, 0.41643509127789047], "gamma": 0.0, "swap_ratio": 0.01}
{"acc": [0.5015008107501782, 0.0], "network_size": 164336, "b_mse": [0.41682386747802574, 0.41682386747802574], "runtime": 1.0984950065612793, "alpha_mse": [5.001886409736309, 0.0], "prob_mse": [0.4104516916835699, 0.0], "adv_type": "random_pgd_csl", "dataset": "slashdot", "sample_size": 1, "test_ratio": 0.3, "T": 10, "realization": 0, "beta_mse": [5.006389452332657, 0.0], "attack_edge": 10000, "u_mse": [0.11889307447116779, 0.0], "d_mse": [0.41719912102772144, 0.41719912102772144], "gamma": 0.01, "swap_ratio": 0.01}
{"acc": [0.5025758610239914, 0.0], "network_size": 164336, "b_mse": [0.41579276538201493, 0.41579276538201493], "runtime": 1.1033291816711426, "alpha_mse": [4.989513184584179, 0.0], "prob_mse": [0.4093263448275862, 0.0], "adv_type": "random_pgd_csl", "dataset": "slashdot", "sample_size": 1, "test_ratio": 0.3, "T": 10, "realization": 0, "beta_mse": [4.989148073022313, 0.0], "attack_edge": 10000, "u_mse": [0.11683569979716024, 0.0], "d_mse": [0.41576233941852603, 0.41576233941852603], "gamma": 0.03, "swap_ratio": 0.01}
{"acc": [0.5008314398249737, 0.0], "network_size": 164336, "b_mse": [0.41572177146720757, 0.41572177146720757], "runtime": 1.0954201221466064, "alpha_mse": [4.988661257606491, 0.0], "prob_mse": [0.41004601622718045, 0.0], "adv_type": "random_pgd_csl", "dataset": "slashdot", "sample_size": 1, "test_ratio": 0.3, "T": 10, "realization": 0, "beta_mse": [5.006754563894523, 0.0], "attack_edge": 10000, "u_mse": [0.11922631121414082, 0.0], "d_mse": [0.4172295469912103, 0.4172295469912103], "gamma": 0.05, "swap_ratio": 0.01}
{"acc": [0.49997951319289524, 0.0], "network_size": 164336, "b_mse": [0.4181017579445572, 0.4181017579445572], "runtime": 1.1022789478302002, "alpha_mse": [5.017221095334685, 0.0], "prob_mse": [0.41116152129817435, 0.0], "adv_type": "random_pgd_csl", "dataset": "slashdot", "sample_size": 1, "test_ratio": 0.3, "T": 10, "realization": 0, "beta_mse": [5.012961460446247, 0.0], "attack_edge": 10000, "u_mse": [0.11929875398435238, 0.0], "d_mse": [0.4177467883705206, 0.4177467883705206], "gamma": 0.07, "swap_ratio": 0.01}
{"acc": [0.5030829602097524, 0.0], "network_size": 164336, "b_mse": [0.4146298174442191, 0.4146298174442191], "runtime": 1.10316801071167, "alpha_mse": [4.9755578093306285, 0.0],