{"acc": [0.5043025973858963, 0.0], "network_size": 67392, "b_mse": [0.4171118145546872, 0.4171118145546872], "runtime": 0.42818212509155273, "alpha_mse": [5.005341774656247, 0.0], "prob_mse": [0.40886991130016154, 0.0], "adv_type": "random_pgd_csl", "dataset": "enron", "sample_size": 1, "test_ratio": 0.3, "T": 10, "realization": 0, "beta_mse": [4.961618359877337, 0.0], "attack_edge": 10000, "u_mse": [0.1182998177013411, 0.0], "d_mse": [0.41346819665644474, 0.41346819665644474], "gamma": 0.0, "swap_ratio": 0.01}
{"acc": [0.5043025973858963, 0.0], "network_size": 67392, "b_mse": [0.4171118145546872, 0.4171118145546872], "runtime": 0.434600830078125, "alpha_mse": [5.005341774656247, 0.0], "prob_mse": [0.40886991130016154, 0.0], "adv_type": "random_pgd_csl", "dataset": "enron", "sample_size": 1, "test_ratio": 0.3, "T": 10, "realization": 0, "beta_mse": [4.961618359877337, 0.0], "attack_edge": 10000, "u_mse": [0.1182998177013411, 0.0], "d_mse": [0.41346819665644474, 0.41346819665644474], "gamma": 0.01, "swap_ratio": 0.01}
{"acc": [0.5043025973858963, 0.0], "network_size": 67392, "b_mse": [0.4171118145546872, 0.4171118145546872], "runtime": 0.4224588871002197, "alpha_mse": [5.005341774656247, 0.0], "prob_mse": [0.40886991130016154, 0.0], "adv_type": "random_pgd_csl", "dataset": "enron", "sample_size": 1, "test_ratio": 0.3, "T": 10, "realization": 0, "beta_mse": [4.961618359877337, 0.0], "attack_edge": 10000, "u_mse": [0.1182998177013411, 0.0], "d_mse": [0.41346819665644474, 0.41346819665644474], "gamma": 0.03, "swap_ratio": 0.01}
{"acc": [0.5043025973858963, 0.0], "network_size": 67392, "b_mse": [0.4171118145546872, 0.4171118145546872], "runtime": 0.46975207328796387, "alpha_mse": [5.005341774656247, 0.0], "prob_mse": [0.40886991130016154, 0.0], "adv_type": "random_pgd_csl", "dataset": "enron", "sample_size": 1, "test_ratio": 0.3, "T": 10, "realization": 0, "beta_mse": [4.961618359877337, 0.0], "attack_edge": 10000, "u_mse": [0.1182998177013411, 0.0], "d_mse": [0.41346819665644474, 0.41346819665644474], "gamma": 0.05, "swap_ratio": 0.01}
{"acc": [0.5043025973858963, 0.0], "network_size": 67392, "b_mse": [0.4171118145546872, 0.4171118145546872], "runtime": 0.4498000144958496, "alpha_mse": [5.005341774656247, 0.0], "prob_mse": [0.40886991130016154, 0.0], "adv_type": "random_pgd_csl", "dataset": "enron", "sample_size": 1, "test_ratio": 0.3, "T": 10, "realization": 0, "beta_mse": [4.961618359877337, 0.0], "attack_edge": 10000, "u_mse": [0.1182998177013411, 0.0], "d_mse": [0.41346819665644474, 0.41346819665644474], "gamma": 0.07, "swap_ratio": 0.01}
{"acc": [0.5043025973858963, 0.0], "network_size": 67392, "b_mse": [0.4171118145546872, 0.4171118145546872], "runtime": 0.4346020221710205, "alpha_mse": [5.005341774656247, 0.0], "prob_mse": [0.40886991130016154, 0.0], "adv_type": "random_pgd_csl", "dataset": "enron", "sample_size": 1, "test_ratio": 0.3, "T": 10, "realization": 0, "beta_mse": [4.961618359877337, 0.0], "attack_edge": 10000, "u_mse": [0.1182998177013411, 0.0], "d_mse": [0.41346819665644474, 0.41346819665644474], "gamma": 0.09, "swap_ratio": 0.01}
{"acc": [0.5043025973858963, 0.0], "network_size": 67392, "b_mse": [0.4171118145546872, 0.4171118145546872], "runtime": 0.4251220226287842, "alpha_mse": [5.005341774656247, 0.0], "prob_mse": [0.40886991130016154, 0.0], "adv_type": "random_pgd_csl", "dataset": "enron", "sample_size": 1, "test_ratio": 0.3, "T": 10, "realization": 0, "beta_mse": [4.961618359877337, 0.0], "attack_edge": 10000, "u_mse": [0.1182998177013411, 0.0], "d_mse": [0.41346819665644474, 0.41346819665644474], "gamma": 0.2, "swap_ratio": 0.01}
{"acc": [0.5043025973858963, 0.0], "network_size": 67392, "b_mse": [0.4171118145546872, 0.4171118145546872], "runtime": 0.4269599914550781, "alpha_mse": [5.005341774656247, 0.0], "prob_mse": [0.40886991130016154, 0.0], "adv_type": "random_pgd_csl", "dataset": "enron", "sample_size": 1, "test_ratio": 0.3, "T": 10, "realization": 0, "beta_mse": [4.961618359877337, 0.0], "attack_edge": 10000, "u_mse": [0.1182998177013411, 0.0], "d_mse": [0.41346819665644474, 0.41346819665644474], "gamma": 0.3, "swap_ratio": 0.01}
{"acc": [0.5043025973858963, 0.0], "network_size": 67392, "b_mse": [0.4171118145546872, 0.4171118145546872], "runtime": 0.4325590133666992, "alpha_mse": [5.005341774656247, 0.0], "prob_mse": [0.40886991130016154, 0.0], "adv_type": "random_pgd_csl", "dataset": "enron", "sample_size": 1, "test_ratio": 0.3, "T": 10, "realization": 0, "beta_mse": [4.961618359877337, 0.0], "attack_edge": 10000, "u_mse": [0.1182998177013411, 0.0], "d_mse": [0.41346819665644474, 0.41346819665644474], "gamma": 0.4, "swap_ratio": 0.01}
{"acc": [0.5043025973858963, 0.0], "network_size": 67392, "b_mse": [0.4171118145546872, 0.4171118145546872], "runtime": 0.42308902740478516, "alpha_mse": [5.005341774656247, 0.0], "prob_mse": [0.40886991130016154, 0.0], "adv_type": "random_pgd_csl", "dataset": "enron", "sample_size": 1, "test_ratio": 0.3, "T": 10, "realization": 0, "beta_mse": [4.961618359877337, 0.0], "attack_edge": 10000, "u_mse": [0.1182998177013411, 0.0], "d_mse": [0.41346819665644474, 0.41346819665644474], "gamma": 0.5, "swap_ratio": 0.01}
{"acc": [0.5005880322158084, 0.0], "network_size": 164336, "b_mse": [0.4172227856659905, 0.4172227856659905], "runtime": 1.0518319606781006, "alpha_mse": [5.0066734279918865, 0.0], "prob_mse": [0.41112565517241373, 0.0], "adv_type": "random_pgd_csl", "dataset": "slashdot", "sample_size": 1, "test_ratio": 0.3, "T": 10, "realization": 0, "beta_mse": [5.011460446247464, 0.0], "attack_edge": 10000, "u_mse": [0.117958562735439, 0.0], "d_mse": [0.4176217038539553, 0.4176217038539553], "gamma": 0.0, "swap_ratio": 0.01}
{"acc": [0.5005880322158084, 0.0], "network_size": 164336, "b_mse": [0.4172227856659905, 0.4172227856659905], "runtime": 1.0378391742706299, "alpha_mse": [5.0066734279918865, 0.0], "prob_mse": [0.41112565517241373, 0.0], "adv_type": "random_pgd_csl", "dataset": "slashdot", "sample_size": 1, "test_ratio": 0.3, "T": 10, "realization": 0, "beta_mse": [5.011460446247464, 0.0], "attack_edge": 10000, "u_mse": [0.117958562735439, 0.0], "d_mse": [0.4176217038539553, 0.4176217038539553], "gamma": 0.01, "swap_ratio": 0.01}
{"acc": [0.5005880322158084, 0.0], "network_size": 164336, "b_mse": [0.4172227856659905, 0.4172227856659905], "runtime": 1.0534610748291016, "alpha_mse": [5.0066734279918865, 0.0], "prob_mse": [0.41112565517241373, 0.0], "adv_type": "random_pgd_csl", "dataset": "slashdot", "sample_size": 1, "test_ratio": 0.3, "T": 10, "realization": 0, "beta_mse": [5.011460446247464, 0.0], "attack_edge": 10000, "u_mse": [0.117958562735439, 0.0], "d_mse": [0.4176217038539553, 0.4176217038539553], "gamma": 0.03, "swap_ratio": 0.01}
{"acc": [0.5005880322158084, 0.0], "network_size": 164336, "b_mse": [0.4172227856659905, 0.4172227856659905], "runtime": 1.0378930568695068, "alpha_mse": [5.0066734279918865, 0.0], "prob_mse": [0.41112565517241373, 0.0], "adv_type": "random_pgd_csl", "dataset": "slashdot", "sample_size": 1, "test_ratio": 0.3, "T": 10, "realization": 0, "beta_mse": [5.011460446247464, 0.0], "attack_edge": 10000, "u_mse": [0.117958562735439, 0.0], "d_mse": [0.4176217038539553, 0.4176217038539553], "gamma": 0.05, "swap_ratio": 0.01}
{"acc": [0.5005880322158084, 0.0], "network_size": 164336, "b_mse": [0.4172227856659905, 0.4172227856659905], "runtime": 1.0419971942901611, "alpha_mse": [5.0066734279918865, 0.0], "prob_mse": [0.41112565517241373, 0.0], "adv_type": "random_pgd_csl", "dataset": "slashdot", "sample_size": 1, "test_ratio": 0.3, "T": 10, "realization": 0, "beta_mse": [5.011460446247464, 0.0], "attack_edge": 10000, "u_mse": [0.117958562735439, 0.0], "d_mse": [0.4176217038539553, 0.4176217038539553], "gamma": 0.07, "swap_ratio": 0.01}
{"acc": [0.5005880322158084, 0.0], "network_size": 164336, "b_mse": [0.4172227856659905, 0.4172227856659905], "runtime": 1.0371649265289307, "alpha_mse": [5.0066734279918865, 0.0], "prob_mse": [0.41112565517241373, 0.0],