{"acc": [0.5034123024905505, 0.0], "network_size": 67392, "b_mse": [0.41605664919049035, 0.41605664919049035], "runtime": 0.4239659309387207, "alpha_mse": [4.992679790285884, 0.0], "prob_mse": [0.4090758499027269, 0.0], "adv_type": "random_pgd", "dataset": "enron", "sample_size": 1, "test_ratio": 0.3, "T": 10, "realization": 0, "beta_mse": [4.980710258185775, 0.0], "attack_edge": 10000, "u_mse": [0.1182998177013411, 0.0], "d_mse": [0.4150591881821479, 0.4150591881821479], "gamma": 0.0, "swap_ratio": 0.01}
{"acc": [0.5034123024905505, 0.0], "network_size": 67392, "b_mse": [0.41605664919049035, 0.41605664919049035], "runtime": 0.4235808849334717, "alpha_mse": [4.992679790285884, 0.0], "prob_mse": [0.4090758499027269, 0.0], "adv_type": "random_pgd", "dataset": "enron", "sample_size": 1, "test_ratio": 0.3, "T": 10, "realization": 0, "beta_mse": [4.980710258185775, 0.0], "attack_edge": 10000, "u_mse": [0.1182998177013411, 0.0], "d_mse": [0.4150591881821479, 0.4150591881821479], "gamma": 0.01, "swap_ratio": 0.01}
{"acc": [0.5034123024905505, 0.0], "network_size": 67392, "b_mse": [0.41605664919049035, 0.41605664919049035], "runtime": 0.42920804023742676, "alpha_mse": [4.992679790285884, 0.0], "prob_mse": [0.4090758499027269, 0.0], "adv_type": "random_pgd", "dataset": "enron", "sample_size": 1, "test_ratio": 0.3, "T": 10, "realization": 0, "beta_mse": [4.980710258185775, 0.0], "attack_edge": 10000, "u_mse": [0.1182998177013411, 0.0], "d_mse": [0.4150591881821479, 0.4150591881821479], "gamma": 0.03, "swap_ratio": 0.01}
{"acc": [0.5034123024905505, 0.0], "network_size": 67392, "b_mse": [0.41605664919049035, 0.41605664919049035], "runtime": 0.4374668598175049, "alpha_mse": [4.992679790285884, 0.0], "prob_mse": [0.4090758499027269, 0.0], "adv_type": "random_pgd", "dataset": "enron", "sample_size": 1, "test_ratio": 0.3, "T": 10, "realization": 0, "beta_mse": [4.980710258185775, 0.0], "attack_edge": 10000, "u_mse": [0.1182998177013411, 0.0], "d_mse": [0.4150591881821479, 0.4150591881821479], "gamma": 0.05, "swap_ratio": 0.01}
{"acc": [0.5034123024905505, 0.0], "network_size": 67392, "b_mse": [0.41605664919049035, 0.41605664919049035], "runtime": 0.42390012741088867, "alpha_mse": [4.992679790285884, 0.0], "prob_mse": [0.4090758499027269, 0.0], "adv_type": "random_pgd", "dataset": "enron", "sample_size": 1, "test_ratio": 0.3, "T": 10, "realization": 0, "beta_mse": [4.980710258185775, 0.0], "attack_edge": 10000, "u_mse": [0.1182998177013411, 0.0], "d_mse": [0.4150591881821479, 0.4150591881821479], "gamma": 0.07, "swap_ratio": 0.01}
{"acc": [0.5034123024905505, 0.0], "network_size": 67392, "b_mse": [0.41605664919049035, 0.41605664919049035], "runtime": 0.4240279197692871, "alpha_mse": [4.992679790285884, 0.0], "prob_mse": [0.4090758499027269, 0.0], "adv_type": "random_pgd", "dataset": "enron", "sample_size": 1, "test_ratio": 0.3, "T": 10, "realization": 0, "beta_mse": [4.980710258185775, 0.0], "attack_edge": 10000, "u_mse": [0.1182998177013411, 0.0], "d_mse": [0.4150591881821479, 0.4150591881821479], "gamma": 0.09, "swap_ratio": 0.01}
{"acc": [0.5034123024905505, 0.0], "network_size": 67392, "b_mse": [0.41605664919049035, 0.41605664919049035], "runtime": 0.43584299087524414, "alpha_mse": [4.992679790285884, 0.0], "prob_mse": [0.4090758499027269, 0.0], "adv_type": "random_pgd", "dataset": "enron", "sample_size": 1, "test_ratio": 0.3, "T": 10, "realization": 0, "beta_mse": [4.980710258185775, 0.0], "attack_edge": 10000, "u_mse": [0.1182998177013411, 0.0], "d_mse": [0.4150591881821479, 0.4150591881821479], "gamma": 0.2, "swap_ratio": 0.01}
{"acc": [0.5034123024905505, 0.0], "network_size": 67392, "b_mse": [0.41605664919049035, 0.41605664919049035], "runtime": 0.4216728210449219, "alpha_mse": [4.992679790285884, 0.0], "prob_mse": [0.4090758499027269, 0.0], "adv_type": "random_pgd", "dataset": "enron", "sample_size": 1, "test_ratio": 0.3, "T": 10, "realization": 0, "beta_mse": [4.980710258185775, 0.0], "attack_edge": 10000, "u_mse": [0.1182998177013411, 0.0], "d_mse": [0.4150591881821479, 0.4150591881821479], "gamma": 0.3, "swap_ratio": 0.01}
{"acc": [0.5034123024905505, 0.0], "network_size": 67392, "b_mse": [0.41605664919049035, 0.41605664919049035], "runtime": 0.44263315200805664, "alpha_mse": [4.992679790285884, 0.0], "prob_mse": [0.4090758499027269, 0.0], "adv_type": "random_pgd", "dataset": "enron", "sample_size": 1, "test_ratio": 0.3, "T": 10, "realization": 0, "beta_mse": [4.980710258185775, 0.0], "attack_edge": 10000, "u_mse": [0.1182998177013411, 0.0], "d_mse": [0.4150591881821479, 0.4150591881821479], "gamma": 0.4, "swap_ratio": 0.01}
{"acc": [0.5034123024905505, 0.0], "network_size": 67392, "b_mse": [0.41605664919049035, 0.41605664919049035], "runtime": 0.42231106758117676, "alpha_mse": [4.992679790285884, 0.0], "prob_mse": [0.4090758499027269, 0.0], "adv_type": "random_pgd", "dataset": "enron", "sample_size": 1, "test_ratio": 0.3, "T": 10, "realization": 0, "beta_mse": [4.980710258185775, 0.0], "attack_edge": 10000, "u_mse": [0.1182998177013411, 0.0], "d_mse": [0.4150591881821479, 0.4150591881821479], "gamma": 0.5, "swap_ratio": 0.01}
{"acc": [0.49839736373332094, 0.0], "network_size": 164336, "b_mse": [0.4186240703177823, 0.4186240703177823], "runtime": 1.0407989025115967, "alpha_mse": [5.023488843813388, 0.0], "prob_mse": [0.41218539553752526, 0.0], "adv_type": "random_pgd", "dataset": "slashdot", "sample_size": 1, "test_ratio": 0.3, "T": 10, "realization": 0, "beta_mse": [5.027870182555781, 0.0], "attack_edge": 10000, "u_mse": [0.117958562735439, 0.0], "d_mse": [0.41898918187964845, 0.41898918187964845], "gamma": 0.0, "swap_ratio": 0.01}
{"acc": [0.49839736373332094, 0.0], "network_size": 164336, "b_mse": [0.4186240703177823, 0.4186240703177823], "runtime": 1.0330610275268555, "alpha_mse": [5.023488843813388, 0.0], "prob_mse": [0.41218539553752526, 0.0], "adv_type": "random_pgd", "dataset": "slashdot", "sample_size": 1, "test_ratio": 0.3, "T": 10, "realization": 0, "beta_mse": [5.027870182555781, 0.0], "attack_edge": 10000, "u_mse": [0.117958562735439, 0.0], "d_mse": [0.41898918187964845, 0.41898918187964845], "gamma": 0.01, "swap_ratio": 0.01}
{"acc": [0.49839736373332094, 0.0], "network_size": 164336, "b_mse": [0.4186240703177823, 0.4186240703177823], "runtime": 1.097012996673584, "alpha_mse": [5.023488843813388, 0.0], "prob_mse": [0.41218539553752526, 0.0], "adv_type": "random_pgd", "dataset": "slashdot", "sample_size": 1, "test_ratio": 0.3, "T": 10, "realization": 0, "beta_mse": [5.027870182555781, 0.0], "attack_edge": 10000, "u_mse": [0.117958562735439, 0.0], "d_mse": [0.41898918187964845, 0.41898918187964845], "gamma": 0.03, "swap_ratio": 0.01}
{"acc": [0.49839736373332094, 0.0], "network_size": 164336, "b_mse": [0.4186240703177823, 0.4186240703177823], "runtime": 1.040118932723999, "alpha_mse": [5.023488843813388, 0.0], "prob_mse": [0.41218539553752526, 0.0], "adv_type": "random_pgd", "dataset": "slashdot", "sample_size": 1, "test_ratio": 0.3, "T": 10, "realization": 0, "beta_mse": [5.027870182555781, 0.0], "attack_edge": 10000, "u_mse": [0.117958562735439, 0.0], "d_mse": [0.41898918187964845, 0.41898918187964845], "gamma": 0.05, "swap_ratio": 0.01}
{"acc": [0.49839736373332094, 0.0], "network_size": 164336, "b_mse": [0.4186240703177823, 0.4186240703177823], "runtime": 1.0448250770568848, "alpha_mse": [5.023488843813388, 0.0], "prob_mse": [0.41218539553752526, 0.0], "adv_type": "random_pgd", "dataset": "slashdot", "sample_size": 1, "test_ratio": 0.3, "T": 10, "realization": 0, "beta_mse": [5.027870182555781, 0.0], "attack_edge": 10000, "u_mse": [0.117958562735439, 0.0], "d_mse": [0.41898918187964845, 0.41898918187964845], "gamma": 0.07, "swap_ratio": 0.01}
{"acc": [0.49839736373332094, 0.0], "network_size": 164336, "b_mse": [0.4186240703177823, 0.4186240703177823], "runtime": 1.0578880310058594, "alpha_mse": [5.023488843813388, 0.0], "prob_mse": [0.41218539553752526, 0.0], "adv_type": "random_pgd", "dataset": "slashdot", "sample_size": 1,