{"acc": [0.503066076697916, 0.0], "network_size": 67392, "b_mse": [0.41566508391862034, 0.41566508391862034], "runtime": 0.44201111793518066, "alpha_mse": [4.9879810070234445, 0.0], "prob_mse": [0.3971343555247799, 0.0], "adv_type": "random_noise", "dataset": "enron", "sample_size": 1, "test_ratio": 0.3, "T": 10, "realization": 0, "beta_mse": [5.0120189929765555, 0.0], "attack_edge": 10000, "u_mse": [0.35714285714285704, 0.0], "d_mse": [0.4176682494147129, 0.4176682494147129], "gamma": 0.0, "swap_ratio": 0.01}
{"acc": [0.503066076697916, 0.0], "network_size": 67392, "b_mse": [0.41566508391862034, 0.41566508391862034], "runtime": 0.44679784774780273, "alpha_mse": [4.9879810070234445, 0.0], "prob_mse": [0.3971343555247799, 0.0], "adv_type": "random_noise", "dataset": "enron", "sample_size": 1, "test_ratio": 0.3, "T": 10, "realization": 0, "beta_mse": [5.0120189929765555, 0.0], "attack_edge": 10000, "u_mse": [0.35714285714285704, 0.0], "d_mse": [0.4176682494147129, 0.4176682494147129], "gamma": 0.01, "swap_ratio": 0.01}
{"acc": [0.503066076697916, 0.0], "network_size": 67392, "b_mse": [0.41566508391862034, 0.41566508391862034], "runtime": 0.44527482986450195, "alpha_mse": [4.9879810070234445, 0.0], "prob_mse": [0.3971343555247799, 0.0], "adv_type": "random_noise", "dataset": "enron", "sample_size": 1, "test_ratio": 0.3, "T": 10, "realization": 0, "beta_mse": [5.0120189929765555, 0.0], "attack_edge": 10000, "u_mse": [0.35714285714285704, 0.0], "d_mse": [0.4176682494147129, 0.4176682494147129], "gamma": 0.03, "swap_ratio": 0.01}
{"acc": [0.5061821088316264, 0.0], "network_size": 67392, "b_mse": [0.4176105450588584, 0.4176105450588584], "runtime": 0.44417405128479004, "alpha_mse": [5.0113265407063015, 0.0], "prob_mse": [0.39685470043195825, 0.0], "adv_type": "random_noise", "dataset": "enron", "sample_size": 1, "test_ratio": 0.3, "T": 10, "realization": 0, "beta_mse": [4.9886734592936985, 0.0], "attack_edge": 10000, "u_mse": [0.35714285714285704, 0.0], "d_mse": [0.41572278827447484, 0.41572278827447484], "gamma": 0.05, "swap_ratio": 0.01}
{"acc": [0.5061821088316264, 0.0], "network_size": 67392, "b_mse": [0.4176105450588584, 0.4176105450588584], "runtime": 0.4453279972076416, "alpha_mse": [5.0113265407063015, 0.0], "prob_mse": [0.39685470043195825, 0.0], "adv_type": "random_noise", "dataset": "enron", "sample_size": 1, "test_ratio": 0.3, "T": 10, "realization": 0, "beta_mse": [4.9886734592936985, 0.0], "attack_edge": 10000, "u_mse": [0.35714285714285704, 0.0], "d_mse": [0.41572278827447484, 0.41572278827447484], "gamma": 0.07, "swap_ratio": 0.01}
{"acc": [0.5061821088316264, 0.0], "network_size": 67392, "b_mse": [0.4176105450588584, 0.4176105450588584], "runtime": 0.44451284408569336, "alpha_mse": [5.0113265407063015, 0.0], "prob_mse": [0.39685470043195825, 0.0], "adv_type": "random_noise", "dataset": "enron", "sample_size": 1, "test_ratio": 0.3, "T": 10, "realization": 0, "beta_mse": [4.9886734592936985, 0.0], "attack_edge": 10000, "u_mse": [0.35714285714285704, 0.0], "d_mse": [0.41572278827447484, 0.41572278827447484], "gamma": 0.09, "swap_ratio": 0.01}
{"acc": [0.5024230859401663, 0.0], "network_size": 67392, "b_mse": [0.4147912751013948, 0.4147912751013948], "runtime": 0.4479990005493164, "alpha_mse": [4.977495301216738, 0.0], "prob_mse": [0.3958400006594784, 0.0], "adv_type": "random_noise", "dataset": "enron", "sample_size": 1, "test_ratio": 0.3, "T": 10, "realization": 0, "beta_mse": [5.022504698783262, 0.0], "attack_edge": 10000, "u_mse": [0.35714285714285704, 0.0], "d_mse": [0.41854205823193846, 0.41854205823193846], "gamma": 0.2, "swap_ratio": 0.01}
{"acc": [0.5024230859401663, 0.0], "network_size": 67392, "b_mse": [0.4147912751013948, 0.4147912751013948], "runtime": 0.44119715690612793, "alpha_mse": [4.977495301216738, 0.0], "prob_mse": [0.3958400006594784, 0.0], "adv_type": "random_noise", "dataset": "enron", "sample_size": 1, "test_ratio": 0.3, "T": 10, "realization": 0, "beta_mse": [5.022504698783262, 0.0], "attack_edge": 10000, "u_mse": [0.35714285714285704, 0.0], "d_mse": [0.41854205823193846, 0.41854205823193846], "gamma": 0.3, "swap_ratio": 0.01}
{"acc": [0.5024230859401663, 0.0], "network_size": 67392, "b_mse": [0.4147912751013948, 0.4147912751013948], "runtime": 0.44181203842163086, "alpha_mse": [4.977495301216738, 0.0], "prob_mse": [0.3958400006594784, 0.0], "adv_type": "random_noise", "dataset": "enron", "sample_size": 1, "test_ratio": 0.3, "T": 10, "realization": 0, "beta_mse": [5.022504698783262, 0.0], "attack_edge": 10000, "u_mse": [0.35714285714285704, 0.0], "d_mse": [0.41854205823193846, 0.41854205823193846], "gamma": 0.4, "swap_ratio": 0.01}
{"acc": [0.5046488231785308, 0.0], "network_size": 67392, "b_mse": [0.4169881623635704, 0.4169881623635704], "runtime": 0.42638397216796875, "alpha_mse": [5.003857948362845, 0.0], "prob_mse": [0.3958198371088469, 0.0], "adv_type": "random_noise", "dataset": "enron", "sample_size": 1, "test_ratio": 0.3, "T": 10, "realization": 0, "beta_mse": [4.996142051637155, 0.0], "attack_edge": 10000, "u_mse": [0.35714285714285704, 0.0], "d_mse": [0.41634517096976287, 0.41634517096976287], "gamma": 0.5, "swap_ratio": 0.01}
{"acc": [0.5057604439105704, 0.0], "network_size": 164336, "b_mse": [0.4176301555104801, 0.4176301555104801], "runtime": 1.092656135559082, "alpha_mse": [5.011561866125761, 0.0], "prob_mse": [0.3968199486139283, 0.0], "adv_type": "random_noise", "dataset": "slashdot", "sample_size": 1, "test_ratio": 0.3, "T": 10, "realization": 0, "beta_mse": [4.988438133874239, 0.0], "attack_edge": 10000, "u_mse": [0.35714285714285704, 0.0], "d_mse": [0.4157031778228533, 0.4157031778228533], "gamma": 0.0, "swap_ratio": 0.01}
{"acc": [0.5057604439105704, 0.0], "network_size": 164336, "b_mse": [0.4176301555104801, 0.4176301555104801], "runtime": 1.1033940315246582, "alpha_mse": [5.011561866125761, 0.0], "prob_mse": [0.3968199486139283, 0.0], "adv_type": "random_noise", "dataset": "slashdot", "sample_size": 1, "test_ratio": 0.3, "T": 10, "realization": 0, "beta_mse": [4.988438133874239, 0.0], "attack_edge": 10000, "u_mse": [0.35714285714285704, 0.0], "d_mse": [0.4157031778228533, 0.4157031778228533], "gamma": 0.01, "swap_ratio": 0.01}
{"acc": [0.5057604439105704, 0.0], "network_size": 164336, "b_mse": [0.4176301555104801, 0.4176301555104801], "runtime": 1.0937647819519043, "alpha_mse": [5.011561866125761, 0.0], "prob_mse": [0.3968199486139283, 0.0], "adv_type": "random_noise", "dataset": "slashdot", "sample_size": 1, "test_ratio": 0.3, "T": 10, "realization": 0, "beta_mse": [4.988438133874239, 0.0], "attack_edge": 10000, "u_mse": [0.35714285714285704, 0.0], "d_mse": [0.4157031778228533, 0.4157031778228533], "gamma": 0.03, "swap_ratio": 0.01}
{"acc": [0.5052127767899485, 0.0], "network_size": 164336, "b_mse": [0.417107843137255, 0.417107843137255], "runtime": 1.094353199005127, "alpha_mse": [5.0052941176470584, 0.0], "prob_mse": [0.3972779188640973, 0.0], "adv_type": "random_noise", "dataset": "slashdot", "sample_size": 1, "test_ratio": 0.3, "T": 10, "realization": 0, "beta_mse": [4.9947058823529416, 0.0], "attack_edge": 10000, "u_mse": [0.35714285714285704, 0.0], "d_mse": [0.41622549019607846, 0.41622549019607846], "gamma": 0.05, "swap_ratio": 0.01}
{"acc": [0.5052127767899485, 0.0], "network_size": 164336, "b_mse": [0.417107843137255, 0.417107843137255], "runtime": 1.0914969444274902, "alpha_mse": [5.0052941176470584, 0.0], "prob_mse": [0.3972779188640973, 0.0], "adv_type": "random_noise", "dataset": "slashdot", "sample_size": 1, "test_ratio": 0.3, "T": 10, "realization": 0, "beta_mse": [4.9947058823529416, 0.0], "attack_edge": 10000, "u_mse": [0.35714285714285704, 0.0], "d_mse": [0.41622549019607846, 0.41622549019607846], "gamma": 0.07, "swap_ratio": 0.01}
{"acc": [0.5052127767899485, 0.0], "network_size": 164336, "b_mse": [0.417107843137255, 0.417107843137255], "runtime": 1.0981199741363525, "alpha_mse": [5.0052941176470584, 0.0], "prob_mse": [0.3972779188640973, 0.0], "adv_type": "random_noise",