{"acc": [0.5160848507850595, 0.0], "network_size": 8078, "b_mse": [0.4058030803080308, 0.4058030803080308], "runtime": 0.0532689094543457, "alpha_mse": [4.869636963696371, 0.0], "prob_mse": [0.3997834158415841, 0.0], "adv_type": "random_pgd_csl", "dataset": "facebook", "sample_size": 1, "test_ratio": 0.3, "T": 10, "realization": 0, "beta_mse": [4.8828382838283835, 0.0], "attack_edge": 10000, "u_mse": [0.12052098066949551, 0.0], "d_mse": [0.4069031903190319, 0.4069031903190319], "gamma": 0.0, "swap_ratio": 0.01}
{"acc": [0.5008209503221921, 0.0], "network_size": 8078, "b_mse": [0.4040841584158416, 0.4040841584158416], "runtime": 0.052867889404296875, "alpha_mse": [4.8490099009901, 0.0], "prob_mse": [0.4040804730473047, 0.0], "adv_type": "random_pgd_csl", "dataset": "facebook", "sample_size": 1, "test_ratio": 0.3, "T": 10, "realization": 0, "beta_mse": [5.004125412541255, 0.0], "attack_edge": 10000, "u_mse": [0.11890028288543138, 0.0], "d_mse": [0.4170104510451045, 0.4170104510451045], "gamma": 0.01, "swap_ratio": 0.01}
{"acc": [0.5041212531249742, 0.0], "network_size": 8078, "b_mse": [0.4037403740374037, 0.4037403740374037], "runtime": 0.05313897132873535, "alpha_mse": [4.844884488448845, 0.0], "prob_mse": [0.4041496424642464, 0.0], "adv_type": "random_pgd_csl", "dataset": "facebook", "sample_size": 1, "test_ratio": 0.3, "T": 10, "realization": 0, "beta_mse": [4.972772277227723, 0.0], "attack_edge": 10000, "u_mse": [0.11448019801980198, 0.0], "d_mse": [0.4143976897689769, 0.4143976897689769], "gamma": 0.03, "swap_ratio": 0.01}
{"acc": [0.4909200419138456, 0.0], "network_size": 8078, "b_mse": [0.4212046204620462, 0.4212046204620462], "runtime": 0.05299687385559082, "alpha_mse": [5.054455445544554, 0.0], "prob_mse": [0.4168326457645764, 0.0], "adv_type": "random_pgd_csl", "dataset": "facebook", "sample_size": 1, "test_ratio": 0.3, "T": 10, "realization": 0, "beta_mse": [5.0990099009901, 0.0], "attack_edge": 10000, "u_mse": [0.12258368694012259, 0.0], "d_mse": [0.4249174917491749, 0.4249174917491749], "gamma": 0.05, "swap_ratio": 0.01}
{"acc": [0.48060659565515135, 0.0], "network_size": 8078, "b_mse": [0.4203795379537954, 0.4203795379537954], "runtime": 0.05471611022949219, "alpha_mse": [5.044554455445544, 0.0], "prob_mse": [0.41989207920792077, 0.0], "adv_type": "random_pgd_csl", "dataset": "facebook", "sample_size": 1, "test_ratio": 0.3, "T": 10, "realization": 0, "beta_mse": [5.23019801980198, 0.0], "attack_edge": 10000, "u_mse": [0.12538307402168788, 0.0], "d_mse": [0.43584983498349833, 0.43584983498349833], "gamma": 0.07, "swap_ratio": 0.01}
{"acc": [0.5103093208801908, 0.0], "network_size": 8078, "b_mse": [0.4082095709570957, 0.4082095709570957], "runtime": 0.0538020133972168, "alpha_mse": [4.898514851485149, 0.0], "prob_mse": [0.4023279152915291, 0.0], "adv_type": "random_pgd_csl", "dataset": "facebook", "sample_size": 1, "test_ratio": 0.3, "T": 10, "realization": 0, "beta_mse": [4.900990099009902, 0.0], "attack_edge": 10000, "u_mse": [0.12258368694012259, 0.0], "d_mse": [0.4084158415841584, 0.4084158415841584], "gamma": 0.09, "swap_ratio": 0.01}
{"acc": [0.4958704961180188, 0.0], "network_size": 8078, "b_mse": [0.40215896589658967, 0.40215896589658967], "runtime": 0.05325794219970703, "alpha_mse": [4.825907590759076, 0.0], "prob_mse": [0.40483580858085805, 0.0], "adv_type": "random_pgd_csl", "dataset": "facebook", "sample_size": 1, "test_ratio": 0.3, "T": 10, "realization": 0, "beta_mse": [5.041254125412542, 0.0], "attack_edge": 10000, "u_mse": [0.12007897218293258, 0.0], "d_mse": [0.4201045104510452, 0.4201045104510452], "gamma": 0.2, "swap_ratio": 0.01}
{"acc": [0.4954579582676711, 0.0], "network_size": 8078, "b_mse": [0.41762926292629265, 0.41762926292629265], "runtime": 0.05330014228820801, "alpha_mse": [5.011551155115511, 0.0], "prob_mse": [0.41257103960396035, 0.0], "adv_type": "random_pgd_csl", "dataset": "facebook", "sample_size": 1, "test_ratio": 0.3, "T": 10, "realization": 0, "beta_mse": [5.073432343234324, 0.0], "attack_edge": 10000, "u_mse": [0.12523573785950023, 0.0], "d_mse": [0.42278602860286035, 0.42278602860286035], "gamma": 0.3, "swap_ratio": 0.01}
{"acc": [0.5053588666760175, 0.0], "network_size": 8078, "b_mse": [0.41233498349834985, 0.41233498349834985], "runtime": 0.05375790596008301, "alpha_mse": [4.948019801980198, 0.0], "prob_mse": [0.4060411166116611, 0.0], "adv_type": "random_pgd_csl", "dataset": "facebook", "sample_size": 1, "test_ratio": 0.3, "T": 10, "realization": 0, "beta_mse": [4.95874587458746, 0.0], "attack_edge": 10000, "u_mse": [0.11669024045261671, 0.0], "d_mse": [0.41322882288228824, 0.41322882288228824], "gamma": 0.4, "swap_ratio": 0.01}
{"acc": [0.5103093208801908, 0.0], "network_size": 8078, "b_mse": [0.4110973597359736, 0.4110973597359736], "runtime": 0.05322408676147461, "alpha_mse": [4.933168316831683, 0.0], "prob_mse": [0.40122739273927394, 0.0], "adv_type": "random_pgd_csl", "dataset": "facebook", "sample_size": 1, "test_ratio": 0.3, "T": 10, "realization": 0, "beta_mse": [4.88861386138614, 0.0], "attack_edge": 10000, "u_mse": [0.12199434229137197, 0.0], "d_mse": [0.40738448844884495, 0.40738448844884495], "gamma": 0.5, "swap_ratio": 0.01}
