{"acc": [0.5043025973858963, 0.0], "network_size": 67392, "b_mse": [0.41657598839318094, 0.41657598839318094], "runtime": 0.4448659420013428, "alpha_mse": [4.998911860718172, 0.0], "prob_mse": [0.3963308635869027, 0.0], "adv_type": "random_pgd_csl", "dataset": "enron", "sample_size": 1, "test_ratio": 0.3, "T": 10, "realization": 0, "beta_mse": [5.001088139281828, 0.0], "attack_edge": 10000, "u_mse": [0.35714285714285704, 0.0], "d_mse": [0.4167573449401523, 0.4167573449401523], "gamma": 0.0, "swap_ratio": 0.01}
{"acc": [0.5043025973858963, 0.0], "network_size": 67392, "b_mse": [0.41657598839318094, 0.41657598839318094], "runtime": 0.4472370147705078, "alpha_mse": [4.998911860718172, 0.0], "prob_mse": [0.3963308635869027, 0.0], "adv_type": "random_pgd_csl", "dataset": "enron", "sample_size": 1, "test_ratio": 0.3, "T": 10, "realization": 0, "beta_mse": [5.001088139281828, 0.0], "attack_edge": 10000, "u_mse": [0.35714285714285704, 0.0], "d_mse": [0.4167573449401523, 0.4167573449401523], "gamma": 0.01, "swap_ratio": 0.01}
{"acc": [0.5043025973858963, 0.0], "network_size": 67392, "b_mse": [0.41657598839318094, 0.41657598839318094], "runtime": 0.44664788246154785, "alpha_mse": [4.998911860718172, 0.0], "prob_mse": [0.3963308635869027, 0.0], "adv_type": "random_pgd_csl", "dataset": "enron", "sample_size": 1, "test_ratio": 0.3, "T": 10, "realization": 0, "beta_mse": [5.001088139281828, 0.0], "attack_edge": 10000, "u_mse": [0.35714285714285704, 0.0], "d_mse": [0.4167573449401523, 0.4167573449401523], "gamma": 0.03, "swap_ratio": 0.01}
{"acc": [0.5043025973858963, 0.0], "network_size": 67392, "b_mse": [0.41657598839318094, 0.41657598839318094], "runtime": 0.44284892082214355, "alpha_mse": [4.998911860718172, 0.0], "prob_mse": [0.3963308635869027, 0.0], "adv_type": "random_pgd_csl", "dataset": "enron", "sample_size": 1, "test_ratio": 0.3, "T": 10, "realization": 0, "beta_mse": [5.001088139281828, 0.0], "attack_edge": 10000, "u_mse": [0.35714285714285704, 0.0], "d_mse": [0.4167573449401523, 0.4167573449401523], "gamma": 0.05, "swap_ratio": 0.01}
{"acc": [0.5043025973858963, 0.0], "network_size": 67392, "b_mse": [0.41657598839318094, 0.41657598839318094], "runtime": 0.4427759647369385, "alpha_mse": [4.998911860718172, 0.0], "prob_mse": [0.3963308635869027, 0.0], "adv_type": "random_pgd_csl", "dataset": "enron", "sample_size": 1, "test_ratio": 0.3, "T": 10, "realization": 0, "beta_mse": [5.001088139281828, 0.0], "attack_edge": 10000, "u_mse": [0.35714285714285704, 0.0], "d_mse": [0.4167573449401523, 0.4167573449401523], "gamma": 0.07, "swap_ratio": 0.01}
{"acc": [0.5043025973858963, 0.0], "network_size": 67392, "b_mse": [0.41657598839318094, 0.41657598839318094], "runtime": 0.4421381950378418, "alpha_mse": [4.998911860718172, 0.0], "prob_mse": [0.3963308635869027, 0.0], "adv_type": "random_pgd_csl", "dataset": "enron", "sample_size": 1, "test_ratio": 0.3, "T": 10, "realization": 0, "beta_mse": [5.001088139281828, 0.0], "attack_edge": 10000, "u_mse": [0.35714285714285704, 0.0], "d_mse": [0.4167573449401523, 0.4167573449401523], "gamma": 0.09, "swap_ratio": 0.01}
{"acc": [0.5043025973858963, 0.0], "network_size": 67392, "b_mse": [0.41657598839318094, 0.41657598839318094], "runtime": 0.42737698554992676, "alpha_mse": [4.998911860718172, 0.0], "prob_mse": [0.3963308635869027, 0.0], "adv_type": "random_pgd_csl", "dataset": "enron", "sample_size": 1, "test_ratio": 0.3, "T": 10, "realization": 0, "beta_mse": [5.001088139281828, 0.0], "attack_edge": 10000, "u_mse": [0.35714285714285704, 0.0], "d_mse": [0.4167573449401523, 0.4167573449401523], "gamma": 0.2, "swap_ratio": 0.01}
{"acc": [0.5043025973858963, 0.0], "network_size": 67392, "b_mse": [0.41657598839318094, 0.41657598839318094], "runtime": 0.42380189895629883, "alpha_mse": [4.998911860718172, 0.0], "prob_mse": [0.3963308635869027, 0.0], "adv_type": "random_pgd_csl", "dataset": "enron", "sample_size": 1, "test_ratio": 0.3, "T": 10, "realization": 0, "beta_mse": [5.001088139281828, 0.0], "attack_edge": 10000, "u_mse": [0.35714285714285704, 0.0], "d_mse": [0.4167573449401523, 0.4167573449401523], "gamma": 0.3, "swap_ratio": 0.01}
{"acc": [0.5043025973858963, 0.0], "network_size": 67392, "b_mse": [0.41657598839318094, 0.41657598839318094], "runtime": 0.44593286514282227, "alpha_mse": [4.998911860718172, 0.0], "prob_mse": [0.3963308635869027, 0.0], "adv_type": "random_pgd_csl", "dataset": "enron", "sample_size": 1, "test_ratio": 0.3, "T": 10, "realization": 0, "beta_mse": [5.001088139281828, 0.0], "attack_edge": 10000, "u_mse": [0.35714285714285704, 0.0], "d_mse": [0.4167573449401523, 0.4167573449401523], "gamma": 0.4, "swap_ratio": 0.01}
{"acc": [0.5043025973858963, 0.0], "network_size": 67392, "b_mse": [0.41657598839318094, 0.41657598839318094], "runtime": 0.44956493377685547, "alpha_mse": [4.998911860718172, 0.0], "prob_mse": [0.3963308635869027, 0.0], "adv_type": "random_pgd_csl", "dataset": "enron", "sample_size": 1, "test_ratio": 0.3, "T": 10, "realization": 0, "beta_mse": [5.001088139281828, 0.0], "attack_edge": 10000, "u_mse": [0.35714285714285704, 0.0], "d_mse": [0.4167573449401523, 0.4167573449401523], "gamma": 0.5, "swap_ratio": 0.01}
{"acc": [0.504908517278492, 0.0], "network_size": 164336, "b_mse": [0.41641142663962133, 0.41641142663962133], "runtime": 1.1158390045166016, "alpha_mse": [4.996937119675456, 0.0], "prob_mse": [0.396919507775524, 0.0], "adv_type": "random_pgd_csl", "dataset": "slashdot", "sample_size": 1, "test_ratio": 0.3, "T": 10, "realization": 0, "beta_mse": [5.003062880324544, 0.0], "attack_edge": 10000, "u_mse": [0.35714285714285704, 0.0], "d_mse": [0.416921906693712, 0.416921906693712], "gamma": 0.0, "swap_ratio": 0.01}
{"acc": [0.504908517278492, 0.0], "network_size": 164336, "b_mse": [0.41641142663962133, 0.41641142663962133], "runtime": 1.0922620296478271, "alpha_mse": [4.996937119675456, 0.0], "prob_mse": [0.396919507775524, 0.0], "adv_type": "random_pgd_csl", "dataset": "slashdot", "sample_size": 1, "test_ratio": 0.3, "T": 10, "realization": 0, "beta_mse": [5.003062880324544, 0.0], "attack_edge": 10000, "u_mse": [0.35714285714285704, 0.0], "d_mse": [0.416921906693712, 0.416921906693712], "gamma": 0.01, "swap_ratio": 0.01}
{"acc": [0.504908517278492, 0.0], "network_size": 164336, "b_mse": [0.41641142663962133, 0.41641142663962133], "runtime": 1.098242998123169, "alpha_mse": [4.996937119675456, 0.0], "prob_mse": [0.396919507775524, 0.0], "adv_type": "random_pgd_csl", "dataset": "slashdot", "sample_size": 1, "test_ratio": 0.3, "T": 10, "realization": 0, "beta_mse": [5.003062880324544, 0.0], "attack_edge": 10000, "u_mse": [0.35714285714285704, 0.0], "d_mse": [0.416921906693712, 0.416921906693712], "gamma": 0.03, "swap_ratio": 0.01}
{"acc": [0.504908517278492, 0.0], "network_size": 164336, "b_mse": [0.41641142663962133, 0.41641142663962133], "runtime": 1.0529789924621582, "alpha_mse": [4.996937119675456, 0.0], "prob_mse": [0.396919507775524, 0.0], "adv_type": "random_pgd_csl", "dataset": "slashdot", "sample_size": 1, "test_ratio": 0.3, "T": 10, "realization": 0, "beta_mse": [5.003062880324544, 0.0], "attack_edge": 10000, "u_mse": [0.35714285714285704, 0.0], "d_mse": [0.416921906693712, 0.416921906693712], "gamma": 0.05, "swap_ratio": 0.01}
{"acc": [0.504908517278492, 0.0], "network_size": 164336, "b_mse": [0.41641142663962133, 0.41641142663962133], "runtime": 1.0611560344696045, "alpha_mse": [4.996937119675456, 0.0], "prob_mse": [0.396919507775524, 0.0], "adv_type": "random_pgd_csl", "dataset": "slashdot", "sample_size": 1, "test_ratio": 0.3, "T": 10, "realization": 0, "beta_mse": [5.003062880324544, 0.0], "attack_edge": 10000, "u_mse": [0.35714285714285704, 0.0], "d_mse": [0.416921906693712, 0.416921906693712], "gamma": 0.07, "swap_ratio": 0.01}
{"acc": [0.504908517278492, 0.0], "network_size": 164336, "b_mse": [0.41641142663962133, 0.41641142663962133], "runtime": 1.092392921447754, "alpha_mse": [4.996937119675456, 0.0], "prob_mse": [0.396919507775524, 0.0],