{"acc": [0.4896824283628023, 0.0], "network_size": 8078, "b_mse": [0.4190731573157315, 0.4190731573157315], "runtime": 0.05327486991882324, "alpha_mse": [5.028877887788779, 0.0], "prob_mse": [0.4173839383938393, 0.0], "adv_type": "random_pgd_gcn_vae", "dataset": "facebook", "sample_size": 1, "test_ratio": 0.3, "T": 10, "realization": 0, "beta_mse": [5.122112211221122, 0.0], "attack_edge": 10000, "u_mse": [0.11875294672324374, 0.0], "d_mse": [0.42684268426842675, 0.42684268426842675], "gamma": 0.0, "swap_ratio": 0.01}
{"acc": [0.48514451200897685, 0.0], "network_size": 8078, "b_mse": [0.4137788778877888, 0.4137788778877888], "runtime": 0.053591012954711914, "alpha_mse": [4.965346534653466, 0.0], "prob_mse": [0.4152498349834984, 0.0], "adv_type": "random_pgd_gcn_vae", "dataset": "facebook", "sample_size": 1, "test_ratio": 0.3, "T": 10, "realization": 0, "beta_mse": [5.158415841584159, 0.0], "attack_edge": 10000, "u_mse": [0.11845827439886844, 0.0], "d_mse": [0.4298679867986799, 0.4298679867986799], "gamma": 0.01, "swap_ratio": 0.01}
{"acc": [0.5115469344312341, 0.0], "network_size": 8078, "b_mse": [0.40793454345434543, 0.40793454345434543], "runtime": 0.05371499061584473, "alpha_mse": [4.895214521452146, 0.0], "prob_mse": [0.40212106710671064, 0.0], "adv_type": "random_pgd_gcn_vae", "dataset": "facebook", "sample_size": 1, "test_ratio": 0.3, "T": 10, "realization": 0, "beta_mse": [4.910066006600661, 0.0], "attack_edge": 10000, "u_mse": [0.12052098066949553, 0.0], "d_mse": [0.40917216721672167, 0.40917216721672167], "gamma": 0.03, "swap_ratio": 0.01}
{"acc": [0.5020585638732353, 0.0], "network_size": 8078, "b_mse": [0.4091034103410341, 0.4091034103410341], "runtime": 0.05369997024536133, "alpha_mse": [4.90924092409241, 0.0], "prob_mse": [0.40627962046204613, 0.0], "adv_type": "random_pgd_gcn_vae", "dataset": "facebook", "sample_size": 1, "test_ratio": 0.3, "T": 10, "realization": 0, "beta_mse": [4.99917491749175, 0.0], "attack_edge": 10000, "u_mse": [0.11683757661480434, 0.0], "d_mse": [0.4165979097909791, 0.4165979097909791], "gamma": 0.05, "swap_ratio": 0.01}
{"acc": [0.49422034471662774, 0.0], "network_size": 8078, "b_mse": [0.4127475247524752, 0.4127475247524752], "runtime": 0.05302309989929199, "alpha_mse": [4.952970297029704, 0.0], "prob_mse": [0.41153704620462045, 0.0], "adv_type": "random_pgd_gcn_vae", "dataset": "facebook", "sample_size": 1, "test_ratio": 0.3, "T": 10, "realization": 0, "beta_mse": [5.066006600660066, 0.0], "attack_edge": 10000, "u_mse": [0.12553041018387553, 0.0], "d_mse": [0.4221672167216722, 0.4221672167216722], "gamma": 0.07, "swap_ratio": 0.01}
{"acc": [0.5024711017235831, 0.0], "network_size": 8078, "b_mse": [0.42306105610561057, 0.42306105610561057], "runtime": 0.05365300178527832, "alpha_mse": [5.076732673267327, 0.0], "prob_mse": [0.41401509900990097, 0.0], "adv_type": "random_pgd_gcn_vae", "dataset": "facebook", "sample_size": 1, "test_ratio": 0.3, "T": 10, "realization": 0, "beta_mse": [4.986798679867988, 0.0], "attack_edge": 10000, "u_mse": [0.11845827439886844, 0.0], "d_mse": [0.4155665566556656, 0.4155665566556656], "gamma": 0.09, "swap_ratio": 0.01}
{"acc": [0.49380780686628, 0.0], "network_size": 8078, "b_mse": [0.412953795379538, 0.412953795379538], "runtime": 0.053221940994262695, "alpha_mse": [4.955445544554456, 0.0], "prob_mse": [0.40995778327832777, 0.0], "adv_type": "random_pgd_gcn_vae", "dataset": "facebook", "sample_size": 1, "test_ratio": 0.3, "T": 10, "realization": 0, "beta_mse": [5.063531353135314, 0.0], "attack_edge": 10000, "u_mse": [0.12287835926449789, 0.0], "d_mse": [0.42196094609460943, 0.42196094609460943], "gamma": 0.2, "swap_ratio": 0.01}
{"acc": [0.488444814811759, 0.0], "network_size": 8078, "b_mse": [0.4256050605060506, 0.4256050605060506], "runtime": 0.05299782752990723, "alpha_mse": [5.1072607260726075, 0.0], "prob_mse": [0.4197544004400439, 0.0], "adv_type": "random_pgd_gcn_vae", "dataset": "facebook", "sample_size": 1, "test_ratio": 0.3, "T": 10, "realization": 0, "beta_mse": [5.135313531353136, 0.0], "attack_edge": 10000, "u_mse": [0.12390971239981143, 0.0], "d_mse": [0.427942794279428, 0.427942794279428], "gamma": 0.3, "swap_ratio": 0.01}
{"acc": [0.49958333677114874, 0.0], "network_size": 8078, "b_mse": [0.41219746974697474, 0.41219746974697474], "runtime": 0.05293083190917969, "alpha_mse": [4.946369636963697, 0.0], "prob_mse": [0.4084813256325632, 0.0], "adv_type": "random_pgd_gcn_vae", "dataset": "facebook", "sample_size": 1, "test_ratio": 0.3, "T": 10, "realization": 0, "beta_mse": [5.029702970297031, 0.0], "attack_edge": 10000, "u_mse": [0.1236150400754361, 0.0], "d_mse": [0.41914191419141916, 0.41914191419141916], "gamma": 0.4, "swap_ratio": 0.01}
{"acc": [0.49133257976419337, 0.0], "network_size": 8078, "b_mse": [0.4157040704070407, 0.4157040704070407], "runtime": 0.05316519737243652, "alpha_mse": [4.988448844884489, 0.0], "prob_mse": [0.41236344884488446, 0.0], "adv_type": "random_pgd_gcn_vae", "dataset": "facebook", "sample_size": 1, "test_ratio": 0.3, "T": 10, "realization": 0, "beta_mse": [5.08003300330033, 0.0], "attack_edge": 10000, "u_mse": [0.11639556812824138, 0.0], "d_mse": [0.4233360836083609, 0.4233360836083609], "gamma": 0.5, "swap_ratio": 0.01}
