{"acc": [0.4892698905124545, 0.0], "network_size": 8078, "b_mse": [0.42247662266226627, 0.42247662266226627], "runtime": 0.0536041259765625, "alpha_mse": [5.069719471947195, 0.0], "prob_mse": [0.41786556655665563, 0.0], "adv_type": "random_pgd", "dataset": "facebook", "sample_size": 1, "test_ratio": 0.3, "T": 10, "realization": 0, "beta_mse": [5.111798679867987, 0.0], "attack_edge": 10000, "u_mse": [0.11919495520980668, 0.0], "d_mse": [0.4259832233223323, 0.4259832233223323], "gamma": 0.0, "swap_ratio": 0.01}
{"acc": [0.49710810966906216, 0.0], "network_size": 8078, "b_mse": [0.42110148514851486, 0.42110148514851486], "runtime": 0.05460405349731445, "alpha_mse": [5.053217821782179, 0.0], "prob_mse": [0.4138771727172717, 0.0], "adv_type": "random_pgd", "dataset": "facebook", "sample_size": 1, "test_ratio": 0.3, "T": 10, "realization": 0, "beta_mse": [5.0400165016501655, 0.0], "attack_edge": 10000, "u_mse": [0.11919495520980668, 0.0], "d_mse": [0.4200013751375138, 0.4200013751375138], "gamma": 0.01, "swap_ratio": 0.01}
{"acc": [0.4843194363082813, 0.0], "network_size": 8078, "b_mse": [0.4170448294829483, 0.4170448294829483], "runtime": 0.05120110511779785, "alpha_mse": [5.00453795379538, 0.0], "prob_mse": [0.41731419141914183, 0.0], "adv_type": "random_pgd", "dataset": "facebook", "sample_size": 1, "test_ratio": 0.3, "T": 10, "realization": 0, "beta_mse": [5.125000000000001, 0.0], "attack_edge": 10000, "u_mse": [0.12037364450730786, 0.0], "d_mse": [0.4270833333333333, 0.4270833333333333], "gamma": 0.03, "swap_ratio": 0.01}
{"acc": [0.515259775084364, 0.0], "network_size": 8078, "b_mse": [0.4126443894389438, 0.4126443894389438], "runtime": 0.05296206474304199, "alpha_mse": [4.951732673267328, 0.0], "prob_mse": [0.4037720572057205, 0.0], "adv_type": "random_pgd", "dataset": "facebook", "sample_size": 1, "test_ratio": 0.3, "T": 10, "realization": 0, "beta_mse": [4.884900990099011, 0.0], "attack_edge": 10000, "u_mse": [0.11978429985855729, 0.0], "d_mse": [0.40707508250825086, 0.40707508250825086], "gamma": 0.05, "swap_ratio": 0.01}
{"acc": [0.49050750406349786, 0.0], "network_size": 8078, "b_mse": [0.4221328382838284, 0.4221328382838284], "runtime": 0.05104494094848633, "alpha_mse": [5.065594059405941, 0.0], "prob_mse": [0.4178994499449945, 0.0], "adv_type": "random_pgd", "dataset": "facebook", "sample_size": 1, "test_ratio": 0.3, "T": 10, "realization": 0, "beta_mse": [5.089521452145214, 0.0], "attack_edge": 10000, "u_mse": [0.11934229137199431, 0.0], "d_mse": [0.42412678767876794, 0.42412678767876794], "gamma": 0.07, "swap_ratio": 0.01}
{"acc": [0.5012334881725399, 0.0], "network_size": 8078, "b_mse": [0.42048267326732675, 0.42048267326732675], "runtime": 0.05086708068847656, "alpha_mse": [5.045792079207921, 0.0], "prob_mse": [0.41212568756875684, 0.0], "adv_type": "random_pgd", "dataset": "facebook", "sample_size": 1, "test_ratio": 0.3, "T": 10, "realization": 0, "beta_mse": [4.994636963696371, 0.0], "attack_edge": 10000, "u_mse": [0.11698491277699198, 0.0], "d_mse": [0.4162197469746975, 0.4162197469746975], "gamma": 0.09, "swap_ratio": 0.01}
{"acc": [0.5090717073291474, 0.0], "network_size": 8078, "b_mse": [0.4145695819581958, 0.4145695819581958], "runtime": 0.05136895179748535, "alpha_mse": [4.97483498349835, 0.0], "prob_mse": [0.4051824807480748, 0.0], "adv_type": "random_pgd", "dataset": "facebook", "sample_size": 1, "test_ratio": 0.3, "T": 10, "realization": 0, "beta_mse": [4.905528052805281, 0.0], "attack_edge": 10000, "u_mse": [0.12140499764262143, 0.0], "d_mse": [0.40879400440044, 0.40879400440044], "gamma": 0.2, "swap_ratio": 0.01}
{"acc": [0.5041212531249742, 0.0], "network_size": 8078, "b_mse": [0.4164947744774478, 0.4164947744774478], "runtime": 0.05690598487854004, "alpha_mse": [4.997937293729373, 0.0], "prob_mse": [0.40892667766776675, 0.0], "adv_type": "random_pgd", "dataset": "facebook", "sample_size": 1, "test_ratio": 0.3, "T": 10, "realization": 0, "beta_mse": [4.963283828382839, 0.0], "attack_edge": 10000, "u_mse": [0.12243635077793494, 0.0], "d_mse": [0.41360698569856985, 0.41360698569856985], "gamma": 0.3, "swap_ratio": 0.01}
{"acc": [0.4954579582676711, 0.0], "network_size": 8078, "b_mse": [0.422201595159516, 0.422201595159516], "runtime": 0.05384111404418945, "alpha_mse": [5.066419141914191, 0.0], "prob_mse": [0.4155630363036303, 0.0], "adv_type": "random_pgd", "dataset": "facebook", "sample_size": 1, "test_ratio": 0.3, "T": 10, "realization": 0, "beta_mse": [5.048267326732674, 0.0], "attack_edge": 10000, "u_mse": [0.11492220650636492, 0.0], "d_mse": [0.42068894389438943, 0.42068894389438943], "gamma": 0.4, "swap_ratio": 0.01}
{"acc": [0.5016460260228877, 0.0], "network_size": 8078, "b_mse": [0.4192450495049505, 0.4192450495049505], "runtime": 0.053771018981933594, "alpha_mse": [5.030940594059406, 0.0], "prob_mse": [0.4102679317931793, 0.0], "adv_type": "random_pgd", "dataset": "facebook", "sample_size": 1, "test_ratio": 0.3, "T": 10, "realization": 0, "beta_mse": [4.989686468646865, 0.0], "attack_edge": 10000, "u_mse": [0.12081565299387083, 0.0], "d_mse": [0.41580720572057206, 0.41580720572057206], "gamma": 0.5, "swap_ratio": 0.01}
