{"acc": [0.5994005994005994, 0.0], "network_size": 8078, "perturbation": 0.0, "runtime": 0.050978899002075195, "alpha_mse": [6.000000000000002, 0.0], "prob_mse": [0.41668666666666654, 0.0], "adv_type": "structure", "dataset": "facebook", "sample_size": 1, "test_ratio": 0.3, "b_mse": [0.5000000000000001, 0.5000000000000001], "T": 10, "realization": 0, "beta_mse": [4.000000000000001, 0.0], "attack_edge": 10000, "u_mse": [0.3571428571428571, 0.0], "d_mse": [0.3333333333333333, 0.3333333333333333], "swap_ratio": 0.01}
{"acc": [0.5994005994005994, 0.0], "network_size": 8078, "perturbation": 5, "runtime": 0.051184892654418945, "alpha_mse": [6.000000000000002, 0.0], "prob_mse": [0.41668666666666654, 0.0], "adv_type": "structure", "dataset": "facebook", "sample_size": 1, "test_ratio": 0.3, "b_mse": [0.5000000000000001, 0.5000000000000001], "T": 10, "realization": 0, "beta_mse": [4.000000000000001, 0.0], "attack_edge": 10000, "u_mse": [0.3571428571428571, 0.0], "d_mse": [0.3333333333333333, 0.3333333333333333], "swap_ratio": 0.01}
{"acc": [0.5994005994005994, 0.0], "network_size": 8078, "perturbation": 10, "runtime": 0.05099606513977051, "alpha_mse": [6.000000000000002, 0.0], "prob_mse": [0.41668666666666654, 0.0], "adv_type": "structure", "dataset": "facebook", "sample_size": 1, "test_ratio": 0.3, "b_mse": [0.5000000000000001, 0.5000000000000001], "T": 10, "realization": 0, "beta_mse": [4.000000000000001, 0.0], "attack_edge": 10000, "u_mse": [0.3571428571428571, 0.0], "d_mse": [0.3333333333333333, 0.3333333333333333], "swap_ratio": 0.01}
{"acc": [0.5994005994005994, 0.0], "network_size": 8078, "perturbation": 20, "runtime": 0.05680489540100098, "alpha_mse": [6.000000000000002, 0.0], "prob_mse": [0.41668666666666654, 0.0], "adv_type": "structure", "dataset": "facebook", "sample_size": 1, "test_ratio": 0.3, "b_mse": [0.5000000000000001, 0.5000000000000001], "T": 10, "realization": 0, "beta_mse": [4.000000000000001, 0.0], "attack_edge": 10000, "u_mse": [0.3571428571428571, 0.0], "d_mse": [0.3333333333333333, 0.3333333333333333], "swap_ratio": 0.01}
{"acc": [0.5994005994005994, 0.0], "network_size": 8078, "perturbation": 30, "runtime": 0.055075883865356445, "alpha_mse": [6.000000000000002, 0.0], "prob_mse": [0.41668666666666654, 0.0], "adv_type": "structure", "dataset": "facebook", "sample_size": 1, "test_ratio": 0.3, "b_mse": [0.5000000000000001, 0.5000000000000001], "T": 10, "realization": 0, "beta_mse": [4.000000000000001, 0.0], "attack_edge": 10000, "u_mse": [0.3571428571428571, 0.0], "d_mse": [0.3333333333333333, 0.3333333333333333], "swap_ratio": 0.01}
{"acc": [0.5994005994005994, 0.0], "network_size": 8078, "perturbation": 40, "runtime": 0.051383018493652344, "alpha_mse": [6.000000000000002, 0.0], "prob_mse": [0.41668666666666654, 0.0], "adv_type": "structure", "dataset": "facebook", "sample_size": 1, "test_ratio": 0.3, "b_mse": [0.5000000000000001, 0.5000000000000001], "T": 10, "realization": 0, "beta_mse": [4.000000000000001, 0.0], "attack_edge": 10000, "u_mse": [0.3571428571428571, 0.0], "d_mse": [0.3333333333333333, 0.3333333333333333], "swap_ratio": 0.01}
{"acc": [0.5994005994005994, 0.0], "network_size": 8078, "perturbation": 50, "runtime": 0.05913186073303223, "alpha_mse": [6.000000000000002, 0.0], "prob_mse": [0.41668666666666654, 0.0], "adv_type": "structure", "dataset": "facebook", "sample_size": 1, "test_ratio": 0.3, "b_mse": [0.5000000000000001, 0.5000000000000001], "T": 10, "realization": 0, "beta_mse": [4.000000000000001, 0.0], "attack_edge": 10000, "u_mse": [0.3571428571428571, 0.0], "d_mse": [0.3333333333333333, 0.3333333333333333], "swap_ratio": 0.01}
{"acc": [0.5994005994005994, 0.0], "network_size": 8078, "perturbation": 60, "runtime": 0.05126810073852539, "alpha_mse": [6.000000000000002, 0.0], "prob_mse": [0.41668666666666654, 0.0], "adv_type": "structure", "dataset": "facebook", "sample_size": 1, "test_ratio": 0.3, "b_mse": [0.5000000000000001, 0.5000000000000001], "T": 10, "realization": 0, "beta_mse": [4.000000000000001, 0.0], "attack_edge": 10000, "u_mse": [0.3571428571428571, 0.0], "d_mse": [0.3333333333333333, 0.3333333333333333], "swap_ratio": 0.01}
{"acc": [0.5994005994005994, 0.0], "network_size": 8078, "perturbation": 70, "runtime": 0.05357193946838379, "alpha_mse": [6.000000000000002, 0.0], "prob_mse": [0.41668666666666654, 0.0], "adv_type": "structure", "dataset": "facebook", "sample_size": 1, "test_ratio": 0.3, "b_mse": [0.5000000000000001, 0.5000000000000001], "T": 10, "realization": 0, "beta_mse": [4.000000000000001, 0.0], "attack_edge": 10000, "u_mse": [0.3571428571428571, 0.0], "d_mse": [0.3333333333333333, 0.3333333333333333], "swap_ratio": 0.01}
{"acc": [0.5994005994005994, 0.0], "network_size": 8078, "perturbation": 80, "runtime": 0.06130695343017578, "alpha_mse": [6.000000000000002, 0.0], "prob_mse": [0.41668666666666654, 0.0], "adv_type": "structure", "dataset": "facebook", "sample_size": 1, "test_ratio": 0.3, "b_mse": [0.5000000000000001, 0.5000000000000001], "T": 10, "realization": 0, "beta_mse": [4.000000000000001, 0.0], "attack_edge": 10000, "u_mse": [0.3571428571428571, 0.0], "d_mse": [0.3333333333333333, 0.3333333333333333], "swap_ratio": 0.01}
{"acc": [0.5994005994005994, 0.0], "network_size": 8078, "perturbation": 90, "runtime": 0.05140185356140137, "alpha_mse": [6.000000000000002, 0.0], "prob_mse": [0.41668666666666654, 0.0], "adv_type": "structure", "dataset": "facebook", "sample_size": 1, "test_ratio": 0.3, "b_mse": [0.5000000000000001, 0.5000000000000001], "T": 10, "realization": 0, "beta_mse": [4.000000000000001, 0.0], "attack_edge": 10000, "u_mse": [0.3571428571428571, 0.0], "d_mse": [0.3333333333333333, 0.3333333333333333], "swap_ratio": 0.01}
{"acc": [0.5994005994005994, 0.0], "network_size": 8078, "perturbation": 100, "runtime": 0.05833911895751953, "alpha_mse": [6.000000000000002, 0.0], "prob_mse": [0.41668666666666654, 0.0], "adv_type": "structure", "dataset": "facebook", "sample_size": 1, "test_ratio": 0.3, "b_mse": [0.5000000000000001, 0.5000000000000001], "T": 10, "realization": 0, "beta_mse": [4.000000000000001, 0.0], "attack_edge": 10000, "u_mse": [0.3571428571428571, 0.0], "d_mse": [0.3333333333333333, 0.3333333333333333], "swap_ratio": 0.01}
