{"acc": [0.5091497584827792, 0.0], "network_size": 67392, "b_mse": [0.41451511854123385, 0.41451511854123385], "runtime": 0.45002198219299316, "alpha_mse": [4.974181422494807, 0.0], "prob_mse": [0.4063854914762422, 0.0], "adv_type": "random_pgd", "dataset": "enron", "sample_size": 1, "test_ratio": 0.3, "T": 10, "realization": 0, "beta_mse": [4.9404491047581365, 0.0], "attack_edge": 10000, "u_mse": [0.11881209106453938, 0.0], "d_mse": [0.41170409206317804, 0.41170409206317804], "gamma": 0.0, "swap_ratio": 0.01}
{"acc": [0.5025714684227238, 0.0], "network_size": 67392, "b_mse": [0.4153312230026049, 0.4153312230026049], "runtime": 0.4497408866882324, "alpha_mse": [4.983974676031259, 0.0], "prob_mse": [0.408837234147789, 0.0], "adv_type": "random_pgd", "dataset": "enron", "sample_size": 1, "test_ratio": 0.3, "T": 10, "realization": 0, "beta_mse": [4.9881293896527845, 0.0], "attack_edge": 10000, "u_mse": [0.119783643994743, 0.0], "d_mse": [0.415677449137732, 0.415677449137732], "gamma": 0.01, "swap_ratio": 0.01}
{"acc": [0.5035112241455889, 0.0], "network_size": 67392, "b_mse": [0.4153724403996439, 0.4153724403996439], "runtime": 0.4515960216522217, "alpha_mse": [4.984469284795726, 0.0], "prob_mse": [0.4087587924951363, 0.0], "adv_type": "random_pgd", "dataset": "enron", "sample_size": 1, "test_ratio": 0.3, "T": 10, "realization": 0, "beta_mse": [4.986942328618063, 0.0], "attack_edge": 10000, "u_mse": [0.12064920933256079, 0.0], "d_mse": [0.4155785273848386, 0.4155785273848386], "gamma": 0.03, "swap_ratio": 0.01}
{"acc": [0.5038574499382235, 0.0], "network_size": 67392, "b_mse": [0.4165842318725888, 0.4165842318725888], "runtime": 0.4485640525817871, "alpha_mse": [4.999010782471065, 0.0], "prob_mse": [0.4092575823523592, 0.0], "adv_type": "random_pgd", "dataset": "enron", "sample_size": 1, "test_ratio": 0.3, "T": 10, "realization": 0, "beta_mse": [4.9872390938767435, 0.0], "attack_edge": 10000, "u_mse": [0.11974831479728106, 0.0], "d_mse": [0.41560325782306196, 0.41560325782306196], "gamma": 0.05, "swap_ratio": 0.01}
{"acc": [0.4999500445642056, 0.0], "network_size": 67392, "b_mse": [0.414589309855904, 0.414589309855904], "runtime": 0.45009613037109375, "alpha_mse": [4.975071718270848, 0.0], "prob_mse": [0.4095508787549048, 0.0], "adv_type": "random_pgd", "dataset": "enron", "sample_size": 1, "test_ratio": 0.3, "T": 10, "realization": 0, "beta_mse": [5.017311306756356, 0.0], "attack_edge": 10000, "u_mse": [0.1195893334087023, 0.0], "d_mse": [0.4181092755630297, 0.4181092755630297], "gamma": 0.07, "swap_ratio": 0.01}
{"acc": [0.49866406304870603, 0.0], "network_size": 67392, "b_mse": [0.41436673591189366, 0.41436673591189366], "runtime": 0.4492518901824951, "alpha_mse": [4.972400830942724, 0.0], "prob_mse": [0.4099577637089062, 0.0], "adv_type": "random_pgd", "dataset": "enron", "sample_size": 1, "test_ratio": 0.3, "T": 10, "realization": 0, "beta_mse": [5.0368978138292615, 0.0], "attack_edge": 10000, "u_mse": [0.12027825275921032, 0.0], "d_mse": [0.4197414844857718, 0.4197414844857718], "gamma": 0.09, "swap_ratio": 0.01}
{"acc": [0.5093970626203753, 0.0], "network_size": 67392, "b_mse": [0.4153477099614205, 0.4153477099614205], "runtime": 0.44875407218933105, "alpha_mse": [4.984172519537046, 0.0], "prob_mse": [0.40605983447093347, 0.0], "adv_type": "random_pgd", "dataset": "enron", "sample_size": 1, "test_ratio": 0.3, "T": 10, "realization": 0, "beta_mse": [4.926797902858839, 0.0], "attack_edge": 10000, "u_mse": [0.12017226516682449, 0.0], "d_mse": [0.4105664919049032, 0.4105664919049032], "gamma": 0.2, "swap_ratio": 0.01}
{"acc": [0.5005930353219553, 0.0], "network_size": 67392, "b_mse": [0.4175734494015234, 0.4175734494015234], "runtime": 0.42931389808654785, "alpha_mse": [5.0108813928182805, 0.0], "prob_mse": [0.4112448643123289, 0.0], "adv_type": "random_pgd", "dataset": "enron", "sample_size": 1, "test_ratio": 0.3, "T": 10, "realization": 0, "beta_mse": [5.015233949945593, 0.0], "attack_edge": 10000, "u_mse": [0.11847646368865086, 0.0], "d_mse": [0.417936162495466, 0.417936162495466], "gamma": 0.3, "swap_ratio": 0.01}
{"acc": [0.49866406304870603, 0.0], "network_size": 67392, "b_mse": [0.4209450324793088, 0.4209450324793088], "runtime": 0.46314001083374023, "alpha_mse": [5.051340389751706, 0.0], "prob_mse": [0.41370999109704215, 0.0], "adv_type": "random_pgd", "dataset": "enron", "sample_size": 1, "test_ratio": 0.3, "T": 10, "realization": 0, "beta_mse": [5.033237708972203, 0.0], "attack_edge": 10000, "u_mse": [0.11656868702570553, 0.0], "d_mse": [0.41943647574768356, 0.41943647574768356], "gamma": 0.4, "swap_ratio": 0.01}
{"acc": [0.5052918139362806, 0.0], "network_size": 67392, "b_mse": [0.41382266627097963, 0.41382266627097963], "runtime": 0.44747400283813477, "alpha_mse": [4.965871995251756, 0.0], "prob_mse": [0.40688002110330723, 0.0], "adv_type": "random_pgd", "dataset": "enron", "sample_size": 1, "test_ratio": 0.3, "T": 10, "realization": 0, "beta_mse": [4.961915125136017, 0.0], "attack_edge": 10000, "u_mse": [0.1200839421731696, 0.0], "d_mse": [0.4134929270946681, 0.4134929270946681], "gamma": 0.5, "swap_ratio": 0.01}
{"acc": [0.5016630824896217, 0.0], "network_size": 164336, "b_mse": [0.41652805949966193, 0.41652805949966193], "runtime": 1.1078050136566162, "alpha_mse": [4.998336713995943, 0.0], "prob_mse": [0.40962670047329264, 0.0], "adv_type": "random_pgd", "dataset": "slashdot", "sample_size": 1, "test_ratio": 0.3, "T": 10, "realization": 0, "beta_mse": [4.997079107505071, 0.0], "attack_edge": 10000, "u_mse": [0.1192190669371197, 0.0], "d_mse": [0.41642325895875587, 0.41642325895875587], "gamma": 0.0, "swap_ratio": 0.01}
{"acc": [0.49730202949207725, 0.0], "network_size": 164336, "b_mse": [0.4178634212305612, 0.4178634212305612], "runtime": 1.1024348735809326, "alpha_mse": [5.014361054766734, 0.0], "prob_mse": [0.4123377119675456, 0.0], "adv_type": "random_pgd", "dataset": "slashdot", "sample_size": 1, "test_ratio": 0.3, "T": 10, "realization": 0, "beta_mse": [5.037728194726166, 0.0], "attack_edge": 10000, "u_mse": [0.12023326572008115, 0.0], "d_mse": [0.4198106828938472, 0.4198106828938472], "gamma": 0.01, "swap_ratio": 0.01}
{"acc": [0.5046448257018962, 0.0], "network_size": 164336, "b_mse": [0.415473292765382, 0.415473292765382], "runtime": 1.1032609939575195, "alpha_mse": [4.985679513184584, 0.0], "prob_mse": [0.4081510736984448, 0.0], "adv_type": "random_pgd", "dataset": "slashdot", "sample_size": 1, "test_ratio": 0.3, "T": 10, "realization": 0, "beta_mse": [4.9718864097363085, 0.0], "attack_edge": 10000, "u_mse": [0.11867574616053317, 0.0], "d_mse": [0.41432386747802574, 0.41432386747802574], "gamma": 0.03, "swap_ratio": 0.01}
{"acc": [0.5042999982555788, 0.0], "network_size": 164336, "b_mse": [0.41654496281271125, 0.41654496281271125], "runtime": 1.109727144241333, "alpha_mse": [4.9985395537525354, 0.0], "prob_mse": [0.40920090736984444, 0.0], "adv_type": "random_pgd", "dataset": "slashdot", "sample_size": 1, "test_ratio": 0.3, "T": 10, "realization": 0, "beta_mse": [4.974888438133874, 0.0], "attack_edge": 10000, "u_mse": [0.11903071573456968, 0.0], "d_mse": [0.4145740365111561, 0.4145740365111561], "gamma": 0.05, "swap_ratio": 0.01}
{"acc": [0.5030018243400306, 0.0], "network_size": 164336, "b_mse": [0.41655848546315066, 0.41655848546315066], "runtime": 1.1099190711975098, "alpha_mse": [4.998701825557809, 0.0], "prob_mse": [0.4091667802569303, 0.0], "adv_type": "random_pgd", "dataset": "slashdot", "sample_size": 1, "test_ratio": 0.3, "T": 10, "realization": 0, "beta_mse": [4.983123732251522, 0.0], "attack_edge": 10000, "u_mse": [0.11955230368009273, 0.0], "d_mse": [0.41526031102096006, 0.41526031102096006], "gamma": 0.07, "swap_ratio": 0.01}
{"acc": [0.5004257604763649, 0.0], "network_size": 164336, "b_mse": [0.4174306964164976, 0.4174306964164976], "runtime": 1.0991320610046387, "alpha_mse": [5.0091683569979715, 0.0], "prob_mse": [0.41116633265720076, 0.0], "adv_type": "random_pgd", "dataset": "slashdot", "sample_size": 1,