{"acc": [0.5994005994005994, 0.0], "network_size": 8078, "perturbation": 0.0, "runtime": 0.05111980438232422, "alpha_mse": [6.000000000000002, 0.0], "prob_mse": [0.41668666666666654, 0.0], "adv_type": "structure", "dataset": "facebook", "sample_size": 1, "test_ratio": 0.3, "b_mse": [0.5000000000000001, 0.5000000000000001], "T": 10, "realization": 0, "beta_mse": [4.000000000000001, 0.0], "attack_edge": 10000, "u_mse": [0.3571428571428571, 0.0], "d_mse": [0.3333333333333333, 0.3333333333333333], "swap_ratio": 0.01}
{"acc": [0.5994005994005994, 0.0], "network_size": 8078, "perturbation": 5, "runtime": 0.050537824630737305, "alpha_mse": [6.000000000000002, 0.0], "prob_mse": [0.41668666666666654, 0.0], "adv_type": "structure", "dataset": "facebook", "sample_size": 1, "test_ratio": 0.3, "b_mse": [0.5000000000000001, 0.5000000000000001], "T": 10, "realization": 0, "beta_mse": [4.000000000000001, 0.0], "attack_edge": 10000, "u_mse": [0.3571428571428571, 0.0], "d_mse": [0.3333333333333333, 0.3333333333333333], "swap_ratio": 0.01}
{"acc": [0.5994005994005994, 0.0], "network_size": 8078, "perturbation": 10, "runtime": 0.050032854080200195, "alpha_mse": [6.000000000000002, 0.0], "prob_mse": [0.41668666666666654, 0.0], "adv_type": "structure", "dataset": "facebook", "sample_size": 1, "test_ratio": 0.3, "b_mse": [0.5000000000000001, 0.5000000000000001], "T": 10, "realization": 0, "beta_mse": [4.000000000000001, 0.0], "attack_edge": 10000, "u_mse": [0.3571428571428571, 0.0], "d_mse": [0.3333333333333333, 0.3333333333333333], "swap_ratio": 0.01}
{"acc": [0.5994005994005994, 0.0], "network_size": 8078, "perturbation": 20, "runtime": 0.05047178268432617, "alpha_mse": [6.000000000000002, 0.0], "prob_mse": [0.41668666666666654, 0.0], "adv_type": "structure", "dataset": "facebook", "sample_size": 1, "test_ratio": 0.3, "b_mse": [0.5000000000000001, 0.5000000000000001], "T": 10, "realization": 0, "beta_mse": [4.000000000000001, 0.0], "attack_edge": 10000, "u_mse": [0.3571428571428571, 0.0], "d_mse": [0.3333333333333333, 0.3333333333333333], "swap_ratio": 0.01}
{"acc": [0.5994005994005994, 0.0], "network_size": 8078, "perturbation": 30, "runtime": 0.05028390884399414, "alpha_mse": [6.000000000000002, 0.0], "prob_mse": [0.41668666666666654, 0.0], "adv_type": "structure", "dataset": "facebook", "sample_size": 1, "test_ratio": 0.3, "b_mse": [0.5000000000000001, 0.5000000000000001], "T": 10, "realization": 0, "beta_mse": [4.000000000000001, 0.0], "attack_edge": 10000, "u_mse": [0.3571428571428571, 0.0], "d_mse": [0.3333333333333333, 0.3333333333333333], "swap_ratio": 0.01}
{"acc": [0.5994005994005994, 0.0], "network_size": 8078, "perturbation": 40, "runtime": 0.05029892921447754, "alpha_mse": [6.000000000000002, 0.0], "prob_mse": [0.41668666666666654, 0.0], "adv_type": "structure", "dataset": "facebook", "sample_size": 1, "test_ratio": 0.3, "b_mse": [0.5000000000000001, 0.5000000000000001], "T": 10, "realization": 0, "beta_mse": [4.000000000000001, 0.0], "attack_edge": 10000, "u_mse": [0.3571428571428571, 0.0], "d_mse": [0.3333333333333333, 0.3333333333333333], "swap_ratio": 0.01}
{"acc": [0.5994005994005994, 0.0], "network_size": 8078, "perturbation": 50, "runtime": 0.050544023513793945, "alpha_mse": [6.000000000000002, 0.0], "prob_mse": [0.41668666666666654, 0.0], "adv_type": "structure", "dataset": "facebook", "sample_size": 1, "test_ratio": 0.3, "b_mse": [0.5000000000000001, 0.5000000000000001], "T": 10, "realization": 0, "beta_mse": [4.000000000000001, 0.0], "attack_edge": 10000, "u_mse": [0.3571428571428571, 0.0], "d_mse": [0.3333333333333333, 0.3333333333333333], "swap_ratio": 0.01}
{"acc": [0.5994005994005994, 0.0], "network_size": 8078, "perturbation": 60, "runtime": 0.05051708221435547, "alpha_mse": [6.000000000000002, 0.0], "prob_mse": [0.41668666666666654, 0.0], "adv_type": "structure", "dataset": "facebook", "sample_size": 1, "test_ratio": 0.3, "b_mse": [0.5000000000000001, 0.5000000000000001], "T": 10, "realization": 0, "beta_mse": [4.000000000000001, 0.0], "attack_edge": 10000, "u_mse": [0.3571428571428571, 0.0], "d_mse": [0.3333333333333333, 0.3333333333333333], "swap_ratio": 0.01}
{"acc": [0.5994005994005994, 0.0], "network_size": 8078, "perturbation": 70, "runtime": 0.057121992111206055, "alpha_mse": [6.000000000000002, 0.0], "prob_mse": [0.41668666666666654, 0.0], "adv_type": "structure", "dataset": "facebook", "sample_size": 1, "test_ratio": 0.3, "b_mse": [0.5000000000000001, 0.5000000000000001], "T": 10, "realization": 0, "beta_mse": [4.000000000000001, 0.0], "attack_edge": 10000, "u_mse": [0.3571428571428571, 0.0], "d_mse": [0.3333333333333333, 0.3333333333333333], "swap_ratio": 0.01}
{"acc": [0.5994005994005994, 0.0], "network_size": 8078, "perturbation": 80, "runtime": 0.05721092224121094, "alpha_mse": [6.000000000000002, 0.0], "prob_mse": [0.41668666666666654, 0.0], "adv_type": "structure", "dataset": "facebook", "sample_size": 1, "test_ratio": 0.3, "b_mse": [0.5000000000000001, 0.5000000000000001], "T": 10, "realization": 0, "beta_mse": [4.000000000000001, 0.0], "attack_edge": 10000, "u_mse": [0.3571428571428571, 0.0], "d_mse": [0.3333333333333333, 0.3333333333333333], "swap_ratio": 0.01}
{"acc": [0.5994005994005994, 0.0], "network_size": 8078, "perturbation": 90, "runtime": 0.050328969955444336, "alpha_mse": [6.000000000000002, 0.0], "prob_mse": [0.41668666666666654, 0.0], "adv_type": "structure", "dataset": "facebook", "sample_size": 1, "test_ratio": 0.3, "b_mse": [0.5000000000000001, 0.5000000000000001], "T": 10, "realization": 0, "beta_mse": [4.000000000000001, 0.0], "attack_edge": 10000, "u_mse": [0.3571428571428571, 0.0], "d_mse": [0.3333333333333333, 0.3333333333333333], "swap_ratio": 0.01}
{"acc": [0.5994005994005994, 0.0], "network_size": 8078, "perturbation": 100, "runtime": 0.05023598670959473, "alpha_mse": [6.000000000000002, 0.0], "prob_mse": [0.41668666666666654, 0.0], "adv_type": "structure", "dataset": "facebook", "sample_size": 1, "test_ratio": 0.3, "b_mse": [0.5000000000000001, 0.5000000000000001], "T": 10, "realization": 0, "beta_mse": [4.000000000000001, 0.0], "attack_edge": 10000, "u_mse": [0.3571428571428571, 0.0], "d_mse": [0.3333333333333333, 0.3333333333333333], "swap_ratio": 0.01}
