{"acc": [0.505835883038992, 0.0], "network_size": 67392, "b_mse": [0.4158381969861839, 0.4158381969861839], "runtime": 0.4205310344696045, "alpha_mse": [4.9900583638342075, 0.0], "prob_mse": [0.40841234873215276, 0.0], "adv_type": "random_noise", "dataset": "enron", "sample_size": 1, "test_ratio": 0.3, "T": 10, "realization": 0, "beta_mse": [4.970867543772876, 0.0], "attack_edge": 10000, "u_mse": [0.1182998177013411, 0.0], "d_mse": [0.4142389619810729, 0.4142389619810729], "gamma": 0.0, "swap_ratio": 0.01}
{"acc": [0.505835883038992, 0.0], "network_size": 67392, "b_mse": [0.4158381969861839, 0.4158381969861839], "runtime": 0.42324090003967285, "alpha_mse": [4.9900583638342075, 0.0], "prob_mse": [0.40841234873215276, 0.0], "adv_type": "random_noise", "dataset": "enron", "sample_size": 1, "test_ratio": 0.3, "T": 10, "realization": 0, "beta_mse": [4.970867543772876, 0.0], "attack_edge": 10000, "u_mse": [0.1182998177013411, 0.0], "d_mse": [0.4142389619810729, 0.4142389619810729], "gamma": 0.01, "swap_ratio": 0.01}
{"acc": [0.505835883038992, 0.0], "network_size": 67392, "b_mse": [0.4158381969861839, 0.4158381969861839], "runtime": 0.42360997200012207, "alpha_mse": [4.9900583638342075, 0.0], "prob_mse": [0.40841234873215276, 0.0], "adv_type": "random_noise", "dataset": "enron", "sample_size": 1, "test_ratio": 0.3, "T": 10, "realization": 0, "beta_mse": [4.970867543772876, 0.0], "attack_edge": 10000, "u_mse": [0.1182998177013411, 0.0], "d_mse": [0.4142389619810729, 0.4142389619810729], "gamma": 0.03, "swap_ratio": 0.01}
{"acc": [0.5039069107657427, 0.0], "network_size": 67392, "b_mse": [0.41459343159560785, 0.41459343159560785], "runtime": 0.42203688621520996, "alpha_mse": [4.975121179147295, 0.0], "prob_mse": [0.4082144656576648, 0.0], "adv_type": "random_noise", "dataset": "enron", "sample_size": 1, "test_ratio": 0.3, "T": 10, "realization": 0, "beta_mse": [4.982045701849837, 0.0], "attack_edge": 10000, "u_mse": [0.1182998177013411, 0.0], "d_mse": [0.41517047515415306, 0.41517047515415306], "gamma": 0.05, "swap_ratio": 0.01}
{"acc": [0.5039069107657427, 0.0], "network_size": 67392, "b_mse": [0.41459343159560785, 0.41459343159560785], "runtime": 0.4212360382080078, "alpha_mse": [4.975121179147295, 0.0], "prob_mse": [0.4082144656576648, 0.0], "adv_type": "random_noise", "dataset": "enron", "sample_size": 1, "test_ratio": 0.3, "T": 10, "realization": 0, "beta_mse": [4.982045701849837, 0.0], "attack_edge": 10000, "u_mse": [0.1182998177013411, 0.0], "d_mse": [0.41517047515415306, 0.41517047515415306], "gamma": 0.07, "swap_ratio": 0.01}
{"acc": [0.5039069107657427, 0.0], "network_size": 67392, "b_mse": [0.41459343159560785, 0.41459343159560785], "runtime": 0.42224693298339844, "alpha_mse": [4.975121179147295, 0.0], "prob_mse": [0.4082144656576648, 0.0], "adv_type": "random_noise", "dataset": "enron", "sample_size": 1, "test_ratio": 0.3, "T": 10, "realization": 0, "beta_mse": [4.982045701849837, 0.0], "attack_edge": 10000, "u_mse": [0.1182998177013411, 0.0], "d_mse": [0.41517047515415306, 0.41517047515415306], "gamma": 0.09, "swap_ratio": 0.01}
{"acc": [0.5034123024905505, 0.0], "network_size": 67392, "b_mse": [0.41775892768819856, 0.41775892768819856], "runtime": 0.441464900970459, "alpha_mse": [5.013107132258384, 0.0], "prob_mse": [0.4096979852936327, 0.0], "adv_type": "random_noise", "dataset": "enron", "sample_size": 1, "test_ratio": 0.3, "T": 10, "realization": 0, "beta_mse": [4.9875853200118705, 0.0], "attack_edge": 10000, "u_mse": [0.1182998177013411, 0.0], "d_mse": [0.4156321100009892, 0.4156321100009892], "gamma": 0.2, "swap_ratio": 0.01}
{"acc": [0.5034123024905505, 0.0], "network_size": 67392, "b_mse": [0.41775892768819856, 0.41775892768819856], "runtime": 0.4338040351867676, "alpha_mse": [5.013107132258384, 0.0], "prob_mse": [0.4096979852936327, 0.0], "adv_type": "random_noise", "dataset": "enron", "sample_size": 1, "test_ratio": 0.3, "T": 10, "realization": 0, "beta_mse": [4.9875853200118705, 0.0], "attack_edge": 10000, "u_mse": [0.1182998177013411, 0.0], "d_mse": [0.4156321100009892, 0.4156321100009892], "gamma": 0.3, "swap_ratio": 0.01}
{"acc": [0.5034123024905505, 0.0], "network_size": 67392, "b_mse": [0.41775892768819856, 0.41775892768819856], "runtime": 0.4218099117279053, "alpha_mse": [5.013107132258384, 0.0], "prob_mse": [0.4096979852936327, 0.0], "adv_type": "random_noise", "dataset": "enron", "sample_size": 1, "test_ratio": 0.3, "T": 10, "realization": 0, "beta_mse": [4.9875853200118705, 0.0], "attack_edge": 10000, "u_mse": [0.1182998177013411, 0.0], "d_mse": [0.4156321100009892, 0.4156321100009892], "gamma": 0.4, "swap_ratio": 0.01}
{"acc": [0.5005930353219553, 0.0], "network_size": 67392, "b_mse": [0.4174415537309987, 0.4174415537309987], "runtime": 0.42231011390686035, "alpha_mse": [5.009298644771985, 0.0], "prob_mse": [0.4108231213110428, 0.0], "adv_type": "random_noise", "dataset": "enron", "sample_size": 1, "test_ratio": 0.3, "T": 10, "realization": 0, "beta_mse": [5.014046888910872, 0.0], "attack_edge": 10000, "u_mse": [0.1182998177013411, 0.0], "d_mse": [0.41783724074257256, 0.41783724074257256], "gamma": 0.5, "swap_ratio": 0.01}
{"acc": [0.5039957387441222, 0.0], "network_size": 164336, "b_mse": [0.4170723461798512, 0.4170723461798512], "runtime": 1.0344090461730957, "alpha_mse": [5.004868154158215, 0.0], "prob_mse": [0.40936644624746443, 0.0], "adv_type": "random_noise", "dataset": "slashdot", "sample_size": 1, "test_ratio": 0.3, "T": 10, "realization": 0, "beta_mse": [4.97501014198783, 0.0], "attack_edge": 10000, "u_mse": [0.117958562735439, 0.0], "d_mse": [0.4145841784989857, 0.4145841784989857], "gamma": 0.0, "swap_ratio": 0.01}
{"acc": [0.5039957387441222, 0.0], "network_size": 164336, "b_mse": [0.4170723461798512, 0.4170723461798512], "runtime": 1.0471971035003662, "alpha_mse": [5.004868154158215, 0.0], "prob_mse": [0.40936644624746443, 0.0], "adv_type": "random_noise", "dataset": "slashdot", "sample_size": 1, "test_ratio": 0.3, "T": 10, "realization": 0, "beta_mse": [4.97501014198783, 0.0], "attack_edge": 10000, "u_mse": [0.117958562735439, 0.0], "d_mse": [0.4145841784989857, 0.4145841784989857], "gamma": 0.01, "swap_ratio": 0.01}
{"acc": [0.5039957387441222, 0.0], "network_size": 164336, "b_mse": [0.4170723461798512, 0.4170723461798512], "runtime": 1.039975881576538, "alpha_mse": [5.004868154158215, 0.0], "prob_mse": [0.40936644624746443, 0.0], "adv_type": "random_noise", "dataset": "slashdot", "sample_size": 1, "test_ratio": 0.3, "T": 10, "realization": 0, "beta_mse": [4.97501014198783, 0.0], "attack_edge": 10000, "u_mse": [0.117958562735439, 0.0], "d_mse": [0.4145841784989857, 0.4145841784989857], "gamma": 0.03, "swap_ratio": 0.01}
{"acc": [0.49983752542088217, 0.0], "network_size": 164336, "b_mse": [0.4189570655848546, 0.4189570655848546], "runtime": 1.0354580879211426, "alpha_mse": [5.027484787018255, 0.0], "prob_mse": [0.41234964164976334, 0.0], "adv_type": "random_noise", "dataset": "slashdot", "sample_size": 1, "test_ratio": 0.3, "T": 10, "realization": 0, "beta_mse": [5.017423935091278, 0.0], "attack_edge": 10000, "u_mse": [0.117958562735439, 0.0], "d_mse": [0.41811866125760644, 0.41811866125760644], "gamma": 0.05, "swap_ratio": 0.01}
{"acc": [0.49983752542088217, 0.0], "network_size": 164336, "b_mse": [0.4189570655848546, 0.4189570655848546], "runtime": 1.0336520671844482, "alpha_mse": [5.027484787018255, 0.0], "prob_mse": [0.41234964164976334, 0.0], "adv_type": "random_noise", "dataset": "slashdot", "sample_size": 1, "test_ratio": 0.3, "T": 10, "realization": 0, "beta_mse": [5.017423935091278, 0.0], "attack_edge": 10000, "u_mse": [0.117958562735439, 0.0], "d_mse": [0.41811866125760644, 0.41811866125760644], "gamma": 0.07, "swap_ratio": 0.01}
{"acc": [0.49983752542088217, 0.0], "network_size": 164336, "b_mse": [0.4189570655848546, 0.4189570655848546], "runtime": 1.0662319660186768, "alpha_mse": [5.027484787018255, 0.0], "prob_mse": [0.41234964164976334, 0.0], "adv_type": "random_noise", "dataset": "slashdot",