{"acc": [0.5054401964188382, 0.0], "network_size": 67392, "b_mse": [0.41717364065024565, 0.41717364065024565], "runtime": 0.4266629219055176, "alpha_mse": [5.006083687802948, 0.0], "prob_mse": [0.408953632077027, 0.0], "adv_type": "random_noise", "dataset": "enron", "sample_size": 1, "test_ratio": 0.3, "T": 10, "realization": 0, "beta_mse": [4.956622811356217, 0.0], "attack_edge": 10000, "u_mse": [0.11824682390514818, 0.0], "d_mse": [0.41305190094635136, 0.41305190094635136], "gamma": 0.0, "swap_ratio": 0.01}
{"acc": [0.4999995053917248, 0.0], "network_size": 67392, "b_mse": [0.4191685626669305, 0.4191685626669305], "runtime": 0.4512941837310791, "alpha_mse": [5.030022752003165, 0.0], "prob_mse": [0.4123857058067068, 0.0], "adv_type": "random_noise", "dataset": "enron", "sample_size": 1, "test_ratio": 0.3, "T": 10, "realization": 0, "beta_mse": [5.01498664556336, 0.0], "attack_edge": 10000, "u_mse": [0.11688664980286308, 0.0], "d_mse": [0.41791555379694656, 0.41791555379694656], "gamma": 0.01, "swap_ratio": 0.01}
{"acc": [0.4996532795990903, 0.0], "network_size": 67392, "b_mse": [0.4152941273452699, 0.4152941273452699], "runtime": 0.4484429359436035, "alpha_mse": [4.983529528143238, 0.0], "prob_mse": [0.41048555412668575, 0.0], "adv_type": "random_noise", "dataset": "enron", "sample_size": 1, "test_ratio": 0.3, "T": 10, "realization": 0, "beta_mse": [5.023197151053517, 0.0], "attack_edge": 10000, "u_mse": [0.12114381809702811, 0.0], "d_mse": [0.4185997625877931, 0.4185997625877931], "gamma": 0.03, "swap_ratio": 0.01}
{"acc": [0.5004446528393978, 0.0], "network_size": 67392, "b_mse": [0.41478303162198693, 0.41478303162198693], "runtime": 0.4482870101928711, "alpha_mse": [4.977396379463844, 0.0], "prob_mse": [0.4099742506677218, 0.0], "adv_type": "random_noise", "dataset": "enron", "sample_size": 1, "test_ratio": 0.3, "T": 10, "realization": 0, "beta_mse": [5.007567514096349, 0.0], "attack_edge": 10000, "u_mse": [0.11828215310261013, 0.0], "d_mse": [0.41729729284136247, 0.41729729284136247], "gamma": 0.05, "swap_ratio": 0.01}
{"acc": [0.4995543579440519, 0.0], "network_size": 67392, "b_mse": [0.41315906617865267, 0.41315906617865267], "runtime": 0.44885897636413574, "alpha_mse": [4.957908794143832, 0.0], "prob_mse": [0.40934007649948884, 0.0], "adv_type": "random_noise", "dataset": "enron", "sample_size": 1, "test_ratio": 0.3, "T": 10, "realization": 0, "beta_mse": [5.027549708180829, 0.0], "attack_edge": 10000, "u_mse": [0.11965999180362619, 0.0], "d_mse": [0.4189624756817358, 0.4189624756817358], "gamma": 0.07, "swap_ratio": 0.01}
{"acc": [0.4991586713238982, 0.0], "network_size": 67392, "b_mse": [0.4166460579681472, 0.4166460579681472], "runtime": 0.45002102851867676, "alpha_mse": [4.999752695617766, 0.0], "prob_mse": [0.4108481880832261, 0.0], "adv_type": "random_noise", "dataset": "enron", "sample_size": 1, "test_ratio": 0.3, "T": 10, "realization": 0, "beta_mse": [5.021020872489861, 0.0], "attack_edge": 10000, "u_mse": [0.12040190495032714, 0.0], "d_mse": [0.41841840604082164, 0.41841840604082164], "gamma": 0.09, "swap_ratio": 0.01}
{"acc": [0.4997522012541287, 0.0], "network_size": 67392, "b_mse": [0.4216498499686748, 0.4216498499686748], "runtime": 0.45225000381469727, "alpha_mse": [5.0597981996240975, 0.0], "prob_mse": [0.412990909090909, 0.0], "adv_type": "random_noise", "dataset": "enron", "sample_size": 1, "test_ratio": 0.3, "T": 10, "realization": 0, "beta_mse": [5.023197151053517, 0.0], "attack_edge": 10000, "u_mse": [0.1193066998290067, 0.0], "d_mse": [0.41859976258779297, 0.41859976258779297], "gamma": 0.2, "swap_ratio": 0.01}
{"acc": [0.5017306343548973, 0.0], "network_size": 67392, "b_mse": [0.41430490981633517, 0.41430490981633517], "runtime": 0.4485311508178711, "alpha_mse": [4.971658917796024, 0.0], "prob_mse": [0.4087255811652982, 0.0], "adv_type": "random_noise", "dataset": "enron", "sample_size": 1, "test_ratio": 0.3, "T": 10, "realization": 0, "beta_mse": [4.996389356019389, 0.0], "attack_edge": 10000, "u_mse": [0.11734592936986843, 0.0], "d_mse": [0.4163657796682824, 0.4163657796682824], "gamma": 0.3, "swap_ratio": 0.01}
{"acc": [0.5048961273161269, 0.0], "network_size": 67392, "b_mse": [0.414626405513239, 0.414626405513239], "runtime": 0.45272088050842285, "alpha_mse": [4.975516866158868, 0.0], "prob_mse": [0.4076749629043426, 0.0], "adv_type": "random_noise", "dataset": "enron", "sample_size": 1, "test_ratio": 0.3, "T": 10, "realization": 0, "beta_mse": [4.97670392719359, 0.0], "attack_edge": 10000, "u_mse": [0.1202959173579413, 0.0], "d_mse": [0.4147253272661325, 0.4147253272661325], "gamma": 0.4, "swap_ratio": 0.01}
{"acc": [0.5006424961494745, 0.0], "network_size": 67392, "b_mse": [0.41421835328255346, 0.41421835328255346], "runtime": 0.4467649459838867, "alpha_mse": [4.970620239390642, 0.0], "prob_mse": [0.4086481682988755, 0.0], "adv_type": "random_noise", "dataset": "enron", "sample_size": 1, "test_ratio": 0.3, "T": 10, "realization": 0, "beta_mse": [4.99772479968345, 0.0], "attack_edge": 10000, "u_mse": [0.11921837683535182, 0.0], "d_mse": [0.41647706664028755, 0.41647706664028755], "gamma": 0.5, "swap_ratio": 0.01}
{"acc": [0.5036914792326656, 0.0], "network_size": 164336, "b_mse": [0.41482082488167676, 0.41482082488167676], "runtime": 1.0937349796295166, "alpha_mse": [4.977849898580121, 0.0], "prob_mse": [0.40809210682893843, 0.0], "adv_type": "random_noise", "dataset": "slashdot", "sample_size": 1, "test_ratio": 0.3, "T": 10, "realization": 0, "beta_mse": [4.9728600405679515, 0.0], "attack_edge": 10000, "u_mse": [0.11939292958562735, 0.0], "d_mse": [0.41440500338066255, 0.41440500338066255], "gamma": 0.0, "swap_ratio": 0.01}
{"acc": [0.49884361101679064, 0.0], "network_size": 164336, "b_mse": [0.4169033130493576, 0.4169033130493576], "runtime": 1.1097688674926758, "alpha_mse": [5.002839756592292, 0.0], "prob_mse": [0.41065782691007435, 0.0], "adv_type": "random_noise", "dataset": "slashdot", "sample_size": 1, "test_ratio": 0.3, "T": 10, "realization": 0, "beta_mse": [5.020892494929006, 0.0], "attack_edge": 10000, "u_mse": [0.1195088380179658, 0.0], "d_mse": [0.4184077079107505, 0.4184077079107505], "gamma": 0.01, "swap_ratio": 0.01}
{"acc": [0.49746430123152074, 0.0], "network_size": 164336, "b_mse": [0.42105814739688974, 0.42105814739688974], "runtime": 1.098855972290039, "alpha_mse": [5.052697768762678, 0.0], "prob_mse": [0.41364428532792413, 0.0], "adv_type": "random_noise", "dataset": "slashdot", "sample_size": 1, "test_ratio": 0.3, "T": 10, "realization": 0, "beta_mse": [5.037931034482758, 0.0], "attack_edge": 10000, "u_mse": [0.12042886119965227, 0.0], "d_mse": [0.41982758620689653, 0.41982758620689653], "gamma": 0.03, "swap_ratio": 0.01}
{"acc": [0.5016833664570521, 0.0], "network_size": 164336, "b_mse": [0.41808485463150774, 0.41808485463150774], "runtime": 1.0996201038360596, "alpha_mse": [5.017018255578093, 0.0], "prob_mse": [0.410884647734956, 0.0], "adv_type": "random_noise", "dataset": "slashdot", "sample_size": 1, "test_ratio": 0.3, "T": 10, "realization": 0, "beta_mse": [5.000993914807302, 0.0], "attack_edge": 10000, "u_mse": [0.11947261663286005, 0.0], "d_mse": [0.4167494929006084, 0.4167494929006084], "gamma": 0.05, "swap_ratio": 0.01}
{"acc": [0.5032249479817655, 0.0], "network_size": 164336, "b_mse": [0.41887254901960785, 0.41887254901960785], "runtime": 1.0980150699615479, "alpha_mse": [5.026470588235294, 0.0], "prob_mse": [0.41066993103448274, 0.0], "adv_type": "random_noise", "dataset": "slashdot", "sample_size": 1, "test_ratio": 0.3, "T": 10, "realization": 0, "beta_mse": [4.984279918864098, 0.0], "attack_edge": 10000, "u_mse": [0.11910315850478122, 0.0], "d_mse": [0.41535665990534143, 0.41535665990534143], "gamma": 0.07, "swap_ratio": 0.01}
{"acc": [0.5006894520529606, 0.0], "network_size": 164336, "b_mse": [0.41875760649087224, 0.41875760649087224], "runtime": 1.1019790172576904, "alpha_mse": [5.025091277890467, 0.0], "prob_mse": [0.4114407748478701, 0.0], "adv_type": "random_noise",