{"acc": [0.8935569838532685, 0.0], "network_size": 8078, "b_mse": [0.0886963696369637, 0.0886963696369637], "runtime": 166.35202980041504, "alpha_mse": [1.064356435643565, 0.0], "prob_mse": [0.08878234323432341, 0.0], "adv_type": "random_noise", "dataset": "facebook", "sample_size": 1, "test_ratio": 0.3, "T": 10, "realization": 0, "beta_mse": [1.064356435643565, 0.0], "attack_edge": 10000, "u_mse": [0.0, 0.0], "d_mse": [0.0886963696369637, 0.0886963696369637], "gamma": 0.0, "swap_ratio": 0.01}
{"acc": [0.3692213760612536, 0.0], "network_size": 8078, "b_mse": [0.525508800880088, 0.525508800880088], "runtime": 498.1991558074951, "alpha_mse": [6.3061056105610565, 0.0], "prob_mse": [0.5255272827282728, 0.0], "adv_type": "random_noise", "dataset": "facebook", "sample_size": 1, "test_ratio": 0.3, "T": 10, "realization": 0, "beta_mse": [6.3061056105610565, 0.0], "attack_edge": 10000, "u_mse": [0.0, 0.0], "d_mse": [0.525508800880088, 0.525508800880088], "gamma": 0.01, "swap_ratio": 0.01}
{"acc": [0.3754094438164702, 0.0], "network_size": 8078, "b_mse": [0.5210739823982398, 0.5210739823982398], "runtime": 487.81216311454773, "alpha_mse": [6.252887788778879, 0.0], "prob_mse": [0.5210931243124312, 0.0], "adv_type": "random_noise", "dataset": "facebook", "sample_size": 1, "test_ratio": 0.3, "T": 10, "realization": 0, "beta_mse": [6.252887788778878, 0.0], "attack_edge": 10000, "u_mse": [0.0, 0.0], "d_mse": [0.5210739823982398, 0.5210739823982398], "gamma": 0.03, "swap_ratio": 0.01}
{"acc": [0.37953482231994784, 0.0], "network_size": 8078, "b_mse": [0.5177392739273927, 0.5177392739273927], "runtime": 495.10893988609314, "alpha_mse": [6.2128712871287135, 0.0], "prob_mse": [0.5177585808580858, 0.0], "adv_type": "random_noise", "dataset": "facebook", "sample_size": 1, "test_ratio": 0.3, "T": 10, "realization": 0, "beta_mse": [6.212871287128713, 0.0], "attack_edge": 10000, "u_mse": [0.0, 0.0], "d_mse": [0.5177392739273927, 0.5177392739273927], "gamma": 0.05, "swap_ratio": 0.01}
{"acc": [0.38407273867377334, 0.0], "network_size": 8078, "b_mse": [0.5141639163916392, 0.5141639163916392], "runtime": 485.9109570980072, "alpha_mse": [6.169966996699671, 0.0], "prob_mse": [0.5141836358635864, 0.0], "adv_type": "random_noise", "dataset": "facebook", "sample_size": 1, "test_ratio": 0.3, "T": 10, "realization": 0, "beta_mse": [6.16996699669967, 0.0], "attack_edge": 10000, "u_mse": [0.0, 0.0], "d_mse": [0.5141639163916392, 0.5141639163916392], "gamma": 0.07, "swap_ratio": 0.01}
{"acc": [0.38613542792551214, 0.0], "network_size": 8078, "b_mse": [0.5134419691969198, 0.5134419691969198], "runtime": 490.5653450489044, "alpha_mse": [6.161303630363037, 0.0], "prob_mse": [0.5134618536853685, 0.0], "adv_type": "random_noise", "dataset": "facebook", "sample_size": 1, "test_ratio": 0.3, "T": 10, "realization": 0, "beta_mse": [6.161303630363037, 0.0], "attack_edge": 10000, "u_mse": [0.0, 0.0], "d_mse": [0.5134419691969198, 0.5134419691969198], "gamma": 0.09, "swap_ratio": 0.01}
{"acc": [0.39314857138142423, 0.0], "network_size": 8078, "b_mse": [0.5065662816281629, 0.5065662816281629], "runtime": 498.3616449832916, "alpha_mse": [6.078795379537954, 0.0], "prob_mse": [0.506586908690869, 0.0], "adv_type": "random_noise", "dataset": "facebook", "sample_size": 1, "test_ratio": 0.3, "T": 10, "realization": 0, "beta_mse": [6.0787953795379535, 0.0], "attack_edge": 10000, "u_mse": [0.0, 0.0], "d_mse": [0.5065662816281629, 0.5065662816281629], "gamma": 0.2, "swap_ratio": 0.01}
{"acc": [0.39727394988490194, 0.0], "network_size": 8078, "b_mse": [0.5017876787678768, 0.5017876787678768], "runtime": 501.1019220352173, "alpha_mse": [6.021452145214522, 0.0], "prob_mse": [0.5018089658965896, 0.0], "adv_type": "random_noise", "dataset": "facebook", "sample_size": 1, "test_ratio": 0.3, "T": 10, "realization": 0, "beta_mse": [6.021452145214521, 0.0], "attack_edge": 10000, "u_mse": [0.0, 0.0], "d_mse": [0.5017876787678769, 0.5017876787678769], "gamma": 0.3, "swap_ratio": 0.01}
{"acc": [0.40923754754498726, 0.0], "network_size": 8078, "b_mse": [0.4916804180418041, 0.4916804180418041], "runtime": 499.77419805526733, "alpha_mse": [5.900165016501651, 0.0], "prob_mse": [0.49170277777777766, 0.0], "adv_type": "random_noise", "dataset": "facebook", "sample_size": 1, "test_ratio": 0.3, "T": 10, "realization": 0, "beta_mse": [5.90016501650165, 0.0], "attack_edge": 10000, "u_mse": [0.0, 0.0], "d_mse": [0.4916804180418041, 0.4916804180418041], "gamma": 0.4, "swap_ratio": 0.01}
