{"acc": [0.8865438403973565, 0.0], "network_size": 8078, "b_mse": [0.09189356435643564, 0.09189356435643564], "runtime": 195.89751386642456, "alpha_mse": [1.1027227722772284, 0.0], "prob_mse": [0.09198019801980198, 0.0], "adv_type": "random_pgd", "dataset": "facebook", "sample_size": 1, "test_ratio": 0.3, "T": 10, "realization": 0, "beta_mse": [1.1027227722772284, 0.0], "attack_edge": 10000, "u_mse": [0.0, 0.0], "d_mse": [0.09189356435643566, 0.09189356435643566], "gamma": 0.0, "swap_ratio": 0.01}
{"acc": [0.5008209503221921, 0.0], "network_size": 8078, "b_mse": [0.417251100110011, 0.417251100110011], "runtime": 66.57613205909729, "alpha_mse": [5.007013201320133, 0.0], "prob_mse": [0.4172438393839384, 0.0], "adv_type": "random_pgd", "dataset": "facebook", "sample_size": 1, "test_ratio": 0.3, "T": 10, "realization": 0, "beta_mse": [5.007013201320132, 0.0], "attack_edge": 10000, "u_mse": [0.0, 0.0], "d_mse": [0.417251100110011, 0.417251100110011], "gamma": 0.01, "swap_ratio": 0.01}
{"acc": [0.5008209503221921, 0.0], "network_size": 8078, "b_mse": [0.417251100110011, 0.417251100110011], "runtime": 64.11719489097595, "alpha_mse": [5.007013201320133, 0.0], "prob_mse": [0.4172438393839384, 0.0], "adv_type": "random_pgd", "dataset": "facebook", "sample_size": 1, "test_ratio": 0.3, "T": 10, "realization": 0, "beta_mse": [5.007013201320132, 0.0], "attack_edge": 10000, "u_mse": [0.0, 0.0], "d_mse": [0.417251100110011, 0.417251100110011], "gamma": 0.03, "swap_ratio": 0.01}
{"acc": [0.5008209503221921, 0.0], "network_size": 8078, "b_mse": [0.417251100110011, 0.417251100110011], "runtime": 66.55973887443542, "alpha_mse": [5.007013201320133, 0.0], "prob_mse": [0.4172438393839384, 0.0], "adv_type": "random_pgd", "dataset": "facebook", "sample_size": 1, "test_ratio": 0.3, "T": 10, "realization": 0, "beta_mse": [5.007013201320132, 0.0], "attack_edge": 10000, "u_mse": [0.0, 0.0], "d_mse": [0.417251100110011, 0.417251100110011], "gamma": 0.05, "swap_ratio": 0.01}
{"acc": [0.5008209503221921, 0.0], "network_size": 8078, "b_mse": [0.417251100110011, 0.417251100110011], "runtime": 66.16044497489929, "alpha_mse": [5.007013201320133, 0.0], "prob_mse": [0.4172438393839384, 0.0], "adv_type": "random_pgd", "dataset": "facebook", "sample_size": 1, "test_ratio": 0.3, "T": 10, "realization": 0, "beta_mse": [5.007013201320132, 0.0], "attack_edge": 10000, "u_mse": [0.0, 0.0], "d_mse": [0.417251100110011, 0.417251100110011], "gamma": 0.07, "swap_ratio": 0.01}
{"acc": [0.5008209503221921, 0.0], "network_size": 8078, "b_mse": [0.417251100110011, 0.417251100110011], "runtime": 65.38134407997131, "alpha_mse": [5.007013201320133, 0.0], "prob_mse": [0.4172438393839384, 0.0], "adv_type": "random_pgd", "dataset": "facebook", "sample_size": 1, "test_ratio": 0.3, "T": 10, "realization": 0, "beta_mse": [5.007013201320132, 0.0], "attack_edge": 10000, "u_mse": [0.0, 0.0], "d_mse": [0.417251100110011, 0.417251100110011], "gamma": 0.09, "swap_ratio": 0.01}
{"acc": [0.5008209503221921, 0.0], "network_size": 8078, "b_mse": [0.417251100110011, 0.417251100110011], "runtime": 66.55772399902344, "alpha_mse": [5.007013201320133, 0.0], "prob_mse": [0.4172438393839384, 0.0], "adv_type": "random_pgd", "dataset": "facebook", "sample_size": 1, "test_ratio": 0.3, "T": 10, "realization": 0, "beta_mse": [5.007013201320132, 0.0], "attack_edge": 10000, "u_mse": [0.0, 0.0], "d_mse": [0.417251100110011, 0.417251100110011], "gamma": 0.2, "swap_ratio": 0.01}
{"acc": [0.5008209503221921, 0.0], "network_size": 8078, "b_mse": [0.417251100110011, 0.417251100110011], "runtime": 65.17592406272888, "alpha_mse": [5.007013201320133, 0.0], "prob_mse": [0.4172438393839384, 0.0], "adv_type": "random_pgd", "dataset": "facebook", "sample_size": 1, "test_ratio": 0.3, "T": 10, "realization": 0, "beta_mse": [5.007013201320132, 0.0], "attack_edge": 10000, "u_mse": [0.0, 0.0], "d_mse": [0.417251100110011, 0.417251100110011], "gamma": 0.3, "swap_ratio": 0.01}
{"acc": [0.5008209503221921, 0.0], "network_size": 8078, "b_mse": [0.417251100110011, 0.417251100110011], "runtime": 66.20138907432556, "alpha_mse": [5.007013201320133, 0.0], "prob_mse": [0.4172438393839384, 0.0], "adv_type": "random_pgd", "dataset": "facebook", "sample_size": 1, "test_ratio": 0.3, "T": 10, "realization": 0, "beta_mse": [5.007013201320132, 0.0], "attack_edge": 10000, "u_mse": [0.0, 0.0], "d_mse": [0.417251100110011, 0.417251100110011], "gamma": 0.4, "swap_ratio": 0.01}
