{"acc": [0.8664547764815743, 0.0], "network_size": 67392, "b_mse": [0.11122102416988164, 0.11122102416988164], "runtime": 601.4968218803406, "alpha_mse": [1.33465229003858, 0.0], "prob_mse": [0.11130932172651428, 0.0], "adv_type": "random_pgd", "dataset": "enron", "sample_size": 1, "test_ratio": 0.3, "T": 10, "realization": 0, "beta_mse": [1.3346522900385802, 0.0], "attack_edge": 10000, "u_mse": [0.0, 0.0], "d_mse": [0.11122102416988164, 0.11122102416988164], "gamma": 0.0, "swap_ratio": 0.01}
{"acc": [0.4999995053917248, 0.0], "network_size": 67392, "b_mse": [0.41946120618590693, 0.41946120618590693], "runtime": 1405.369920015335, "alpha_mse": [5.033534474230883, 0.0], "prob_mse": [0.4194717908134664, 0.0], "adv_type": "random_pgd", "dataset": "enron", "sample_size": 1, "test_ratio": 0.3, "T": 10, "realization": 0, "beta_mse": [5.033534474230883, 0.0], "attack_edge": 10000, "u_mse": [0.0, 0.0], "d_mse": [0.41946120618590693, 0.41946120618590693], "gamma": 0.01, "swap_ratio": 0.01}
{"acc": [0.5021757818025702, 0.0], "network_size": 67392, "b_mse": [0.4175445972235961, 0.4175445972235961], "runtime": 1431.4182589054108, "alpha_mse": [5.0105351666831535, 0.0], "prob_mse": [0.4175551719589804, 0.0], "adv_type": "random_pgd", "dataset": "enron", "sample_size": 1, "test_ratio": 0.3, "T": 10, "realization": 0, "beta_mse": [5.0105351666831535, 0.0], "attack_edge": 10000, "u_mse": [0.0, 0.0], "d_mse": [0.4175445972235961, 0.4175445972235961], "gamma": 0.03, "swap_ratio": 0.01}
{"acc": [0.5056875005564343, 0.0], "network_size": 67392, "b_mse": [0.4147500577043558, 0.4147500577043558], "runtime": 1439.6124691963196, "alpha_mse": [4.97700069245227, 0.0], "prob_mse": [0.4147606027632142, 0.0], "adv_type": "random_pgd", "dataset": "enron", "sample_size": 1, "test_ratio": 0.3, "T": 10, "realization": 0, "beta_mse": [4.97700069245227, 0.0], "attack_edge": 10000, "u_mse": [0.0, 0.0], "d_mse": [0.4147500577043558, 0.4147500577043558], "gamma": 0.05, "swap_ratio": 0.01}
{"acc": [0.5068250995893762, 0.0], "network_size": 67392, "b_mse": [0.4138144227915719, 0.4138144227915719], "runtime": 1415.8537440299988, "alpha_mse": [4.9657730734988625, 0.0], "prob_mse": [0.4138249579582549, 0.0], "adv_type": "random_pgd", "dataset": "enron", "sample_size": 1, "test_ratio": 0.3, "T": 10, "realization": 0, "beta_mse": [4.9657730734988625, 0.0], "attack_edge": 10000, "u_mse": [0.0, 0.0], "d_mse": [0.4138144227915719, 0.4138144227915719], "gamma": 0.07, "swap_ratio": 0.01}
{"acc": [0.5073691686920876, 0.0], "network_size": 67392, "b_mse": [0.41330332706828893, 0.41330332706828893], "runtime": 1409.2704639434814, "alpha_mse": [4.959639924819467, 0.0], "prob_mse": [0.4133138820193226, 0.0], "adv_type": "random_pgd", "dataset": "enron", "sample_size": 1, "test_ratio": 0.3, "T": 10, "realization": 0, "beta_mse": [4.959639924819467, 0.0], "attack_edge": 10000, "u_mse": [0.0, 0.0], "d_mse": [0.41330332706828893, 0.41330332706828893], "gamma": 0.09, "swap_ratio": 0.01}
{"acc": [0.513057163856797, 0.0], "network_size": 67392, "b_mse": [0.40864576120288854, 0.40864576120288854], "runtime": 1493.3805379867554, "alpha_mse": [4.903749134434662, 0.0], "prob_mse": [0.4086567019487584, 0.0], "adv_type": "random_pgd", "dataset": "enron", "sample_size": 1, "test_ratio": 0.3, "T": 10, "realization": 0, "beta_mse": [4.903749134434662, 0.0], "attack_edge": 10000, "u_mse": [0.0, 0.0], "d_mse": [0.40864576120288854, 0.40864576120288854], "gamma": 0.2, "swap_ratio": 0.01}
{"acc": [0.5169151084032957, 0.0], "network_size": 67392, "b_mse": [0.40549263032940935, 0.40549263032940935], "runtime": 1475.7128429412842, "alpha_mse": [4.865911563952913, 0.0], "prob_mse": [0.4055037788109604, 0.0], "adv_type": "random_pgd", "dataset": "enron", "sample_size": 1, "test_ratio": 0.3, "T": 10, "realization": 0, "beta_mse": [4.865911563952913, 0.0], "attack_edge": 10000, "u_mse": [0.0, 0.0], "d_mse": [0.40549263032940935, 0.40549263032940935], "gamma": 0.3, "swap_ratio": 0.01}
{"acc": [0.5190419239866219, 0.0], "network_size": 67392, "b_mse": [0.40374089095525434, 0.40374089095525434], "runtime": 1399.2752499580383, "alpha_mse": [4.8448906914630525, 0.0], "prob_mse": [0.4037522768490124, 0.0], "adv_type": "random_pgd", "dataset": "enron", "sample_size": 1, "test_ratio": 0.3, "T": 10, "realization": 0, "beta_mse": [4.8448906914630525, 0.0], "attack_edge": 10000, "u_mse": [0.0, 0.0], "d_mse": [0.40374089095525434, 0.40374089095525434], "gamma": 0.4, "swap_ratio": 0.01}
