{"acc": [0.999000999000999, 0.0], "network_size": 8078, "perturbation": 0.0, "runtime": 324.45234084129333, "alpha_mse": [1.0658141036401502e-15, 0.0], "prob_mse": [9.999999999998899e-05, 0.0], "adv_type": "structure", "dataset": "facebook", "sample_size": 1, "test_ratio": 0.3, "b_mse": [0.0, 0.0], "T": 10, "realization": 0, "beta_mse": [7.105427357601002e-16, 0.0], "attack_edge": 10000, "u_mse": [0.0, 0.0], "d_mse": [0.0, 0.0], "swap_ratio": 0.01}
{"acc": [0.999000999000999, 0.0], "network_size": 8078, "perturbation": 5, "runtime": 323.49441504478455, "alpha_mse": [1.0658141036401502e-15, 0.0], "prob_mse": [9.999999999998899e-05, 0.0], "adv_type": "structure", "dataset": "facebook", "sample_size": 1, "test_ratio": 0.3, "b_mse": [0.0, 0.0], "T": 10, "realization": 0, "beta_mse": [7.105427357601002e-16, 0.0], "attack_edge": 10000, "u_mse": [0.0, 0.0], "d_mse": [0.0, 0.0], "swap_ratio": 0.01}
{"acc": [0.999000999000999, 0.0], "network_size": 8078, "perturbation": 10, "runtime": 323.0854880809784, "alpha_mse": [1.0658141036401502e-15, 0.0], "prob_mse": [9.999999999998899e-05, 0.0], "adv_type": "structure", "dataset": "facebook", "sample_size": 1, "test_ratio": 0.3, "b_mse": [0.0, 0.0], "T": 10, "realization": 0, "beta_mse": [7.105427357601002e-16, 0.0], "attack_edge": 10000, "u_mse": [0.0, 0.0], "d_mse": [0.0, 0.0], "swap_ratio": 0.01}
{"acc": [0.9490509490509491, 0.0], "network_size": 8078, "perturbation": 20, "runtime": 424.2609260082245, "alpha_mse": [0.5000000000000011, 0.0], "prob_mse": [0.04175666666666665, 0.0], "adv_type": "structure", "dataset": "facebook", "sample_size": 1, "test_ratio": 0.3, "b_mse": [0.04166666666666667, 0.04166666666666667], "T": 10, "realization": 0, "beta_mse": [0.5000000000000007, 0.0], "attack_edge": 10000, "u_mse": [0.0, 0.0], "d_mse": [0.04166666666666667, 0.04166666666666667], "swap_ratio": 0.01}
{"acc": [0.9490509490509491, 0.0], "network_size": 8078, "perturbation": 30, "runtime": 393.86210799217224, "alpha_mse": [0.5000000000000011, 0.0], "prob_mse": [0.04175666666666665, 0.0], "adv_type": "structure", "dataset": "facebook", "sample_size": 1, "test_ratio": 0.3, "b_mse": [0.04166666666666667, 0.04166666666666667], "T": 10, "realization": 0, "beta_mse": [0.5000000000000007, 0.0], "attack_edge": 10000, "u_mse": [0.0, 0.0], "d_mse": [0.04166666666666667, 0.04166666666666667], "swap_ratio": 0.01}
{"acc": [0.8991008991008991, 0.0], "network_size": 8078, "perturbation": 40, "runtime": 324.69832611083984, "alpha_mse": [1.000000000000001, 0.0], "prob_mse": [0.08343333333333332, 0.0], "adv_type": "structure", "dataset": "facebook", "sample_size": 1, "test_ratio": 0.3, "b_mse": [0.08333333333333334, 0.08333333333333334], "T": 10, "realization": 0, "beta_mse": [1.0000000000000007, 0.0], "attack_edge": 10000, "u_mse": [0.0, 0.0], "d_mse": [0.08333333333333334, 0.08333333333333334], "swap_ratio": 0.01}
{"acc": [0.8991008991008991, 0.0], "network_size": 8078, "perturbation": 50, "runtime": 319.9666759967804, "alpha_mse": [1.000000000000001, 0.0], "prob_mse": [0.08343333333333332, 0.0], "adv_type": "structure", "dataset": "facebook", "sample_size": 1, "test_ratio": 0.3, "b_mse": [0.08333333333333334, 0.08333333333333334], "T": 10, "realization": 0, "beta_mse": [1.0000000000000007, 0.0], "attack_edge": 10000, "u_mse": [0.0, 0.0], "d_mse": [0.08333333333333334, 0.08333333333333334], "swap_ratio": 0.01}
{"acc": [0.8491508491508492, 0.0], "network_size": 8078, "perturbation": 60, "runtime": 318.74511098861694, "alpha_mse": [1.500000000000001, 0.0], "prob_mse": [0.12509999999999993, 0.0], "adv_type": "structure", "dataset": "facebook", "sample_size": 1, "test_ratio": 0.3, "b_mse": [0.125, 0.125], "T": 10, "realization": 0, "beta_mse": [1.5000000000000004, 0.0], "attack_edge": 10000, "u_mse": [0.0, 0.0], "d_mse": [0.125, 0.125], "swap_ratio": 0.01}
{"acc": [0.8491508491508492, 0.0], "network_size": 8078, "perturbation": 70, "runtime": 321.0759210586548, "alpha_mse": [1.500000000000001, 0.0], "prob_mse": [0.12509999999999993, 0.0], "adv_type": "structure", "dataset": "facebook", "sample_size": 1, "test_ratio": 0.3, "b_mse": [0.125, 0.125], "T": 10, "realization": 0, "beta_mse": [1.5000000000000004, 0.0], "attack_edge": 10000, "u_mse": [0.0, 0.0], "d_mse": [0.125, 0.125], "swap_ratio": 0.01}
{"acc": [0.8491508491508492, 0.0], "network_size": 8078, "perturbation": 80, "runtime": 320.07379388809204, "alpha_mse": [1.500000000000001, 0.0], "prob_mse": [0.12509999999999993, 0.0], "adv_type": "structure", "dataset": "facebook", "sample_size": 1, "test_ratio": 0.3, "b_mse": [0.125, 0.125], "T": 10, "realization": 0, "beta_mse": [1.5000000000000004, 0.0], "attack_edge": 10000, "u_mse": [0.0, 0.0], "d_mse": [0.125, 0.125], "swap_ratio": 0.01}
{"acc": [0.8491508491508492, 0.0], "network_size": 8078, "perturbation": 90, "runtime": 320.4631061553955, "alpha_mse": [1.500000000000001, 0.0], "prob_mse": [0.12509999999999993, 0.0], "adv_type": "structure", "dataset": "facebook", "sample_size": 1, "test_ratio": 0.3, "b_mse": [0.125, 0.125], "T": 10, "realization": 0, "beta_mse": [1.5000000000000004, 0.0], "attack_edge": 10000, "u_mse": [0.0, 0.0], "d_mse": [0.125, 0.125], "swap_ratio": 0.01}
{"acc": [0.8491508491508492, 0.0], "network_size": 8078, "perturbation": 100, "runtime": 319.90075302124023, "alpha_mse": [1.500000000000001, 0.0], "prob_mse": [0.12509999999999993, 0.0], "adv_type": "structure", "dataset": "facebook", "sample_size": 1, "test_ratio": 0.3, "b_mse": [0.125, 0.125], "T": 10, "realization": 0, "beta_mse": [1.5000000000000004, 0.0], "attack_edge": 10000, "u_mse": [0.0, 0.0], "d_mse": [0.125, 0.125], "swap_ratio": 0.01}
