{"acc": [0.8746041076656763, 0.0], "network_size": 164336, "b_mse": [0.10510649087221097, 0.10510649087221097], "runtime": 2391.2700901031494, "alpha_mse": [1.2612778904665318, 0.0], "prob_mse": [0.10519708722109529, 0.0], "adv_type": "random_pgd_csl", "dataset": "slashdot", "sample_size": 1, "test_ratio": 0.3, "T": 10, "realization": 0, "beta_mse": [1.261277890466532, 0.0], "attack_edge": 10000, "u_mse": [0.0, 0.0], "d_mse": [0.10510649087221097, 0.10510649087221097], "gamma": 0.0, "swap_ratio": 0.01}
{"acc": [0.5048679493436311, 0.0], "network_size": 164336, "b_mse": [0.4145148749154834, 0.4145148749154834], "runtime": 2789.7804839611053, "alpha_mse": [4.974178498985801, 0.0], "prob_mse": [0.4145340513860716, 0.0], "adv_type": "random_pgd_csl", "dataset": "slashdot", "sample_size": 1, "test_ratio": 0.3, "T": 10, "realization": 0, "beta_mse": [4.974178498985801, 0.0], "attack_edge": 10000, "u_mse": [0.0, 0.0], "d_mse": [0.4145148749154834, 0.4145148749154834], "gamma": 0.01, "swap_ratio": 0.01}
{"acc": [0.5082959398393753, 0.0], "network_size": 164336, "b_mse": [0.41166835699797155, 0.41166835699797155], "runtime": 2760.8496310710907, "alpha_mse": [4.9400202839756595, 0.0], "prob_mse": [0.41168749290060846, 0.0], "adv_type": "random_pgd_csl", "dataset": "slashdot", "sample_size": 1, "test_ratio": 0.3, "T": 10, "realization": 0, "beta_mse": [4.9400202839756595, 0.0], "attack_edge": 10000, "u_mse": [0.0, 0.0], "d_mse": [0.41166835699797155, 0.41166835699797155], "gamma": 0.03, "swap_ratio": 0.01}
{"acc": [0.5117847822374109, 0.0], "network_size": 164336, "b_mse": [0.40877789046653135, 0.40877789046653135], "runtime": 2798.4711220264435, "alpha_mse": [4.905334685598377, 0.0], "prob_mse": [0.4087971399594319, 0.0], "adv_type": "random_pgd_csl", "dataset": "slashdot", "sample_size": 1, "test_ratio": 0.3, "T": 10, "realization": 0, "beta_mse": [4.905334685598377, 0.0], "attack_edge": 10000, "u_mse": [0.0, 0.0], "d_mse": [0.40877789046653135, 0.40877789046653135], "gamma": 0.09, "swap_ratio": 0.01}
{"acc": [0.510730015931028, 0.0], "network_size": 164336, "b_mse": [0.4096889790398918, 0.4096889790398918], "runtime": 2774.522752046585, "alpha_mse": [4.916267748478702, 0.0], "prob_mse": [0.40970818390804586, 0.0], "adv_type": "random_pgd_csl", "dataset": "slashdot", "sample_size": 1, "test_ratio": 0.3, "T": 10, "realization": 0, "beta_mse": [4.916267748478702, 0.0], "attack_edge": 10000, "u_mse": [0.0, 0.0], "d_mse": [0.4096889790398918, 0.4096889790398918], "gamma": 0.05, "swap_ratio": 0.01}
{"acc": [0.5162878230069683, 0.0], "network_size": 164336, "b_mse": [0.40497802569303576, 0.40497802569303576], "runtime": 2826.902829885483, "alpha_mse": [4.85973630831643, 0.0], "prob_mse": [0.4049976078431372, 0.0], "adv_type": "random_pgd_csl", "dataset": "slashdot", "sample_size": 1, "test_ratio": 0.3, "T": 10, "realization": 0, "beta_mse": [4.85973630831643, 0.0], "attack_edge": 10000, "u_mse": [0.0, 0.0], "d_mse": [0.40497802569303576, 0.40497802569303576], "gamma": 0.2, "swap_ratio": 0.01}
{"acc": [0.5113993868562324, 0.0], "network_size": 164336, "b_mse": [0.4091108857336038, 0.4091108857336038], "runtime": 2757.9749591350555, "alpha_mse": [4.909330628803246, 0.0], "prob_mse": [0.40913009871534806, 0.0], "adv_type": "random_pgd_csl", "dataset": "slashdot", "sample_size": 1, "test_ratio": 0.3, "T": 10, "realization": 0, "beta_mse": [4.909330628803246, 0.0], "attack_edge": 10000, "u_mse": [0.0, 0.0], "d_mse": [0.4091108857336038, 0.4091108857336038], "gamma": 0.07, "swap_ratio": 0.01}
{"acc": [0.520567740134791, 0.0], "network_size": 164336, "b_mse": [0.40141480730223117, 0.40141480730223117], "runtime": 2837.165506839752, "alpha_mse": [4.816977687626775, 0.0], "prob_mse": [0.4014347464503042, 0.0], "adv_type": "random_pgd_csl", "dataset": "slashdot", "sample_size": 1, "test_ratio": 0.3, "T": 10, "realization": 0, "beta_mse": [4.816977687626775, 0.0], "attack_edge": 10000, "u_mse": [0.0, 0.0], "d_mse": [0.40141480730223117, 0.40141480730223117], "gamma": 0.3, "swap_ratio": 0.01}
{"acc": [0.5240362985653961, 0.0], "network_size": 164336, "b_mse": [0.3985412440838404, 0.3985412440838404], "runtime": 2800.0243849754333, "alpha_mse": [4.782494929006085, 0.0], "prob_mse": [0.39856166193373893, 0.0], "adv_type": "random_pgd_csl", "dataset": "slashdot", "sample_size": 1, "test_ratio": 0.3, "T": 10, "realization": 0, "beta_mse": [4.782494929006085, 0.0], "attack_edge": 10000, "u_mse": [0.0, 0.0], "d_mse": [0.3985412440838404, 0.3985412440838404], "gamma": 0.4, "swap_ratio": 0.01}
