{"acc": [0.8726568467923542, 0.0], "network_size": 164336, "b_mse": [0.10600405679513185, 0.10600405679513185], "runtime": 2429.7660760879517, "alpha_mse": [1.2720486815415826, 0.0], "prob_mse": [0.10609445841784985, 0.0], "adv_type": "random_pgd", "dataset": "slashdot", "sample_size": 1, "test_ratio": 0.3, "T": 10, "realization": 0, "beta_mse": [1.2720486815415828, 0.0], "attack_edge": 10000, "u_mse": [0.0, 0.0], "d_mse": [0.10600405679513185, 0.10600405679513185], "gamma": 0.0, "swap_ratio": 0.01}
