{"acc": [0.8935569838532685, 0.0], "network_size": 8078, "b_mse": [0.0893495599559956, 0.0893495599559956], "runtime": 249.11840295791626, "alpha_mse": [1.0721947194719479, 0.0], "prob_mse": [0.08943470847084707, 0.0], "adv_type": "random_pgd_gcn_vae", "dataset": "facebook", "sample_size": 1, "test_ratio": 0.3, "T": 10, "realization": 0, "beta_mse": [1.0721947194719479, 0.0], "attack_edge": 10000, "u_mse": [0.0, 0.0], "d_mse": [0.0893495599559956, 0.0893495599559956], "gamma": 0.0, "swap_ratio": 0.01}
{"acc": [0.4975206475194099, 0.0], "network_size": 8078, "b_mse": [0.4214796479647965, 0.4214796479647965], "runtime": 60.828449010849, "alpha_mse": [5.057755775577559, 0.0], "prob_mse": [0.42146991199119904, 0.0], "adv_type": "random_pgd_gcn_vae", "dataset": "facebook", "sample_size": 1, "test_ratio": 0.3, "T": 10, "realization": 0, "beta_mse": [5.057755775577558, 0.0], "attack_edge": 10000, "u_mse": [0.0, 0.0], "d_mse": [0.4214796479647965, 0.4214796479647965], "gamma": 0.01, "swap_ratio": 0.01}
{"acc": [0.4975206475194099, 0.0], "network_size": 8078, "b_mse": [0.4214796479647965, 0.4214796479647965], "runtime": 66.36296081542969, "alpha_mse": [5.057755775577559, 0.0], "prob_mse": [0.42146991199119904, 0.0], "adv_type": "random_pgd_gcn_vae", "dataset": "facebook", "sample_size": 1, "test_ratio": 0.3, "T": 10, "realization": 0, "beta_mse": [5.057755775577558, 0.0], "attack_edge": 10000, "u_mse": [0.0, 0.0], "d_mse": [0.4214796479647965, 0.4214796479647965], "gamma": 0.03, "swap_ratio": 0.01}
{"acc": [0.4975206475194099, 0.0], "network_size": 8078, "b_mse": [0.4214796479647965, 0.4214796479647965], "runtime": 67.19065999984741, "alpha_mse": [5.057755775577559, 0.0], "prob_mse": [0.42146991199119904, 0.0], "adv_type": "random_pgd_gcn_vae", "dataset": "facebook", "sample_size": 1, "test_ratio": 0.3, "T": 10, "realization": 0, "beta_mse": [5.057755775577558, 0.0], "attack_edge": 10000, "u_mse": [0.0, 0.0], "d_mse": [0.4214796479647965, 0.4214796479647965], "gamma": 0.05, "swap_ratio": 0.01}
{"acc": [0.4975206475194099, 0.0], "network_size": 8078, "b_mse": [0.4214796479647965, 0.4214796479647965], "runtime": 65.97053980827332, "alpha_mse": [5.057755775577559, 0.0], "prob_mse": [0.42146991199119904, 0.0], "adv_type": "random_pgd_gcn_vae", "dataset": "facebook", "sample_size": 1, "test_ratio": 0.3, "T": 10, "realization": 0, "beta_mse": [5.057755775577558, 0.0], "attack_edge": 10000, "u_mse": [0.0, 0.0], "d_mse": [0.4214796479647965, 0.4214796479647965], "gamma": 0.07, "swap_ratio": 0.01}
{"acc": [0.4975206475194099, 0.0], "network_size": 8078, "b_mse": [0.4214796479647965, 0.4214796479647965], "runtime": 64.72811603546143, "alpha_mse": [5.057755775577559, 0.0], "prob_mse": [0.42146991199119904, 0.0], "adv_type": "random_pgd_gcn_vae", "dataset": "facebook", "sample_size": 1, "test_ratio": 0.3, "T": 10, "realization": 0, "beta_mse": [5.057755775577558, 0.0], "attack_edge": 10000, "u_mse": [0.0, 0.0], "d_mse": [0.4214796479647965, 0.4214796479647965], "gamma": 0.09, "swap_ratio": 0.01}
{"acc": [0.4975206475194099, 0.0], "network_size": 8078, "b_mse": [0.4214796479647965, 0.4214796479647965], "runtime": 64.633553981781, "alpha_mse": [5.057755775577559, 0.0], "prob_mse": [0.42146991199119904, 0.0], "adv_type": "random_pgd_gcn_vae", "dataset": "facebook", "sample_size": 1, "test_ratio": 0.3, "T": 10, "realization": 0, "beta_mse": [5.057755775577558, 0.0], "attack_edge": 10000, "u_mse": [0.0, 0.0], "d_mse": [0.4214796479647965, 0.4214796479647965], "gamma": 0.2, "swap_ratio": 0.01}
{"acc": [0.4975206475194099, 0.0], "network_size": 8078, "b_mse": [0.4214796479647965, 0.4214796479647965], "runtime": 65.16868805885315, "alpha_mse": [5.057755775577559, 0.0], "prob_mse": [0.42146991199119904, 0.0], "adv_type": "random_pgd_gcn_vae", "dataset": "facebook", "sample_size": 1, "test_ratio": 0.3, "T": 10, "realization": 0, "beta_mse": [5.057755775577558, 0.0], "attack_edge": 10000, "u_mse": [0.0, 0.0], "d_mse": [0.4214796479647965, 0.4214796479647965], "gamma": 0.3, "swap_ratio": 0.01}
{"acc": [0.4975206475194099, 0.0], "network_size": 8078, "b_mse": [0.4214796479647965, 0.4214796479647965], "runtime": 65.57443594932556, "alpha_mse": [5.057755775577559, 0.0], "prob_mse": [0.42146991199119904, 0.0], "adv_type": "random_pgd_gcn_vae", "dataset": "facebook", "sample_size": 1, "test_ratio": 0.3, "T": 10, "realization": 0, "beta_mse": [5.057755775577558, 0.0], "attack_edge": 10000, "u_mse": [0.0, 0.0], "d_mse": [0.4214796479647965, 0.4214796479647965], "gamma": 0.4, "swap_ratio": 0.01}
