{"acc": [0.8935569838532685, 0.0], "network_size": 8078, "b_mse": [0.0893495599559956, 0.0893495599559956], "runtime": 248.91810607910156, "alpha_mse": [1.0721947194719479, 0.0], "prob_mse": [0.08943470847084707, 0.0], "adv_type": "random_pgd_csl", "dataset": "facebook", "sample_size": 1, "test_ratio": 0.3, "T": 10, "realization": 0, "beta_mse": [1.0721947194719479, 0.0], "attack_edge": 10000, "u_mse": [0.0, 0.0], "d_mse": [0.0893495599559956, 0.0893495599559956], "gamma": 0.0, "swap_ratio": 0.01}
{"acc": [0.4975206475194099, 0.0], "network_size": 8078, "b_mse": [0.4214796479647965, 0.4214796479647965], "runtime": 64.86945915222168, "alpha_mse": [5.057755775577559, 0.0], "prob_mse": [0.42146991199119904, 0.0], "adv_type": "random_pgd_csl", "dataset": "facebook", "sample_size": 1, "test_ratio": 0.3, "T": 10, "realization": 0, "beta_mse": [5.057755775577558, 0.0], "attack_edge": 10000, "u_mse": [0.0, 0.0], "d_mse": [0.4214796479647965, 0.4214796479647965], "gamma": 0.01, "swap_ratio": 0.01}
{"acc": [0.4975206475194099, 0.0], "network_size": 8078, "b_mse": [0.4214796479647965, 0.4214796479647965], "runtime": 63.253392934799194, "alpha_mse": [5.057755775577559, 0.0], "prob_mse": [0.42146991199119904, 0.0], "adv_type": "random_pgd_csl", "dataset": "facebook", "sample_size": 1, "test_ratio": 0.3, "T": 10, "realization": 0, "beta_mse": [5.057755775577558, 0.0], "attack_edge": 10000, "u_mse": [0.0, 0.0], "d_mse": [0.4214796479647965, 0.4214796479647965], "gamma": 0.03, "swap_ratio": 0.01}
{"acc": [0.4975206475194099, 0.0], "network_size": 8078, "b_mse": [0.4214796479647965, 0.4214796479647965], "runtime": 66.61022996902466, "alpha_mse": [5.057755775577559, 0.0], "prob_mse": [0.42146991199119904, 0.0], "adv_type": "random_pgd_csl", "dataset": "facebook", "sample_size": 1, "test_ratio": 0.3, "T": 10, "realization": 0, "beta_mse": [5.057755775577558, 0.0], "attack_edge": 10000, "u_mse": [0.0, 0.0], "d_mse": [0.4214796479647965, 0.4214796479647965], "gamma": 0.05, "swap_ratio": 0.01}
{"acc": [0.4975206475194099, 0.0], "network_size": 8078, "b_mse": [0.4214796479647965, 0.4214796479647965], "runtime": 65.07030487060547, "alpha_mse": [5.057755775577559, 0.0], "prob_mse": [0.42146991199119904, 0.0], "adv_type": "random_pgd_csl", "dataset": "facebook", "sample_size": 1, "test_ratio": 0.3, "T": 10, "realization": 0, "beta_mse": [5.057755775577558, 0.0], "attack_edge": 10000, "u_mse": [0.0, 0.0], "d_mse": [0.4214796479647965, 0.4214796479647965], "gamma": 0.07, "swap_ratio": 0.01}
{"acc": [0.4975206475194099, 0.0], "network_size": 8078, "b_mse": [0.4214796479647965, 0.4214796479647965], "runtime": 66.2857518196106, "alpha_mse": [5.057755775577559, 0.0], "prob_mse": [0.42146991199119904, 0.0], "adv_type": "random_pgd_csl", "dataset": "facebook", "sample_size": 1, "test_ratio": 0.3, "T": 10, "realization": 0, "beta_mse": [5.057755775577558, 0.0], "attack_edge": 10000, "u_mse": [0.0, 0.0], "d_mse": [0.4214796479647965, 0.4214796479647965], "gamma": 0.09, "swap_ratio": 0.01}
{"acc": [0.4975206475194099, 0.0], "network_size": 8078, "b_mse": [0.4214796479647965, 0.4214796479647965], "runtime": 63.00777292251587, "alpha_mse": [5.057755775577559, 0.0], "prob_mse": [0.42146991199119904, 0.0], "adv_type": "random_pgd_csl", "dataset": "facebook", "sample_size": 1, "test_ratio": 0.3, "T": 10, "realization": 0, "beta_mse": [5.057755775577558, 0.0], "attack_edge": 10000, "u_mse": [0.0, 0.0], "d_mse": [0.4214796479647965, 0.4214796479647965], "gamma": 0.2, "swap_ratio": 0.01}
{"acc": [0.4975206475194099, 0.0], "network_size": 8078, "b_mse": [0.4214796479647965, 0.4214796479647965], "runtime": 65.14223599433899, "alpha_mse": [5.057755775577559, 0.0], "prob_mse": [0.42146991199119904, 0.0], "adv_type": "random_pgd_csl", "dataset": "facebook", "sample_size": 1, "test_ratio": 0.3, "T": 10, "realization": 0, "beta_mse": [5.057755775577558, 0.0], "attack_edge": 10000, "u_mse": [0.0, 0.0], "d_mse": [0.4214796479647965, 0.4214796479647965], "gamma": 0.3, "swap_ratio": 0.01}
{"acc": [0.4975206475194099, 0.0], "network_size": 8078, "b_mse": [0.4214796479647965, 0.4214796479647965], "runtime": 62.90456199645996, "alpha_mse": [5.057755775577559, 0.0], "prob_mse": [0.42146991199119904, 0.0], "adv_type": "random_pgd_csl", "dataset": "facebook", "sample_size": 1, "test_ratio": 0.3, "T": 10, "realization": 0, "beta_mse": [5.057755775577558, 0.0], "attack_edge": 10000, "u_mse": [0.0, 0.0], "d_mse": [0.4214796479647965, 0.4214796479647965], "gamma": 0.4, "swap_ratio": 0.01}
