{"acc": [0.839101987607363, 0.0], "network_size": 8078, "b_mse": [0.1314287678767877, 0.1314287678767877], "runtime": 945.8549828529358, "alpha_mse": [1.5771452145214528, 0.0], "prob_mse": [0.13151911441144112, 0.0], "adv_type": "random_pgd", "dataset": "facebook", "sample_size": 1, "test_ratio": 0.3, "T": 10, "realization": 0, "beta_mse": [1.5771452145214528, 0.0], "attack_edge": 10000, "u_mse": [0.0, 0.0], "d_mse": [0.1314287678767877, 0.1314287678767877], "gamma": 0.0, "swap_ratio": 0.01}
{"acc": [0.5466126517107944, 0.0], "network_size": 8078, "b_mse": [0.37568756875687565, 0.37568756875687565], "runtime": 1321.4673240184784, "alpha_mse": [4.508250825082508, 0.0], "prob_mse": [0.37578567106710675, 0.0], "adv_type": "random_pgd", "dataset": "facebook", "sample_size": 1, "test_ratio": 0.3, "T": 10, "realization": 0, "beta_mse": [4.508250825082509, 0.0], "attack_edge": 10000, "u_mse": [0.0, 0.0], "d_mse": [0.37568756875687565, 0.37568756875687565], "gamma": 0.01, "swap_ratio": 0.01}
{"acc": [0.7565528177338829, 0.0], "network_size": 67392, "b_mse": [0.20130576713819368, 0.20130576713819368], "runtime": 2305.798942089081, "alpha_mse": [2.4156692056583244, 0.0], "prob_mse": [0.20139429221485797, 0.0], "adv_type": "random_pgd", "dataset": "enron", "sample_size": 1, "test_ratio": 0.3, "T": 10, "realization": 0, "beta_mse": [2.4156692056583244, 0.0], "attack_edge": 10000, "u_mse": [0.0, 0.0], "d_mse": [0.20130576713819368, 0.20130576713819368], "gamma": 0.0, "swap_ratio": 0.01}
{"acc": [0.5577511736701842, 0.0], "network_size": 8078, "b_mse": [0.367024202420242, 0.367024202420242], "runtime": 1378.9740629196167, "alpha_mse": [4.404290429042904, 0.0], "prob_mse": [0.36712065456545656, 0.0], "adv_type": "random_pgd", "dataset": "facebook", "sample_size": 1, "test_ratio": 0.3, "T": 10, "realization": 0, "beta_mse": [4.404290429042905, 0.0], "attack_edge": 10000, "u_mse": [0.0, 0.0], "d_mse": [0.367024202420242, 0.367024202420242], "gamma": 0.03, "swap_ratio": 0.01}
{"acc": [0.7628597310913869, 0.0], "network_size": 164336, "b_mse": [0.19637254901960788, 0.19637254901960788], "runtime": 3559.193698167801, "alpha_mse": [2.356470588235294, 0.0], "prob_mse": [0.19646317782285325, 0.0], "adv_type": "random_pgd", "dataset": "slashdot", "sample_size": 1, "test_ratio": 0.3, "T": 10, "realization": 0, "beta_mse": [2.3564705882352945, 0.0], "attack_edge": 10000, "u_mse": [0.0, 0.0], "d_mse": [0.19637254901960788, 0.19637254901960788], "gamma": 0.0, "swap_ratio": 0.01}
{"acc": [0.5515631059149677, 0.0], "network_size": 8078, "b_mse": [0.3723528602860286, 0.3723528602860286], "runtime": 1304.8746449947357, "alpha_mse": [4.468234323432343, 0.0], "prob_mse": [0.37244939493949397, 0.0], "adv_type": "random_pgd", "dataset": "facebook", "sample_size": 1, "test_ratio": 0.3, "T": 10, "realization": 0, "beta_mse": [4.468234323432344, 0.0], "attack_edge": 10000, "u_mse": [0.0, 0.0], "d_mse": [0.3723528602860286, 0.3723528602860286], "gamma": 0.05, "swap_ratio": 0.01}
{"acc": [0.7080317459375349, 0.0], "network_size": 67392, "b_mse": [0.24078791176179642, 0.24078791176179642], "runtime": 2555.0647308826447, "alpha_mse": [2.8894549411415573, 0.0], "prob_mse": [0.24088153130873471, 0.0], "adv_type": "random_pgd", "dataset": "enron", "sample_size": 1, "test_ratio": 0.3, "T": 10, "realization": 0, "beta_mse": [2.889454941141557, 0.0], "attack_edge": 10000, "u_mse": [0.0, 0.0], "d_mse": [0.24078791176179642, 0.24078791176179642], "gamma": 0.01, "swap_ratio": 0.01}
{"acc": [0.6805271072912343, 0.0], "network_size": 164336, "b_mse": [0.2660057471264368, 0.2660057471264368], "runtime": 5406.33745098114, "alpha_mse": [3.192068965517241, 0.0], "prob_mse": [0.2660754874915483, 0.0], "adv_type": "random_pgd", "dataset": "slashdot", "sample_size": 1, "test_ratio": 0.3, "T": 10, "realization": 0, "beta_mse": [3.192068965517241, 0.0], "attack_edge": 10000, "u_mse": [0.0, 0.0], "d_mse": [0.2660057471264368, 0.2660057471264368], "gamma": 0.09, "swap_ratio": 0.01}
{"acc": [0.5540383330170543, 0.0], "network_size": 8078, "b_mse": [0.37049642464246424, 0.37049642464246424], "runtime": 1306.0256819725037, "alpha_mse": [4.445957095709571, 0.0], "prob_mse": [0.37059271177117714, 0.0], "adv_type": "random_pgd", "dataset": "facebook", "sample_size": 1, "test_ratio": 0.3, "T": 10, "realization": 0, "beta_mse": [4.445957095709572, 0.0], "attack_edge": 10000, "u_mse": [0.0, 0.0], "d_mse": [0.37049642464246424, 0.37049642464246424], "gamma": 0.07, "swap_ratio": 0.01}
{"acc": [0.5573386358198364, 0.0], "network_size": 8078, "b_mse": [0.36778052805280526, 0.36778052805280526], "runtime": 1363.9269502162933, "alpha_mse": [4.413366336633663, 0.0], "prob_mse": [0.3678763201320132, 0.0], "adv_type": "random_pgd", "dataset": "facebook", "sample_size": 1, "test_ratio": 0.3, "T": 10, "realization": 0, "beta_mse": [4.413366336633664, 0.0], "attack_edge": 10000, "u_mse": [0.0, 0.0], "d_mse": [0.36778052805280526, 0.36778052805280526], "gamma": 0.09, "swap_ratio": 0.01}
{"acc": [0.6276084403912945, 0.0], "network_size": 67392, "b_mse": [0.3093901473934118, 0.3093901473934118], "runtime": 2590.1852810382843, "alpha_mse": [3.712681768720942, 0.0], "prob_mse": [0.30946306261746953, 0.0], "adv_type": "random_pgd", "dataset": "enron", "sample_size": 1, "test_ratio": 0.3, "T": 10, "realization": 0, "beta_mse": [3.712681768720942, 0.0], "attack_edge": 10000, "u_mse": [0.0, 0.0], "d_mse": [0.3093901473934118, 0.3093901473934118], "gamma": 0.03, "swap_ratio": 0.01}
{"acc": [0.5268108348941015, 0.0], "network_size": 8078, "b_mse": [0.39322057205720573, 0.39322057205720573], "runtime": 1318.6675670146942, "alpha_mse": [4.718646864686469, 0.0], "prob_mse": [0.3933174367436744, 0.0], "adv_type": "random_pgd", "dataset": "facebook", "sample_size": 1, "test_ratio": 0.3, "T": 10, "realization": 0, "beta_mse": [4.71864686468647, 0.0], "attack_edge": 10000, "u_mse": [0.0, 0.0], "d_mse": [0.39322057205720573, 0.39322057205720573], "gamma": 0.2, "swap_ratio": 0.01}
{"acc": [0.7729002949694543, 0.0], "network_size": 164336, "b_mse": [0.18782285327924272, 0.18782285327924272], "runtime": 5572.745904922485, "alpha_mse": [2.2538742393509135, 0.0], "prob_mse": [0.18791626098715347, 0.0], "adv_type": "random_pgd", "dataset": "slashdot", "sample_size": 1, "test_ratio": 0.3, "T": 10, "realization": 0, "beta_mse": [2.2538742393509135, 0.0], "attack_edge": 10000, "u_mse": [0.0, 0.0], "d_mse": [0.18782285327924272, 0.18782285327924272], "gamma": 0.01, "swap_ratio": 0.01}
{"acc": [0.5185600778871462, 0.0], "network_size": 8078, "b_mse": [0.400027502750275, 0.400027502750275], "runtime": 1385.377454996109, "alpha_mse": [4.8003300330033, 0.0], "prob_mse": [0.40012296479647963, 0.0], "adv_type": "random_pgd", "dataset": "facebook", "sample_size": 1, "test_ratio": 0.3, "T": 10, "realization": 0, "beta_mse": [4.800330033003301, 0.0], "attack_edge": 10000, "u_mse": [0.0, 0.0], "d_mse": [0.400027502750275, 0.400027502750275], "gamma": 0.3, "swap_ratio": 0.01}
{"acc": [0.6289933435618325, 0.0], "network_size": 67392, "b_mse": [0.3083102515909915, 0.3083102515909915], "runtime": 2606.908854007721, "alpha_mse": [3.6997230190918984, 0.0], "prob_mse": [0.3083828997263164, 0.0], "adv_type": "random_pgd", "dataset": "enron", "sample_size": 1, "test_ratio": 0.3, "T": 10, "realization": 0, "beta_mse": [3.6997230190918984, 0.0], "attack_edge": 10000, "u_mse": [0.0, 0.0], "d_mse": [0.3083102515909915, 0.3083102515909915], "gamma": 0.05, "swap_ratio": 0.01}
{"acc": [0.580750271500904, 0.0], "network_size": 164336, "b_mse": [0.34862576064908724, 0.34862576064908724], "runtime": 5569.552541971207, "alpha_mse": [4.183509127789047, 0.0], "prob_mse": [0.3486948722109533, 0.0], "adv_type": "random_pgd", "dataset": "slashdot", "sample_size": 1, "test_ratio": 0.3, "T": 10, "realization": 0, "beta_mse": [4.183509127789047, 0.0], "attack_edge": 10000, "u_mse": [0.0, 0.0], "d_mse": [0.34862576064908724, 0.34862576064908724], "gamma": 0.2,