{"acc": [0.999000999000999, 0.0], "network_size": 8078, "perturbation": 0.0, "runtime": 215.22345185279846, "alpha_mse": [1.1546319456101628e-15, 0.0], "prob_mse": [9.999999999998899e-05, 0.0], "adv_type": "structure", "dataset": "facebook", "sample_size": 1, "test_ratio": 0.3, "b_mse": [0.0, 0.0], "T": 10, "realization": 0, "beta_mse": [6.217248937900876e-16, 0.0], "attack_edge": 10000, "u_mse": [0.0, 0.0], "d_mse": [0.0, 0.0], "swap_ratio": 0.01}
{"acc": [0.999000999000999, 0.0], "network_size": 8078, "perturbation": 5, "runtime": 220.6384358406067, "alpha_mse": [1.1546319456101628e-15, 0.0], "prob_mse": [9.999999999998899e-05, 0.0], "adv_type": "structure", "dataset": "facebook", "sample_size": 1, "test_ratio": 0.3, "b_mse": [0.0, 0.0], "T": 10, "realization": 0, "beta_mse": [6.217248937900876e-16, 0.0], "attack_edge": 10000, "u_mse": [0.0, 0.0], "d_mse": [0.0, 0.0], "swap_ratio": 0.01}
{"acc": [0.999000999000999, 0.0], "network_size": 8078, "perturbation": 10, "runtime": 215.98639917373657, "alpha_mse": [1.1546319456101628e-15, 0.0], "prob_mse": [9.999999999998899e-05, 0.0], "adv_type": "structure", "dataset": "facebook", "sample_size": 1, "test_ratio": 0.3, "b_mse": [0.0, 0.0], "T": 10, "realization": 0, "beta_mse": [6.217248937900876e-16, 0.0], "attack_edge": 10000, "u_mse": [0.0, 0.0], "d_mse": [0.0, 0.0], "swap_ratio": 0.01}
{"acc": [0.8991008991008991, 0.0], "network_size": 8078, "perturbation": 20, "runtime": 251.39235711097717, "alpha_mse": [1.000000000000001, 0.0], "prob_mse": [0.08341333333333331, 0.0], "adv_type": "structure", "dataset": "facebook", "sample_size": 1, "test_ratio": 0.3, "b_mse": [0.08333333333333334, 0.08333333333333334], "T": 10, "realization": 0, "beta_mse": [1.0000000000000007, 0.0], "attack_edge": 10000, "u_mse": [0.0, 0.0], "d_mse": [0.08333333333333334, 0.08333333333333334], "swap_ratio": 0.01}
{"acc": [0.4995004995004995, 0.0], "network_size": 8078, "perturbation": 30, "runtime": 492.55207991600037, "alpha_mse": [5.000000000000002, 0.0], "prob_mse": [0.41675666666666666, 0.0], "adv_type": "structure", "dataset": "facebook", "sample_size": 1, "test_ratio": 0.3, "b_mse": [0.4166666666666667, 0.4166666666666667], "T": 10, "realization": 0, "beta_mse": [5.0, 0.0], "attack_edge": 10000, "u_mse": [0.0, 0.0], "d_mse": [0.4166666666666667, 0.4166666666666667], "swap_ratio": 0.01}
{"acc": [0.6493506493506493, 0.0], "network_size": 8078, "perturbation": 40, "runtime": 449.1258409023285, "alpha_mse": [3.500000000000001, 0.0], "prob_mse": [0.29175666666666655, 0.0], "adv_type": "structure", "dataset": "facebook", "sample_size": 1, "test_ratio": 0.3, "b_mse": [0.29166666666666663, 0.29166666666666663], "T": 10, "realization": 0, "beta_mse": [3.5, 0.0], "attack_edge": 10000, "u_mse": [0.0, 0.0], "d_mse": [0.29166666666666663, 0.29166666666666663], "swap_ratio": 0.01}
{"acc": [0.7492507492507493, 0.0], "network_size": 8078, "perturbation": 50, "runtime": 475.5149579048157, "alpha_mse": [2.500000000000001, 0.0], "prob_mse": [0.20843333333333325, 0.0], "adv_type": "structure", "dataset": "facebook", "sample_size": 1, "test_ratio": 0.3, "b_mse": [0.20833333333333334, 0.20833333333333334], "T": 10, "realization": 0, "beta_mse": [2.500000000000001, 0.0], "attack_edge": 10000, "u_mse": [0.0, 0.0], "d_mse": [0.20833333333333334, 0.20833333333333334], "swap_ratio": 0.01}
{"acc": [0.7492507492507493, 0.0], "network_size": 8078, "perturbation": 60, "runtime": 495.2778489589691, "alpha_mse": [2.500000000000001, 0.0], "prob_mse": [0.20843333333333325, 0.0], "adv_type": "structure", "dataset": "facebook", "sample_size": 1, "test_ratio": 0.3, "b_mse": [0.20833333333333334, 0.20833333333333334], "T": 10, "realization": 0, "beta_mse": [2.500000000000001, 0.0], "attack_edge": 10000, "u_mse": [0.0, 0.0], "d_mse": [0.20833333333333334, 0.20833333333333334], "swap_ratio": 0.01}
{"acc": [0.7992007992007992, 0.0], "network_size": 8078, "perturbation": 70, "runtime": 492.8553640842438, "alpha_mse": [2.000000000000001, 0.0], "prob_mse": [0.16676666666666665, 0.0], "adv_type": "structure", "dataset": "facebook", "sample_size": 1, "test_ratio": 0.3, "b_mse": [0.16666666666666669, 0.16666666666666669], "T": 10, "realization": 0, "beta_mse": [2.000000000000001, 0.0], "attack_edge": 10000, "u_mse": [0.0, 0.0], "d_mse": [0.16666666666666669, 0.16666666666666669], "swap_ratio": 0.01}
{"acc": [0.7992007992007992, 0.0], "network_size": 8078, "perturbation": 80, "runtime": 489.3234679698944, "alpha_mse": [2.000000000000001, 0.0], "prob_mse": [0.16676666666666665, 0.0], "adv_type": "structure", "dataset": "facebook", "sample_size": 1, "test_ratio": 0.3, "b_mse": [0.16666666666666669, 0.16666666666666669], "T": 10, "realization": 0, "beta_mse": [2.000000000000001, 0.0], "attack_edge": 10000, "u_mse": [0.0, 0.0], "d_mse": [0.16666666666666669, 0.16666666666666669], "swap_ratio": 0.01}
{"acc": [0.7992007992007992, 0.0], "network_size": 8078, "perturbation": 90, "runtime": 491.47670888900757, "alpha_mse": [2.000000000000001, 0.0], "prob_mse": [0.16676666666666665, 0.0], "adv_type": "structure", "dataset": "facebook", "sample_size": 1, "test_ratio": 0.3, "b_mse": [0.16666666666666669, 0.16666666666666669], "T": 10, "realization": 0, "beta_mse": [2.000000000000001, 0.0], "attack_edge": 10000, "u_mse": [0.0, 0.0], "d_mse": [0.16666666666666669, 0.16666666666666669], "swap_ratio": 0.01}
{"acc": [0.7992007992007992, 0.0], "network_size": 8078, "perturbation": 100, "runtime": 492.4188871383667, "alpha_mse": [2.000000000000001, 0.0], "prob_mse": [0.16676666666666665, 0.0], "adv_type": "structure", "dataset": "facebook", "sample_size": 1, "test_ratio": 0.3, "b_mse": [0.16666666666666669, 0.16666666666666669], "T": 10, "realization": 0, "beta_mse": [2.000000000000001, 0.0], "attack_edge": 10000, "u_mse": [0.0, 0.0], "d_mse": [0.16666666666666669, 0.16666666666666669], "swap_ratio": 0.01}
