{"acc": [0.7552668362183834, 0.0], "network_size": 67392, "b_mse": [0.16803583365557845, 0.16803583365557845], "runtime": 611.6115250587463, "alpha_mse": [2.308800573746167, 0.0], "prob_mse": [0.17955417464785353, 0.0], "adv_type": "random_pgd_gcn_vae", "dataset": "enron", "sample_size": 1, "test_ratio": 0.3, "T": 10, "realization": 0, "beta_mse": [2.162609061232566, 0.0], "attack_edge": 10000, "u_mse": [0.010989010989011005, 0.0], "d_mse": [0.16932748196176828, 0.16932748196176828], "gamma": 0.0, "swap_ratio": 0.01}
{"acc": [0.7552668362183834, 0.0], "network_size": 67392, "b_mse": [0.16803583365557845, 0.16803583365557845], "runtime": 534.5145421028137, "alpha_mse": [2.308800573746167, 0.0], "prob_mse": [0.17955417464785353, 0.0], "adv_type": "random_pgd_gcn_vae", "dataset": "enron", "sample_size": 1, "test_ratio": 0.3, "T": 10, "realization": 0, "beta_mse": [2.162609061232566, 0.0], "attack_edge": 10000, "u_mse": [0.010989010989011005, 0.0], "d_mse": [0.16932748196176828, 0.16932748196176828], "gamma": 0.01, "swap_ratio": 0.01}
{"acc": [0.7552668362183834, 0.0], "network_size": 67392, "b_mse": [0.16803583365557845, 0.16803583365557845], "runtime": 598.5706579685211, "alpha_mse": [2.308800573746167, 0.0], "prob_mse": [0.17955417464785353, 0.0], "adv_type": "random_pgd_gcn_vae", "dataset": "enron", "sample_size": 1, "test_ratio": 0.3, "T": 10, "realization": 0, "beta_mse": [2.162609061232566, 0.0], "attack_edge": 10000, "u_mse": [0.010989010989011005, 0.0], "d_mse": [0.16932748196176828, 0.16932748196176828], "gamma": 0.03, "swap_ratio": 0.01}
{"acc": [0.7552668362183834, 0.0], "network_size": 67392, "b_mse": [0.16803583365557845, 0.16803583365557845], "runtime": 647.3407509326935, "alpha_mse": [2.308800573746167, 0.0], "prob_mse": [0.17955417464785353, 0.0], "adv_type": "random_pgd_gcn_vae", "dataset": "enron", "sample_size": 1, "test_ratio": 0.3, "T": 10, "realization": 0, "beta_mse": [2.162609061232566, 0.0], "attack_edge": 10000, "u_mse": [0.010989010989011005, 0.0], "d_mse": [0.16932748196176828, 0.16932748196176828], "gamma": 0.05, "swap_ratio": 0.01}
{"acc": [0.7552668362183834, 0.0], "network_size": 67392, "b_mse": [0.16803583365557845, 0.16803583365557845], "runtime": 579.3125469684601, "alpha_mse": [2.308800573746167, 0.0], "prob_mse": [0.17955417464785353, 0.0], "adv_type": "random_pgd_gcn_vae", "dataset": "enron", "sample_size": 1, "test_ratio": 0.3, "T": 10, "realization": 0, "beta_mse": [2.162609061232566, 0.0], "attack_edge": 10000, "u_mse": [0.010989010989011005, 0.0], "d_mse": [0.16932748196176828, 0.16932748196176828], "gamma": 0.07, "swap_ratio": 0.01}
{"acc": [0.7552668362183834, 0.0], "network_size": 67392, "b_mse": [0.16803583365557845, 0.16803583365557845], "runtime": 645.9957249164581, "alpha_mse": [2.308800573746167, 0.0], "prob_mse": [0.17955417464785353, 0.0], "adv_type": "random_pgd_gcn_vae", "dataset": "enron", "sample_size": 1, "test_ratio": 0.3, "T": 10, "realization": 0, "beta_mse": [2.162609061232566, 0.0], "attack_edge": 10000, "u_mse": [0.010989010989011005, 0.0], "d_mse": [0.16932748196176828, 0.16932748196176828], "gamma": 0.09, "swap_ratio": 0.01}
{"acc": [0.7552668362183834, 0.0], "network_size": 67392, "b_mse": [0.16803583365557845, 0.16803583365557845], "runtime": 601.4351789951324, "alpha_mse": [2.308800573746167, 0.0], "prob_mse": [0.17955417464785353, 0.0], "adv_type": "random_pgd_gcn_vae", "dataset": "enron", "sample_size": 1, "test_ratio": 0.3, "T": 10, "realization": 0, "beta_mse": [2.162609061232566, 0.0], "attack_edge": 10000, "u_mse": [0.010989010989011005, 0.0], "d_mse": [0.16932748196176828, 0.16932748196176828], "gamma": 0.2, "swap_ratio": 0.01}
{"acc": [0.7552668362183834, 0.0], "network_size": 67392, "b_mse": [0.16803583365557845, 0.16803583365557845], "runtime": 620.1053030490875, "alpha_mse": [2.308800573746167, 0.0], "prob_mse": [0.17955417464785353, 0.0], "adv_type": "random_pgd_gcn_vae", "dataset": "enron", "sample_size": 1, "test_ratio": 0.3, "T": 10, "realization": 0, "beta_mse": [2.162609061232566, 0.0], "attack_edge": 10000, "u_mse": [0.010989010989011005, 0.0], "d_mse": [0.16932748196176828, 0.16932748196176828], "gamma": 0.3, "swap_ratio": 0.01}
{"acc": [0.7552668362183834, 0.0], "network_size": 67392, "b_mse": [0.16803583365557845, 0.16803583365557845], "runtime": 653.1531949043274, "alpha_mse": [2.308800573746167, 0.0], "prob_mse": [0.17955417464785353, 0.0], "adv_type": "random_pgd_gcn_vae", "dataset": "enron", "sample_size": 1, "test_ratio": 0.3, "T": 10, "realization": 0, "beta_mse": [2.162609061232566, 0.0], "attack_edge": 10000, "u_mse": [0.010989010989011005, 0.0], "d_mse": [0.16932748196176828, 0.16932748196176828], "gamma": 0.4, "swap_ratio": 0.01}
{"acc": [0.7552668362183834, 0.0], "network_size": 67392, "b_mse": [0.16803583365557845, 0.16803583365557845], "runtime": 577.1620488166809, "alpha_mse": [2.308800573746167, 0.0], "prob_mse": [0.17955417464785353, 0.0], "adv_type": "random_pgd_gcn_vae", "dataset": "enron", "sample_size": 1, "test_ratio": 0.3, "T": 10, "realization": 0, "beta_mse": [2.162609061232566, 0.0], "attack_edge": 10000, "u_mse": [0.010989010989011005, 0.0], "d_mse": [0.16932748196176828, 0.16932748196176828], "gamma": 0.5, "swap_ratio": 0.01}
