{"acc": [0.8625554310119955, 0.0], "network_size": 164336, "b_mse": [0.11019801462904914, 0.11019801462904914], "runtime": 1249.2606089115143, "alpha_mse": [1.6224068965517249, 0.0], "prob_mse": [0.12464681430942283, 0.0], "adv_type": "random_pgd", "dataset": "slashdot", "sample_size": 1, "test_ratio": 0.3, "T": 10, "realization": 0, "beta_mse": [1.5612864097363093, 0.0], "attack_edge": 10000, "u_mse": [0.010989010989011005, 0.0], "d_mse": [0.11088476243161843, 0.11088476243161843], "gamma": 0.0, "swap_ratio": 0.01}
{"acc": [0.9013952030098762, 0.0], "network_size": 8078, "b_mse": [0.10017764276427644, 0.10017764276427644], "runtime": 150.61831712722778, "alpha_mse": [1.4868688118811888, 0.0], "prob_mse": [0.10946187868786877, 0.0], "adv_type": "random_pgd", "dataset": "facebook", "sample_size": 1, "test_ratio": 0.3, "T": 10, "realization": 0, "beta_mse": [1.4891047854785486, 0.0], "attack_edge": 10000, "u_mse": [0.010989010989011005, 0.0], "d_mse": [0.1002845284528453, 0.1002845284528453], "gamma": 0.0, "swap_ratio": 0.01}
{"acc": [0.49834572322010545, 0.0], "network_size": 8078, "b_mse": [0.32957645764576454, 0.32957645764576454], "runtime": 169.70624995231628, "alpha_mse": [3.849179042904292, 0.0], "prob_mse": [0.3348520402040204, 0.0], "adv_type": "random_pgd", "dataset": "facebook", "sample_size": 1, "test_ratio": 0.3, "T": 10, "realization": 0, "beta_mse": [4.160647689768978, 0.0], "attack_edge": 10000, "u_mse": [0.010989010989011005, 0.0], "d_mse": [0.32759163416341647, 0.32759163416341647], "gamma": 0.01, "swap_ratio": 0.01}
{"acc": [0.5140221615333207, 0.0], "network_size": 8078, "b_mse": [0.31892864286428646, 0.31892864286428646], "runtime": 163.7074031829834, "alpha_mse": [3.7474752475247537, 0.0], "prob_mse": [0.32399784978497853, 0.0], "adv_type": "random_pgd", "dataset": "facebook", "sample_size": 1, "test_ratio": 0.3, "T": 10, "realization": 0, "beta_mse": [4.030990099009902, 0.0], "attack_edge": 10000, "u_mse": [0.010989010989011005, 0.0], "d_mse": [0.3171164616461647, 0.3171164616461647], "gamma": 0.03, "swap_ratio": 0.01}
{"acc": [0.5037523311349569, 0.0], "network_size": 164336, "b_mse": [0.3180524494437274, 0.3180524494437274], "runtime": 1136.167338848114, "alpha_mse": [3.7148480730223126, 0.0], "prob_mse": [0.32347265720081136, 0.0], "adv_type": "random_pgd", "dataset": "slashdot", "sample_size": 1, "test_ratio": 0.3, "T": 10, "realization": 0, "beta_mse": [4.029850507099392, 0.0], "attack_edge": 10000, "u_mse": [0.010989010989011005, 0.0], "d_mse": [0.31540774479070627, 0.31540774479070627], "gamma": 0.01, "swap_ratio": 0.01}
{"acc": [0.5057714045263653, 0.0], "network_size": 8078, "b_mse": [0.3244315681568157, 0.3244315681568157], "runtime": 162.40158200263977, "alpha_mse": [3.8081641914191424, 0.0], "prob_mse": [0.32933215071507155, 0.0], "adv_type": "random_pgd", "dataset": "facebook", "sample_size": 1, "test_ratio": 0.3, "T": 10, "realization": 0, "beta_mse": [4.091472772277229, 0.0], "attack_edge": 10000, "u_mse": [0.010989010989011005, 0.0], "d_mse": [0.3227699019901991, 0.3227699019901991], "gamma": 0.05, "swap_ratio": 0.01}
{"acc": [0.5070090180774086, 0.0], "network_size": 8078, "b_mse": [0.3252343984398439, 0.3252343984398439], "runtime": 159.7571291923523, "alpha_mse": [3.8129166666666676, 0.0], "prob_mse": [0.3302996874687469, 0.0], "adv_type": "random_pgd", "dataset": "facebook", "sample_size": 1, "test_ratio": 0.3, "T": 10, "realization": 0, "beta_mse": [4.103230198019802, 0.0], "attack_edge": 10000, "u_mse": [0.010989010989011005, 0.0], "d_mse": [0.32353160316031615, 0.32353160316031615], "gamma": 0.07, "swap_ratio": 0.01}
{"acc": [0.506183942376713, 0.0], "network_size": 8078, "b_mse": [0.32230285528552854, 0.32230285528552854], "runtime": 163.02179789543152, "alpha_mse": [3.7795915841584162, 0.0], "prob_mse": [0.3273124612461246, 0.0], "adv_type": "random_pgd", "dataset": "facebook", "sample_size": 1, "test_ratio": 0.3, "T": 10, "realization": 0, "beta_mse": [4.0713902640264035, 0.0], "attack_edge": 10000, "u_mse": [0.010989010989011005, 0.0], "d_mse": [0.3207010701070107, 0.3207010701070107], "gamma": 0.09, "swap_ratio": 0.01}
{"acc": [0.5065964802270608, 0.0], "network_size": 8078, "b_mse": [0.32293316831683166, 0.32293316831683166], "runtime": 162.2430820465088, "alpha_mse": [3.7843399339934, 0.0], "prob_mse": [0.32799962246224623, 0.0], "adv_type": "random_pgd", "dataset": "facebook", "sample_size": 1, "test_ratio": 0.3, "T": 10, "realization": 0, "beta_mse": [4.078234323432344, 0.0], "attack_edge": 10000, "u_mse": [0.010989010989011005, 0.0], "d_mse": [0.3211522402240224, 0.3211522402240224], "gamma": 0.11, "swap_ratio": 0.01}
{"acc": [0.5115469344312341, 0.0], "network_size": 8078, "b_mse": [0.32288741374137414, 0.32288741374137414], "runtime": 160.8341829776764, "alpha_mse": [3.790536303630364, 0.0], "prob_mse": [0.3278113286328633, 0.0], "adv_type": "random_pgd", "dataset": "facebook", "sample_size": 1, "test_ratio": 0.3, "T": 10, "realization": 0, "beta_mse": [4.072425742574258, 0.0], "attack_edge": 10000, "u_mse": [0.010989010989011005, 0.0], "d_mse": [0.3210698569856986, 0.3210698569856986], "gamma": 0.13, "swap_ratio": 0.01}
{"acc": [0.5041212531249742, 0.0], "network_size": 8078, "b_mse": [0.3276142614261426, 0.3276142614261426], "runtime": 161.59118795394897, "alpha_mse": [3.8431435643564367, 0.0], "prob_mse": [0.33260402790279037, 0.0], "adv_type": "random_pgd", "dataset": "facebook", "sample_size": 1, "test_ratio": 0.3, "T": 10, "realization": 0, "beta_mse": [4.130594059405941, 0.0], "attack_edge": 10000, "u_mse": [0.010989010989011005, 0.0], "d_mse": [0.325745699569957, 0.325745699569957], "gamma": 0.15, "swap_ratio": 0.01}
{"acc": [0.5053588666760175, 0.0], "network_size": 8078, "b_mse": [0.32662141214121415, 0.32662141214121415], "runtime": 162.03836679458618, "alpha_mse": [3.8286963696369645, 0.0], "prob_mse": [0.33169203170317035, 0.0], "adv_type": "random_pgd", "dataset": "facebook", "sample_size": 1, "test_ratio": 0.3, "T": 10, "realization": 0, "beta_mse": [4.120305280528054, 0.0], "attack_edge": 10000, "u_mse": [0.010989010989011005, 0.0], "d_mse": [0.3248778627862787, 0.3248778627862787], "gamma": 0.2, "swap_ratio": 0.01}
{"acc": [0.5004084124718443, 0.0], "network_size": 8078, "b_mse": [0.3276733923392339, 0.3276733923392339], "runtime": 162.30717301368713, "alpha_mse": [3.83894389438944, 0.0], "prob_mse": [0.3326658290829083, 0.0], "adv_type": "random_pgd", "dataset": "facebook", "sample_size": 1, "test_ratio": 0.3, "T": 10, "realization": 0, "beta_mse": [4.134867986798681, 0.0], "attack_edge": 10000, "u_mse": [0.010989010989011005, 0.0], "d_mse": [0.3262304980498051, 0.3262304980498051], "gamma": 0.25, "swap_ratio": 0.01}
{"acc": [0.5032857998840568, 0.0], "network_size": 164336, "b_mse": [0.3207314401622718, 0.3207314401622718], "runtime": 1503.5308470726013, "alpha_mse": [3.7459322515212987, 0.0], "prob_mse": [0.3261035608826603, 0.0], "adv_type": "random_pgd", "dataset": "slashdot", "sample_size": 1, "test_ratio": 0.3, "T": 10, "realization": 0, "beta_mse": [4.058219878296146, 0.0], "attack_edge": 10000, "u_mse": [0.010989010989011005, 0.0], "d_mse": [0.3181461429712951, 0.3181461429712951], "gamma": 0.03, "swap_ratio": 0.01}
{"acc": [0.5045231218973136, 0.0], "network_size": 164336, "b_mse": [0.31998158460876513, 0.31998158460876513], "runtime": 1074.648355960846, "alpha_mse": [3.7376462474645034, 0.0], "prob_mse": [0.3253796680803983, 0.0], "adv_type": "random_pgd", "dataset": "slashdot", "sample_size": 1, "test_ratio": 0.3, "T": 10, "realization": 0, "beta_mse": [4.050111156186613, 0.0], "attack_edge": 10000, "u_mse": [0.010989010989011005, 0.0], "d_mse": [0.31732877865879894, 0.31732877865879894], "gamma": 0.05, "swap_ratio": 0.01}
{"acc": [0.5022716015125348, 0.0], "network_size": 164336, "b_mse": [0.320352842829922, 0.320352842829922], "runtime": 1062.20245885849, "alpha_mse": [3.7407961460446253, 0.0], "prob_mse": [0.3257608411088573, 0.0], "adv_type": "random_pgd",