{"acc": [0.999000999000999, 0.0], "network_size": 8078, "perturbation": 0.0, "runtime": 144.49377703666687, "alpha_mse": [0.5565000000000008, 0.0], "prob_mse": [0.023369090909090947, 0.0], "adv_type": "structure", "dataset": "facebook", "sample_size": 1, "test_ratio": 0.3, "b_mse": [0.011984848484848489, 0.011984848484848489], "T": 10, "realization": 0, "beta_mse": [0.507500000000001, 0.0], "attack_edge": 10000, "u_mse": [0.010989010989011005, 0.0], "d_mse": [0.010121212121212132, 0.010121212121212132], "swap_ratio": 0.01}
{"acc": [0.999000999000999, 0.0], "network_size": 8078, "perturbation": 5, "runtime": 144.85931587219238, "alpha_mse": [0.5845000000000007, 0.0], "prob_mse": [0.028247878787878794, 0.0], "adv_type": "structure", "dataset": "facebook", "sample_size": 1, "test_ratio": 0.3, "b_mse": [0.0185, 0.0185], "T": 10, "realization": 0, "beta_mse": [0.5885000000000009, 0.0], "attack_edge": 10000, "u_mse": [0.010989010989011005, 0.0], "d_mse": [0.014954545454545465, 0.014954545454545465], "swap_ratio": 0.01}
{"acc": [0.999000999000999, 0.0], "network_size": 8078, "perturbation": 10, "runtime": 142.2993199825287, "alpha_mse": [0.5565000000000008, 0.0], "prob_mse": [0.023369090909090943, 0.0], "adv_type": "structure", "dataset": "facebook", "sample_size": 1, "test_ratio": 0.3, "b_mse": [0.011984848484848489, 0.011984848484848489], "T": 10, "realization": 0, "beta_mse": [0.507500000000001, 0.0], "attack_edge": 10000, "u_mse": [0.010989010989011005, 0.0], "d_mse": [0.010121212121212132, 0.010121212121212132], "swap_ratio": 0.01}
{"acc": [0.999000999000999, 0.0], "network_size": 8078, "perturbation": 20, "runtime": 152.41490483283997, "alpha_mse": [0.5655000000000008, 0.0], "prob_mse": [0.023803333333333367, 0.0], "adv_type": "structure", "dataset": "facebook", "sample_size": 1, "test_ratio": 0.3, "b_mse": [0.011984848484848489, 0.011984848484848489], "T": 10, "realization": 0, "beta_mse": [0.49850000000000083, 0.0], "attack_edge": 10000, "u_mse": [0.010989010989011005, 0.0], "d_mse": [0.009787878787878795, 0.009787878787878795], "swap_ratio": 0.01}
