{"acc": [0.8991008991008991, 0.0], "network_size": 8078, "perturbation": 0.0, "runtime": 144.37506413459778, "alpha_mse": [1.3165000000000007, 0.0], "prob_mse": [0.1073990909090909, 0.0], "adv_type": "structure", "dataset": "facebook", "sample_size": 1, "test_ratio": 0.3, "b_mse": [0.09210606060606062, 0.09210606060606062], "T": 10, "realization": 0, "beta_mse": [1.4765000000000008, 0.0], "attack_edge": 10000, "u_mse": [0.010989010989011005, 0.0], "d_mse": [0.09362121212121213, 0.09362121212121213], "swap_ratio": 0.01}
{"acc": [0.8991008991008991, 0.0], "network_size": 8078, "perturbation": 5, "runtime": 148.43775582313538, "alpha_mse": [1.3885000000000005, 0.0], "prob_mse": [0.10820696969696968, 0.0], "adv_type": "structure", "dataset": "facebook", "sample_size": 1, "test_ratio": 0.3, "b_mse": [0.09522727272727274, 0.09522727272727274], "T": 10, "realization": 0, "beta_mse": [1.4865000000000008, 0.0], "attack_edge": 10000, "u_mse": [0.010989010989011005, 0.0], "d_mse": [0.09693939393939395, 0.09693939393939395], "swap_ratio": 0.01}
{"acc": [0.8991008991008991, 0.0], "network_size": 8078, "perturbation": 10, "runtime": 154.77539086341858, "alpha_mse": [1.5750000000000006, 0.0], "prob_mse": [0.12241424242424241, 0.0], "adv_type": "structure", "dataset": "facebook", "sample_size": 1, "test_ratio": 0.3, "b_mse": [0.11439393939393938, 0.11439393939393938], "T": 10, "realization": 0, "beta_mse": [1.7350000000000008, 0.0], "attack_edge": 10000, "u_mse": [0.010989010989011005, 0.0], "d_mse": [0.11954545454545455, 0.11954545454545455], "swap_ratio": 0.01}
{"acc": [0.6993006993006993, 0.0], "network_size": 8078, "perturbation": 20, "runtime": 147.3076400756836, "alpha_mse": [2.4205, 0.0], "prob_mse": [0.19865181818181815, 0.0], "adv_type": "structure", "dataset": "facebook", "sample_size": 1, "test_ratio": 0.3, "b_mse": [0.19640909090909092, 0.19640909090909092], "T": 10, "realization": 0, "beta_mse": [2.6645000000000008, 0.0], "attack_edge": 10000, "u_mse": [0.010989010989011005, 0.0], "d_mse": [0.1993181818181818, 0.1993181818181818], "swap_ratio": 0.01}
{"acc": [0.6493506493506493, 0.0], "network_size": 8078, "perturbation": 30, "runtime": 152.5305449962616, "alpha_mse": [2.8750000000000004, 0.0], "prob_mse": [0.2345251515151515, 0.0], "adv_type": "structure", "dataset": "facebook", "sample_size": 1, "test_ratio": 0.3, "b_mse": [0.2265151515151515, 0.2265151515151515], "T": 10, "realization": 0, "beta_mse": [2.928000000000001, 0.0], "attack_edge": 10000, "u_mse": [0.010989010989011005, 0.0], "d_mse": [0.2331666666666667, 0.2331666666666667], "swap_ratio": 0.01}
{"acc": [0.5494505494505495, 0.0], "network_size": 8078, "perturbation": 40, "runtime": 154.76783990859985, "alpha_mse": [3.305000000000001, 0.0], "prob_mse": [0.2724542424242424, 0.0], "adv_type": "structure", "dataset": "facebook", "sample_size": 1, "test_ratio": 0.3, "b_mse": [0.261969696969697, 0.261969696969697], "T": 10, "realization": 0, "beta_mse": [3.3549999999999995, 0.0], "attack_edge": 10000, "u_mse": [0.010989010989011005, 0.0], "d_mse": [0.27015151515151514, 0.27015151515151514], "swap_ratio": 0.01}
{"acc": [0.5494505494505495, 0.0], "network_size": 8078, "perturbation": 50, "runtime": 151.36902594566345, "alpha_mse": [3.430000000000001, 0.0], "prob_mse": [0.28307030303030306, 0.0], "adv_type": "structure", "dataset": "facebook", "sample_size": 1, "test_ratio": 0.3, "b_mse": [0.27151515151515154, 0.27151515151515154], "T": 10, "realization": 0, "beta_mse": [3.4400000000000004, 0.0], "attack_edge": 10000, "u_mse": [0.010989010989011005, 0.0], "d_mse": [0.28, 0.28], "swap_ratio": 0.01}
{"acc": [0.5494505494505495, 0.0], "network_size": 8078, "perturbation": 60, "runtime": 151.77193093299866, "alpha_mse": [3.495000000000002, 0.0], "prob_mse": [0.2837063636363636, 0.0], "adv_type": "structure", "dataset": "facebook", "sample_size": 1, "test_ratio": 0.3, "b_mse": [0.2707575757575758, 0.2707575757575758], "T": 10, "realization": 0, "beta_mse": [3.375000000000001, 0.0], "attack_edge": 10000, "u_mse": [0.010989010989011005, 0.0], "d_mse": [0.2783333333333334, 0.2783333333333334], "swap_ratio": 0.01}
{"acc": [0.5494505494505495, 0.0], "network_size": 8078, "perturbation": 70, "runtime": 148.14195609092712, "alpha_mse": [3.535000000000001, 0.0], "prob_mse": [0.28734272727272725, 0.0], "adv_type": "structure", "dataset": "facebook", "sample_size": 1, "test_ratio": 0.3, "b_mse": [0.2743939393939394, 0.2743939393939394], "T": 10, "realization": 0, "beta_mse": [3.4150000000000005, 0.0], "attack_edge": 10000, "u_mse": [0.010989010989011005, 0.0], "d_mse": [0.28196969696969704, 0.28196969696969704], "swap_ratio": 0.01}
{"acc": [0.5494505494505495, 0.0], "network_size": 8078, "perturbation": 80, "runtime": 153.9043641090393, "alpha_mse": [3.570000000000001, 0.0], "prob_mse": [0.2905245454545454, 0.0], "adv_type": "structure", "dataset": "facebook", "sample_size": 1, "test_ratio": 0.3, "b_mse": [0.27757575757575753, 0.27757575757575753], "T": 10, "realization": 0, "beta_mse": [3.4500000000000006, 0.0], "attack_edge": 10000, "u_mse": [0.010989010989011005, 0.0], "d_mse": [0.28515151515151516, 0.28515151515151516], "swap_ratio": 0.01}
{"acc": [0.5494505494505495, 0.0], "network_size": 8078, "perturbation": 90, "runtime": 150.9653468132019, "alpha_mse": [3.5500000000000007, 0.0], "prob_mse": [0.28870636363636365, 0.0], "adv_type": "structure", "dataset": "facebook", "sample_size": 1, "test_ratio": 0.3, "b_mse": [0.2757575757575757, 0.2757575757575757], "T": 10, "realization": 0, "beta_mse": [3.4300000000000006, 0.0], "attack_edge": 10000, "u_mse": [0.010989010989011005, 0.0], "d_mse": [0.2833333333333333, 0.2833333333333333], "swap_ratio": 0.01}
{"acc": [0.6493506493506493, 0.0], "network_size": 8078, "perturbation": 100, "runtime": 153.03268885612488, "alpha_mse": [3.2500000000000013, 0.0], "prob_mse": [0.26143363636363637, 0.0], "adv_type": "structure", "dataset": "facebook", "sample_size": 1, "test_ratio": 0.3, "b_mse": [0.24848484848484848, 0.24848484848484848], "T": 10, "realization": 0, "beta_mse": [3.1300000000000003, 0.0], "attack_edge": 10000, "u_mse": [0.010989010989011005, 0.0], "d_mse": [0.2560606060606061, 0.2560606060606061], "swap_ratio": 0.01}
