{"acc": [0.999000999000999, 0.0], "network_size": 8078, "perturbation": 0.0, "runtime": 154.86030387878418, "alpha_mse": [0.6520000000000008, 0.0], "prob_mse": [0.025414242424242423, 0.0], "adv_type": "structure", "dataset": "facebook", "sample_size": 1, "test_ratio": 0.3, "b_mse": [0.016090909090909093, 0.016090909090909093], "T": 10, "realization": 0, "beta_mse": [0.4670000000000007, 0.0], "attack_edge": 10000, "u_mse": [0.010989010989011005, 0.0], "d_mse": [0.012045454545454548, 0.012045454545454548], "swap_ratio": 0.01}
{"acc": [0.999000999000999, 0.0], "network_size": 8078, "perturbation": 5, "runtime": 158.70740509033203, "alpha_mse": [0.7865000000000008, 0.0], "prob_mse": [0.026640909090909038, 0.0], "adv_type": "structure", "dataset": "facebook", "sample_size": 1, "test_ratio": 0.3, "b_mse": [0.01965151515151515, 0.01965151515151515], "T": 10, "realization": 0, "beta_mse": [0.4025000000000002, 0.0], "attack_edge": 10000, "u_mse": [0.010989010989011005, 0.0], "d_mse": [0.015530303030303005, 0.015530303030303005], "swap_ratio": 0.01}
{"acc": [0.999000999000999, 0.0], "network_size": 8078, "perturbation": 10, "runtime": 149.9204649925232, "alpha_mse": [0.8960000000000005, 0.0], "prob_mse": [0.0338784848484848, 0.0], "adv_type": "structure", "dataset": "facebook", "sample_size": 1, "test_ratio": 0.3, "b_mse": [0.031030303030303037, 0.031030303030303037], "T": 10, "realization": 0, "beta_mse": [0.5730000000000005, 0.0], "attack_edge": 10000, "u_mse": [0.010989010989011005, 0.0], "d_mse": [0.027166666666666655, 0.027166666666666655], "swap_ratio": 0.01}
{"acc": [0.9490509490509491, 0.0], "network_size": 8078, "perturbation": 20, "runtime": 155.22316098213196, "alpha_mse": [1.327500000000001, 0.0], "prob_mse": [0.06844909090909085, 0.0], "adv_type": "structure", "dataset": "facebook", "sample_size": 1, "test_ratio": 0.3, "b_mse": [0.06962121212121215, 0.06962121212121215], "T": 10, "realization": 0, "beta_mse": [0.9875000000000004, 0.0], "attack_edge": 10000, "u_mse": [0.010989010989011005, 0.0], "d_mse": [0.06537878787878788, 0.06537878787878788], "swap_ratio": 0.01}
{"acc": [0.6493506493506493, 0.0], "network_size": 8078, "perturbation": 30, "runtime": 158.36788320541382, "alpha_mse": [2.9530000000000007, 0.0], "prob_mse": [0.2147266666666666, 0.0], "adv_type": "structure", "dataset": "facebook", "sample_size": 1, "test_ratio": 0.3, "b_mse": [0.21416666666666667, 0.21416666666666667], "T": 10, "realization": 0, "beta_mse": [2.5420000000000003, 0.0], "attack_edge": 10000, "u_mse": [0.010989010989011005, 0.0], "d_mse": [0.2101212121212121, 0.2101212121212121], "swap_ratio": 0.01}
{"acc": [0.4995004995004995, 0.0], "network_size": 8078, "perturbation": 40, "runtime": 153.3545479774475, "alpha_mse": [3.7860000000000005, 0.0], "prob_mse": [0.29120151515151516, 0.0], "adv_type": "structure", "dataset": "facebook", "sample_size": 1, "test_ratio": 0.3, "b_mse": [0.2913030303030303, 0.2913030303030303], "T": 10, "realization": 0, "beta_mse": [3.406000000000001, 0.0], "attack_edge": 10000, "u_mse": [0.010989010989011005, 0.0], "d_mse": [0.2873636363636364, 0.2873636363636364], "swap_ratio": 0.01}
{"acc": [0.5494505494505495, 0.0], "network_size": 8078, "perturbation": 50, "runtime": 151.8912181854248, "alpha_mse": [3.7500000000000013, 0.0], "prob_mse": [0.2871812121212121, 0.0], "adv_type": "structure", "dataset": "facebook", "sample_size": 1, "test_ratio": 0.3, "b_mse": [0.28621212121212125, 0.28621212121212125], "T": 10, "realization": 0, "beta_mse": [3.3300000000000005, 0.0], "attack_edge": 10000, "u_mse": [0.010989010989011005, 0.0], "d_mse": [0.2825757575757576, 0.2825757575757576], "swap_ratio": 0.01}
{"acc": [0.5494505494505495, 0.0], "network_size": 8078, "perturbation": 60, "runtime": 153.09092783927917, "alpha_mse": [3.7100000000000017, 0.0], "prob_mse": [0.2835448484848485, 0.0], "adv_type": "structure", "dataset": "facebook", "sample_size": 1, "test_ratio": 0.3, "b_mse": [0.28257575757575765, 0.28257575757575765], "T": 10, "realization": 0, "beta_mse": [3.2900000000000005, 0.0], "attack_edge": 10000, "u_mse": [0.010989010989011005, 0.0], "d_mse": [0.27893939393939393, 0.27893939393939393], "swap_ratio": 0.01}
{"acc": [0.34965034965034963, 0.0], "network_size": 8078, "perturbation": 70, "runtime": 161.66534686088562, "alpha_mse": [4.880000000000002, 0.0], "prob_mse": [0.3899084848484849, 0.0], "adv_type": "structure", "dataset": "facebook", "sample_size": 1, "test_ratio": 0.3, "b_mse": [0.3871212121212122, 0.3871212121212122], "T": 10, "realization": 0, "beta_mse": [4.46, 0.0], "attack_edge": 10000, "u_mse": [0.010989010989011005, 0.0], "d_mse": [0.38530303030303037, 0.38530303030303037], "swap_ratio": 0.01}
{"acc": [0.24975024975024976, 0.0], "network_size": 8078, "perturbation": 80, "runtime": 166.99794387817383, "alpha_mse": [5.395000000000001, 0.0], "prob_mse": [0.43672666666666665, 0.0], "adv_type": "structure", "dataset": "facebook", "sample_size": 1, "test_ratio": 0.3, "b_mse": [0.4339393939393939, 0.4339393939393939], "T": 10, "realization": 0, "beta_mse": [4.9750000000000005, 0.0], "attack_edge": 10000, "u_mse": [0.010989010989011005, 0.0], "d_mse": [0.43212121212121213, 0.43212121212121213], "swap_ratio": 0.01}
{"acc": [0.2997002997002997, 0.0], "network_size": 8078, "perturbation": 90, "runtime": 147.44775700569153, "alpha_mse": [5.175000000000002, 0.0], "prob_mse": [0.4159790909090909, 0.0], "adv_type": "structure", "dataset": "facebook", "sample_size": 1, "test_ratio": 0.3, "b_mse": [0.4121212121212121, 0.4121212121212121], "T": 10, "realization": 0, "beta_mse": [4.715, 0.0], "attack_edge": 10000, "u_mse": [0.010989010989011005, 0.0], "d_mse": [0.41060606060606064, 0.41060606060606064], "swap_ratio": 0.01}
{"acc": [0.34965034965034963, 0.0], "network_size": 8078, "perturbation": 100, "runtime": 147.86286187171936, "alpha_mse": [4.935000000000001, 0.0], "prob_mse": [0.39341333333333334, 0.0], "adv_type": "structure", "dataset": "facebook", "sample_size": 1, "test_ratio": 0.3, "b_mse": [0.3884848484848485, 0.3884848484848485], "T": 10, "realization": 0, "beta_mse": [4.435, 0.0], "attack_edge": 10000, "u_mse": [0.010989010989011005, 0.0], "d_mse": [0.3872727272727273, 0.3872727272727273], "swap_ratio": 0.01}
