{"acc": [0.5013349477347435, 0.0], "network_size": 67392, "b_mse": [0.33661966384589787, 0.33661966384589787], "runtime": 415.9729869365692, "alpha_mse": [4.03659214561282, 0.0], "prob_mse": [0.3385379119116778, 0.0], "adv_type": "random_pgd", "dataset": "enron", "sample_size": 1, "test_ratio": 0.3, "T": 10, "realization": 0, "beta_mse": [4.145508952418638, 0.0], "attack_edge": 10000, "u_mse": [0.010989010989011005, 0.0], "d_mse": [0.33602844150277134, 0.33602844150277134], "gamma": 0.09, "swap_ratio": 0.01}
{"acc": [0.5007908786320322, 0.0], "network_size": 67392, "b_mse": [0.35102877124194765, 0.35102877124194765], "runtime": 420.1308329105377, "alpha_mse": [4.232306360668711, 0.0], "prob_mse": [0.3517159779614325, 0.0], "adv_type": "random_pgd", "dataset": "enron", "sample_size": 1, "test_ratio": 0.3, "T": 10, "realization": 0, "beta_mse": [4.276066376496191, 0.0], "attack_edge": 10000, "u_mse": [0.010989010989011005, 0.0], "d_mse": [0.3511849926707975, 0.3511849926707975], "gamma": 0.2, "swap_ratio": 0.01}
{"acc": [0.5001478878742824, 0.0], "network_size": 67392, "b_mse": [0.3652957460648627, 0.3652957460648627], "runtime": 424.0544831752777, "alpha_mse": [4.402246018399447, 0.0], "prob_mse": [0.36556274007260253, 0.0], "adv_type": "random_pgd", "dataset": "enron", "sample_size": 1, "test_ratio": 0.3, "T": 10, "realization": 0, "beta_mse": [4.424750717182708, 0.0], "attack_edge": 10000, "u_mse": [0.010989010989011005, 0.0], "d_mse": [0.3657519851797229, 0.3657519851797229], "gamma": 0.3, "swap_ratio": 0.01}
{"acc": [0.500048966219244, 0.0], "network_size": 67392, "b_mse": [0.38412103526110847, 0.38412103526110847], "runtime": 426.60450506210327, "alpha_mse": [4.610359580571768, 0.0], "prob_mse": [0.3843715902720948, 0.0], "adv_type": "random_pgd", "dataset": "enron", "sample_size": 1, "test_ratio": 0.3, "T": 10, "realization": 0, "beta_mse": [4.631281531308735, 0.0], "attack_edge": 10000, "u_mse": [0.010989010989011005, 0.0], "d_mse": [0.3845475978501006, 0.3845475978501006], "gamma": 0.4, "swap_ratio": 0.01}
{"acc": [0.49945543628901345, 0.0], "network_size": 67392, "b_mse": [0.4066766337826779, 0.4066766337826779], "runtime": 429.2879841327667, "alpha_mse": [4.860459491542191, 0.0], "prob_mse": [0.4069015659613246, 0.0], "adv_type": "random_pgd", "dataset": "enron", "sample_size": 1, "test_ratio": 0.3, "T": 10, "realization": 0, "beta_mse": [4.8779389652784655, 0.0], "attack_edge": 10000, "u_mse": [0.010989010989011005, 0.0], "d_mse": [0.40705448490244217, 0.40705448490244217], "gamma": 0.5, "swap_ratio": 0.01}
{"acc": [0.730953050323306, 0.0], "network_size": 164336, "b_mse": [0.17291885180404457, 0.17291885180404457], "runtime": 1714.0589940547943, "alpha_mse": [2.3851699797160246, 0.0], "prob_mse": [0.18539849062634456, 0.0], "adv_type": "random_pgd", "dataset": "slashdot", "sample_size": 1, "test_ratio": 0.3, "T": 10, "realization": 0, "beta_mse": [2.200504259634889, 0.0], "attack_edge": 10000, "u_mse": [0.010989010989011005, 0.0], "d_mse": [0.17473215932140881, 0.17473215932140881], "gamma": 0.0, "swap_ratio": 0.01}
{"acc": [0.49500994117243763, 0.0], "network_size": 164336, "b_mse": [0.3228062634458172, 0.3228062634458172], "runtime": 1393.6087110042572, "alpha_mse": [3.8937943204868164, 0.0], "prob_mse": [0.32834343967053903, 0.0], "adv_type": "random_pgd", "dataset": "slashdot", "sample_size": 1, "test_ratio": 0.3, "T": 10, "realization": 0, "beta_mse": [3.983525760649088, 0.0], "attack_edge": 10000, "u_mse": [0.010989010989011005, 0.0], "d_mse": [0.3224190116171861, 0.3224190116171861], "gamma": 0.01, "swap_ratio": 0.01}
{"acc": [0.4947259656284115, 0.0], "network_size": 164336, "b_mse": [0.3227966869506423, 0.3227966869506423], "runtime": 1292.2567341327667, "alpha_mse": [3.8960543610547673, 0.0], "prob_mse": [0.328271816091954, 0.0], "adv_type": "random_pgd", "dataset": "slashdot", "sample_size": 1, "test_ratio": 0.3, "T": 10, "realization": 0, "beta_mse": [3.9823269776876273, 0.0], "attack_edge": 10000, "u_mse": [0.010989010989011005, 0.0], "d_mse": [0.3224844366586761, 0.3224844366586761], "gamma": 0.03, "swap_ratio": 0.01}
{"acc": [0.494563693888968, 0.0], "network_size": 164336, "b_mse": [0.32842588972893233, 0.32842588972893233], "runtime": 1263.124922990799, "alpha_mse": [3.9530038539553756, 0.0], "prob_mse": [0.33065784473538623, 0.0], "adv_type": "random_pgd", "dataset": "slashdot", "sample_size": 1, "test_ratio": 0.3, "T": 10, "realization": 0, "beta_mse": [4.051579513184585, 0.0], "attack_edge": 10000, "u_mse": [0.010989010989011005, 0.0], "d_mse": [0.32791624562050525, 0.32791624562050525], "gamma": 0.05, "swap_ratio": 0.01}
{"acc": [0.4944825580192462, 0.0], "network_size": 164336, "b_mse": [0.32928983957219254, 0.32928983957219254], "runtime": 1243.418594121933, "alpha_mse": [3.963964705882353, 0.0], "prob_mse": [0.3312642409490442, 0.0], "adv_type": "random_pgd", "dataset": "slashdot", "sample_size": 1, "test_ratio": 0.3, "T": 10, "realization": 0, "beta_mse": [4.05936186612576, 0.0], "attack_edge": 10000, "u_mse": [0.010989010989011005, 0.0], "d_mse": [0.32877253672628926, 0.32877253672628926], "gamma": 0.07, "swap_ratio": 0.01}
{"acc": [0.4943405702472331, 0.0], "network_size": 164336, "b_mse": [0.33221445694265167, 0.33221445694265167], "runtime": 1240.3346529006958, "alpha_mse": [4.000821095334686, 0.0], "prob_mse": [0.3340245906939578, 0.0], "adv_type": "random_pgd", "dataset": "slashdot", "sample_size": 1, "test_ratio": 0.3, "T": 10, "realization": 0, "beta_mse": [4.088637322515214, 0.0], "attack_edge": 10000, "u_mse": [0.010989010989011005, 0.0], "d_mse": [0.33182453746388846, 0.33182453746388846], "gamma": 0.09, "swap_ratio": 0.01}
{"acc": [0.4936103474197373, 0.0], "network_size": 164336, "b_mse": [0.3486051631938042, 0.3486051631938042], "runtime": 1315.8199501037598, "alpha_mse": [4.214054361054767, 0.0], "prob_mse": [0.34931395894031597, 0.0], "adv_type": "random_pgd", "dataset": "slashdot", "sample_size": 1, "test_ratio": 0.3, "T": 10, "realization": 0, "beta_mse": [4.243433671399594, 0.0], "attack_edge": 10000, "u_mse": [0.010989010989011005, 0.0], "d_mse": [0.3488273710738214, 0.3488273710738214], "gamma": 0.2, "swap_ratio": 0.01}
{"acc": [0.49346835964772423, 0.0], "network_size": 164336, "b_mse": [0.3671198660028275, 0.3671198660028275], "runtime": 1852.4545848369598, "alpha_mse": [4.427841176470589, 0.0], "prob_mse": [0.367512279181265, 0.0], "adv_type": "random_pgd", "dataset": "slashdot", "sample_size": 1, "test_ratio": 0.3, "T": 10, "realization": 0, "beta_mse": [4.441768154158216, 0.0], "attack_edge": 10000, "u_mse": [0.010989010989011005, 0.0], "d_mse": [0.36759211383613016, 0.36759211383613016], "gamma": 0.3, "swap_ratio": 0.01}
{"acc": [0.49326551997341983, 0.0], "network_size": 164336, "b_mse": [0.3844367816091954, 0.3844367816091954], "runtime": 1366.2348608970642, "alpha_mse": [4.619324543610547, 0.0], "prob_mse": [0.3848115270760342, 0.0], "adv_type": "random_pgd", "dataset": "slashdot", "sample_size": 1, "test_ratio": 0.3, "T": 10, "realization": 0, "beta_mse": [4.631247464503042, 0.0], "attack_edge": 10000, "u_mse": [0.010989010989011005, 0.0], "d_mse": [0.38487522281639935, 0.38487522281639935], "gamma": 0.4, "swap_ratio": 0.01}
{"acc": [0.49306268029911543, 0.0], "network_size": 164336, "b_mse": [0.4084392402729117, 0.4084392402729117], "runtime": 1301.868057012558, "alpha_mse": [4.884799188640974, 0.0], "prob_mse": [0.40879030991456133, 0.0], "adv_type": "random_pgd", "dataset": "slashdot", "sample_size": 1, "test_ratio": 0.3, "T": 10, "realization": 0, "beta_mse": [4.8939026369168355, 0.0], "attack_edge": 10000, "u_mse": [0.010989010989011005, 0.0], "d_mse": [0.4088313971356567, 0.4088313971356567], "gamma": 0.5, "swap_ratio": 0.01}
