{"acc": [0.999000999000999, 0.0], "network_size": 8078, "perturbation": 0.0, "runtime": 150.25143814086914, "alpha_mse": [0.5565000000000008, 0.0], "prob_mse": [0.023369090909090943, 0.0], "adv_type": "structure", "dataset": "facebook", "sample_size": 1, "test_ratio": 0.3, "b_mse": [0.011984848484848489, 0.011984848484848489], "T": 10, "realization": 0, "beta_mse": [0.507500000000001, 0.0], "attack_edge": 10000, "u_mse": [0.010989010989011005, 0.0], "d_mse": [0.010121212121212132, 0.010121212121212132], "swap_ratio": 0.01}
{"acc": [0.999000999000999, 0.0], "network_size": 8078, "perturbation": 5, "runtime": 154.00562500953674, "alpha_mse": [0.6075000000000007, 0.0], "prob_mse": [0.030702424242424246, 0.0], "adv_type": "structure", "dataset": "facebook", "sample_size": 1, "test_ratio": 0.3, "b_mse": [0.020772727272727273, 0.020772727272727273], "T": 10, "realization": 0, "beta_mse": [0.6155000000000008, 0.0], "attack_edge": 10000, "u_mse": [0.010989010989011005, 0.0], "d_mse": [0.01740909090909092, 0.01740909090909092], "swap_ratio": 0.01}
{"acc": [0.999000999000999, 0.0], "network_size": 8078, "perturbation": 10, "runtime": 144.28851985931396, "alpha_mse": [0.5845000000000008, 0.0], "prob_mse": [0.027025757575757613, 0.0], "adv_type": "structure", "dataset": "facebook", "sample_size": 1, "test_ratio": 0.3, "b_mse": [0.016530303030303038, 0.016530303030303038], "T": 10, "realization": 0, "beta_mse": [0.5795000000000009, 0.0], "attack_edge": 10000, "u_mse": [0.010989010989011005, 0.0], "d_mse": [0.014545454545454556, 0.014545454545454556], "swap_ratio": 0.01}
{"acc": [0.9490509490509491, 0.0], "network_size": 8078, "perturbation": 20, "runtime": 143.32769894599915, "alpha_mse": [1.0295000000000007, 0.0], "prob_mse": [0.06748030303030308, 0.0], "adv_type": "structure", "dataset": "facebook", "sample_size": 1, "test_ratio": 0.3, "b_mse": [0.05698484848484849, 0.05698484848484849], "T": 10, "realization": 0, "beta_mse": [1.0245000000000009, 0.0], "attack_edge": 10000, "u_mse": [0.010989010989011005, 0.0], "d_mse": [0.055000000000000014, 0.055000000000000014], "swap_ratio": 0.01}
{"acc": [0.8491508491508492, 0.0], "network_size": 8078, "perturbation": 30, "runtime": 142.78011798858643, "alpha_mse": [1.5540000000000007, 0.0], "prob_mse": [0.11106090909090909, 0.0], "adv_type": "structure", "dataset": "facebook", "sample_size": 1, "test_ratio": 0.3, "b_mse": [0.10206060606060607, 0.10206060606060607], "T": 10, "realization": 0, "beta_mse": [1.4870000000000008, 0.0], "attack_edge": 10000, "u_mse": [0.010989010989011005, 0.0], "d_mse": [0.09986363636363638, 0.09986363636363638], "swap_ratio": 0.01}
{"acc": [0.7992007992007992, 0.0], "network_size": 8078, "perturbation": 40, "runtime": 143.03172302246094, "alpha_mse": [1.941500000000001, 0.0], "prob_mse": [0.13801515151515148, 0.0], "adv_type": "structure", "dataset": "facebook", "sample_size": 1, "test_ratio": 0.3, "b_mse": [0.1330757575757576, 0.1330757575757576], "T": 10, "realization": 0, "beta_mse": [1.7815000000000007, 0.0], "attack_edge": 10000, "u_mse": [0.010989010989011005, 0.0], "d_mse": [0.1305606060606061, 0.1305606060606061], "swap_ratio": 0.01}
{"acc": [0.7492507492507493, 0.0], "network_size": 8078, "perturbation": 50, "runtime": 147.60869693756104, "alpha_mse": [2.2775000000000007, 0.0], "prob_mse": [0.16643939393939394, 0.0], "adv_type": "structure", "dataset": "facebook", "sample_size": 1, "test_ratio": 0.3, "b_mse": [0.16331818181818183, 0.16331818181818183], "T": 10, "realization": 0, "beta_mse": [2.1175000000000006, 0.0], "attack_edge": 10000, "u_mse": [0.010989010989011005, 0.0], "d_mse": [0.1608030303030303, 0.1608030303030303], "swap_ratio": 0.01}
{"acc": [0.6993006993006993, 0.0], "network_size": 8078, "perturbation": 60, "runtime": 144.21526098251343, "alpha_mse": [2.686500000000001, 0.0], "prob_mse": [0.19776242424242424, 0.0], "adv_type": "structure", "dataset": "facebook", "sample_size": 1, "test_ratio": 0.3, "b_mse": [0.19743939393939397, 0.19743939393939397], "T": 10, "realization": 0, "beta_mse": [2.4685000000000006, 0.0], "attack_edge": 10000, "u_mse": [0.010989010989011005, 0.0], "d_mse": [0.19522727272727275, 0.19522727272727275], "swap_ratio": 0.01}
{"acc": [0.6493506493506493, 0.0], "network_size": 8078, "perturbation": 70, "runtime": 150.0192699432373, "alpha_mse": [2.816500000000001, 0.0], "prob_mse": [0.21606575757575758, 0.0], "adv_type": "structure", "dataset": "facebook", "sample_size": 1, "test_ratio": 0.3, "b_mse": [0.21531818181818183, 0.21531818181818183], "T": 10, "realization": 0, "beta_mse": [2.7185000000000006, 0.0], "attack_edge": 10000, "u_mse": [0.010989010989011005, 0.0], "d_mse": [0.21219696969696974, 0.21219696969696974], "swap_ratio": 0.01}
{"acc": [0.5994005994005994, 0.0], "network_size": 8078, "perturbation": 80, "runtime": 149.54059505462646, "alpha_mse": [3.2605000000000013, 0.0], "prob_mse": [0.2506918181818182, 0.0], "adv_type": "structure", "dataset": "facebook", "sample_size": 1, "test_ratio": 0.3, "b_mse": [0.2514393939393939, 0.2514393939393939], "T": 10, "realization": 0, "beta_mse": [3.0825000000000005, 0.0], "attack_edge": 10000, "u_mse": [0.010989010989011005, 0.0], "d_mse": [0.24892424242424246, 0.24892424242424246], "swap_ratio": 0.01}
{"acc": [0.5994005994005994, 0.0], "network_size": 8078, "perturbation": 90, "runtime": 145.71879696846008, "alpha_mse": [3.1470000000000007, 0.0], "prob_mse": [0.24037363636363632, 0.0], "adv_type": "structure", "dataset": "facebook", "sample_size": 1, "test_ratio": 0.3, "b_mse": [0.24112121212121213, 0.24112121212121213], "T": 10, "realization": 0, "beta_mse": [2.9690000000000003, 0.0], "attack_edge": 10000, "u_mse": [0.010989010989011005, 0.0], "d_mse": [0.23860606060606065, 0.23860606060606065], "swap_ratio": 0.01}
{"acc": [0.5994005994005994, 0.0], "network_size": 8078, "perturbation": 100, "runtime": 147.1315038204193, "alpha_mse": [3.0860000000000007, 0.0], "prob_mse": [0.2364645454545454, 0.0], "adv_type": "structure", "dataset": "facebook", "sample_size": 1, "test_ratio": 0.3, "b_mse": [0.2372121212121212, 0.2372121212121212], "T": 10, "realization": 0, "beta_mse": [2.9260000000000006, 0.0], "attack_edge": 10000, "u_mse": [0.010989010989011005, 0.0], "d_mse": [0.23387878787878796, 0.23387878787878796], "swap_ratio": 0.01}
