{"acc": [0.7420607952707535, 0.0], "network_size": 67392, "b_mse": [0.1774297880376622, 0.1774297880376622], "runtime": 413.44795513153076, "alpha_mse": [2.4216811751904244, 0.0], "prob_mse": [0.18902685156041568, 0.0], "adv_type": "random_pgd_gcn_vae", "dataset": "enron", "sample_size": 1, "test_ratio": 0.3, "T": 10, "realization": 0, "beta_mse": [2.2598560688495404, 0.0], "attack_edge": 10000, "u_mse": [0.010989010989011005, 0.0], "d_mse": [0.1789956144689551, 0.1789956144689551], "gamma": 0.0, "swap_ratio": 0.01}
{"acc": [0.5017800951824165, 0.0], "network_size": 67392, "b_mse": [0.3295538029418729, 0.3295538029418729], "runtime": 437.215882062912, "alpha_mse": [3.943833217924622, 0.0], "prob_mse": [0.3345717617364664, 0.0], "adv_type": "random_pgd_gcn_vae", "dataset": "enron", "sample_size": 1, "test_ratio": 0.3, "T": 10, "realization": 0, "beta_mse": [4.076027302403799, 0.0], "attack_edge": 10000, "u_mse": [0.010989010989011005, 0.0], "d_mse": [0.32884712692260426, 0.32884712692260426], "gamma": 0.01, "swap_ratio": 0.01}
{"acc": [0.5017800951824165, 0.0], "network_size": 67392, "b_mse": [0.3295311558557181, 0.3295311558557181], "runtime": 428.897803068161, "alpha_mse": [3.9453669997032352, 0.0], "prob_mse": [0.3345040351082294, 0.0], "adv_type": "random_pgd_gcn_vae", "dataset": "enron", "sample_size": 1, "test_ratio": 0.3, "T": 10, "realization": 0, "beta_mse": [4.0749287763379165, 0.0], "attack_edge": 10000, "u_mse": [0.010989010989011005, 0.0], "d_mse": [0.32888615605056404, 0.32888615605056404], "gamma": 0.03, "swap_ratio": 0.01}
{"acc": [0.5017800951824165, 0.0], "network_size": 67392, "b_mse": [0.3338770582469267, 0.3338770582469267], "runtime": 429.27892899513245, "alpha_mse": [3.995703333663073, 0.0], "prob_mse": [0.33615311228818, 0.0], "adv_type": "random_pgd_gcn_vae", "dataset": "enron", "sample_size": 1, "test_ratio": 0.3, "T": 10, "realization": 0, "beta_mse": [4.1224804629538045, 0.0], "attack_edge": 10000, "u_mse": [0.010989010989011005, 0.0], "d_mse": [0.3331639223374311, 0.3331639223374311], "gamma": 0.05, "swap_ratio": 0.01}
{"acc": [0.5017800951824165, 0.0], "network_size": 67392, "b_mse": [0.3348755984016643, 0.3348755984016643], "runtime": 438.81550693511963, "alpha_mse": [4.007401820160253, 0.0], "prob_mse": [0.3369655917169519, 0.0], "adv_type": "random_pgd_gcn_vae", "dataset": "enron", "sample_size": 1, "test_ratio": 0.3, "T": 10, "realization": 0, "beta_mse": [4.131998714017213, 0.0], "attack_edge": 10000, "u_mse": [0.010989010989011005, 0.0], "d_mse": [0.3341375821725016, 0.3341375821725016], "gamma": 0.07, "swap_ratio": 0.01}
{"acc": [0.5017800951824165, 0.0], "network_size": 67392, "b_mse": [0.33738576785762464, 0.33738576785762464], "runtime": 449.353590965271, "alpha_mse": [4.0414472252448315, 0.0], "prob_mse": [0.3392323755909076, 0.0], "adv_type": "random_pgd_gcn_vae", "dataset": "enron", "sample_size": 1, "test_ratio": 0.3, "T": 10, "realization": 0, "beta_mse": [4.15530220595509, 0.0], "attack_edge": 10000, "u_mse": [0.010989010989011005, 0.0], "d_mse": [0.3368127261336283, 0.3368127261336283], "gamma": 0.09, "swap_ratio": 0.01}
{"acc": [0.5017306343548973, 0.0], "network_size": 67392, "b_mse": [0.35117181809188935, 0.35117181809188935], "runtime": 467.04155111312866, "alpha_mse": [4.230313087347908, 0.0], "prob_mse": [0.3518101068055168, 0.0], "adv_type": "random_pgd_gcn_vae", "dataset": "enron", "sample_size": 1, "test_ratio": 0.3, "T": 10, "realization": 0, "beta_mse": [4.279015233949947, 0.0], "attack_edge": 10000, "u_mse": [0.010989010989011005, 0.0], "d_mse": [0.3513089296366575, 0.3513089296366575], "gamma": 0.2, "swap_ratio": 0.01}
{"acc": [0.5017306343548973, 0.0], "network_size": 67392, "b_mse": [0.3655355413867631, 0.3655355413867631], "runtime": 440.98243498802185, "alpha_mse": [4.401085171629242, 0.0], "prob_mse": [0.36578384577798956, 0.0], "adv_type": "random_pgd_gcn_vae", "dataset": "enron", "sample_size": 1, "test_ratio": 0.3, "T": 10, "realization": 0, "beta_mse": [4.429604312988426, 0.0], "attack_edge": 10000, "u_mse": [0.010989010989011005, 0.0], "d_mse": [0.36600167267691264, 0.36600167267691264], "gamma": 0.3, "swap_ratio": 0.01}
{"acc": [0.5017306343548973, 0.0], "network_size": 67392, "b_mse": [0.38392127327284115, 0.38392127327284115], "runtime": 419.93748211860657, "alpha_mse": [4.6044410920961525, 0.0], "prob_mse": [0.38414414428187305, 0.0], "adv_type": "random_pgd_gcn_vae", "dataset": "enron", "sample_size": 1, "test_ratio": 0.3, "T": 10, "realization": 0, "beta_mse": [4.630724601839946, 0.0], "attack_edge": 10000, "u_mse": [0.010989010989011005, 0.0], "d_mse": [0.3843496344391587, 0.3843496344391587], "gamma": 0.4, "swap_ratio": 0.01}
{"acc": [0.5017306343548973, 0.0], "network_size": 67392, "b_mse": [0.4043043252787045, 0.4043043252787045], "runtime": 425.4640429019928, "alpha_mse": [4.830440201800377, 0.0], "prob_mse": [0.40451669319568223, 0.0], "adv_type": "random_pgd_gcn_vae", "dataset": "enron", "sample_size": 1, "test_ratio": 0.3, "T": 10, "realization": 0, "beta_mse": [4.853696705905629, 0.0], "attack_edge": 10000, "u_mse": [0.010989010989011005, 0.0], "d_mse": [0.40471410114599354, 0.40471410114599354], "gamma": 0.5, "swap_ratio": 0.01}
