{"acc": [0.7420607952707535, 0.0], "network_size": 67392, "b_mse": [0.1774297880376622, 0.1774297880376622], "runtime": 413.44795513153076, "alpha_mse": [2.4216811751904244, 0.0], "prob_mse": [0.18902685156041568, 0.0], "adv_type": "random_pgd_gcn_vae", "dataset": "enron", "sample_size": 1, "test_ratio": 0.3, "T": 10, "realization": 0, "beta_mse": [2.2598560688495404, 0.0], "attack_edge": 10000, "u_mse": [0.010989010989011005, 0.0], "d_mse": [0.1789956144689551, 0.1789956144689551], "gamma": 0.0, "swap_ratio": 0.01}
{"acc": [0.5017800951824165, 0.0], "network_size": 67392, "b_mse": [0.3295538029418729, 0.3295538029418729], "runtime": 437.215882062912, "alpha_mse": [3.943833217924622, 0.0], "prob_mse": [0.3345717617364664, 0.0], "adv_type": "random_pgd_gcn_vae", "dataset": "enron", "sample_size": 1, "test_ratio": 0.3, "T": 10, "realization": 0, "beta_mse": [4.076027302403799, 0.0], "attack_edge": 10000, "u_mse": [0.010989010989011005, 0.0], "d_mse": [0.32884712692260426, 0.32884712692260426], "gamma": 0.01, "swap_ratio": 0.01}
{"acc": [0.5017800951824165, 0.0], "network_size": 67392, "b_mse": [0.3295311558557181, 0.3295311558557181], "runtime": 428.897803068161, "alpha_mse": [3.9453669997032352, 0.0], "prob_mse": [0.3345040351082294, 0.0], "adv_type": "random_pgd_gcn_vae", "dataset": "enron", "sample_size": 1, "test_ratio": 0.3, "T": 10, "realization": 0, "beta_mse": [4.0749287763379165, 0.0], "attack_edge": 10000, "u_mse": [0.010989010989011005, 0.0], "d_mse": [0.32888615605056404, 0.32888615605056404], "gamma": 0.03, "swap_ratio": 0.01}
{"acc": [0.5017800951824165, 0.0], "network_size": 67392, "b_mse": [0.3338770582469267, 0.3338770582469267], "runtime": 429.27892899513245, "alpha_mse": [3.995703333663073, 0.0], "prob_mse": [0.33615311228818, 0.0], "adv_type": "random_pgd_gcn_vae", "dataset": "enron", "sample_size": 1, "test_ratio": 0.3, "T": 10, "realization": 0, "beta_mse": [4.1224804629538045, 0.0], "attack_edge": 10000, "u_mse": [0.010989010989011005, 0.0], "d_mse": [0.3331639223374311, 0.3331639223374311], "gamma": 0.05, "swap_ratio": 0.01}
{"acc": [0.5017800951824165, 0.0], "network_size": 67392, "b_mse": [0.3348755984016643, 0.3348755984016643], "runtime": 438.81550693511963, "alpha_mse": [4.007401820160253, 0.0], "prob_mse": [0.3369655917169519, 0.0], "adv_type": "random_pgd_gcn_vae", "dataset": "enron", "sample_size": 1, "test_ratio": 0.3, "T": 10, "realization": 0, "beta_mse": [4.131998714017213, 0.0], "attack_edge": 10000, "u_mse": [0.010989010989011005, 0.0], "d_mse": [0.3341375821725016, 0.3341375821725016], "gamma": 0.07, "swap_ratio": 0.01}
{"acc": [0.5017800951824165, 0.0], "network_size": 67392, "b_mse": [0.33738576785762464, 0.33738576785762464], "runtime": 449.353590965271, "alpha_mse": [4.0414472252448315, 0.0], "prob_mse": [0.3392323755909076, 0.0], "adv_type": "random_pgd_gcn_vae", "dataset": "enron", "sample_size": 1, "test_ratio": 0.3, "T": 10, "realization": 0, "beta_mse": [4.15530220595509, 0.0], "attack_edge": 10000, "u_mse": [0.010989010989011005, 0.0], "d_mse": [0.3368127261336283, 0.3368127261336283], "gamma": 0.09, "swap_ratio": 0.01}
{"acc": [0.5017306343548973, 0.0], "network_size": 67392, "b_mse": [0.35117181809188935, 0.35117181809188935], "runtime": 467.04155111312866, "alpha_mse": [4.230313087347908, 0.0], "prob_mse": [0.3518101068055168, 0.0], "adv_type": "random_pgd_gcn_vae", "dataset": "enron", "sample_size": 1, "test_ratio": 0.3, "T": 10, "realization": 0, "beta_mse": [4.279015233949947, 0.0], "attack_edge": 10000, "u_mse": [0.010989010989011005, 0.0], "d_mse": [0.3513089296366575, 0.3513089296366575], "gamma": 0.2, "swap_ratio": 0.01}
{"acc": [0.5017306343548973, 0.0], "network_size": 67392, "b_mse": [0.3655355413867631, 0.3655355413867631], "runtime": 440.98243498802185, "alpha_mse": [4.401085171629242, 0.0], "prob_mse": [0.36578384577798956, 0.0], "adv_type": "random_pgd_gcn_vae", "dataset": "enron", "sample_size": 1, "test_ratio": 0.3, "T": 10, "realization": 0, "beta_mse": [4.429604312988426, 0.0], "attack_edge": 10000, "u_mse": [0.010989010989011005, 0.0], "d_mse": [0.36600167267691264, 0.36600167267691264], "gamma": 0.3, "swap_ratio": 0.01}
{"acc": [0.5017306343548973, 0.0], "network_size": 67392, "b_mse": [0.38392127327284115, 0.38392127327284115], "runtime": 419.93748211860657, "alpha_mse": [4.6044410920961525, 0.0], "prob_mse": [0.38414414428187305, 0.0], "adv_type": "random_pgd_gcn_vae", "dataset": "enron", "sample_size": 1, "test_ratio": 0.3, "T": 10, "realization": 0, "beta_mse": [4.630724601839946, 0.0], "attack_edge": 10000, "u_mse": [0.010989010989011005, 0.0], "d_mse": [0.3843496344391587, 0.3843496344391587], "gamma": 0.4, "swap_ratio": 0.01}
{"acc": [0.5017306343548973, 0.0], "network_size": 67392, "b_mse": [0.4043043252787045, 0.4043043252787045], "runtime": 425.4640429019928, "alpha_mse": [4.830440201800377, 0.0], "prob_mse": [0.40451669319568223, 0.0], "adv_type": "random_pgd_gcn_vae", "dataset": "enron", "sample_size": 1, "test_ratio": 0.3, "T": 10, "realization": 0, "beta_mse": [4.853696705905629, 0.0], "attack_edge": 10000, "u_mse": [0.010989010989011005, 0.0], "d_mse": [0.40471410114599354, 0.40471410114599354], "gamma": 0.5, "swap_ratio": 0.01}
{"acc": [0.7283972704270708, 0.0], "network_size": 164336, "b_mse": [0.1732585223431065, 0.1732585223431065], "runtime": 1042.7993259429932, "alpha_mse": [2.39519290060852, 0.0], "prob_mse": [0.18597755375253547, 0.0], "adv_type": "random_pgd_gcn_vae", "dataset": "slashdot", "sample_size": 1, "test_ratio": 0.3, "T": 10, "realization": 0, "beta_mse": [2.197498782961461, 0.0], "attack_edge": 10000, "u_mse": [0.010989010989011005, 0.0], "d_mse": [0.17513136025570103, 0.17513136025570103], "gamma": 0.0, "swap_ratio": 0.01}
{"acc": [0.5009734275969867, 0.0], "network_size": 164336, "b_mse": [0.31830976704161285, 0.31830976704161285], "runtime": 1190.4574329853058, "alpha_mse": [3.8428107505071, 0.0], "prob_mse": [0.3239629210154281, 0.0], "adv_type": "random_pgd_gcn_vae", "dataset": "slashdot", "sample_size": 1, "test_ratio": 0.3, "T": 10, "realization": 0, "beta_mse": [3.9321989858012176, 0.0], "attack_edge": 10000, "u_mse": [0.010989010989011005, 0.0], "d_mse": [0.31782089249492906, 0.31782089249492906], "gamma": 0.01, "swap_ratio": 0.01}
{"acc": [0.5009734275969867, 0.0], "network_size": 164336, "b_mse": [0.3182787018255578, 0.3182787018255578], "runtime": 1301.6235990524292, "alpha_mse": [3.8453977687626786, 0.0], "prob_mse": [0.32386166107320674, 0.0], "adv_type": "random_pgd_gcn_vae", "dataset": "slashdot", "sample_size": 1, "test_ratio": 0.3, "T": 10, "realization": 0, "beta_mse": [3.9305888438133874, 0.0], "attack_edge": 10000, "u_mse": [0.010989010989011005, 0.0], "d_mse": [0.31787468191038176, 0.31787468191038176], "gamma": 0.03, "swap_ratio": 0.01}
{"acc": [0.5009531436295563, 0.0], "network_size": 164336, "b_mse": [0.3229411518839511, 0.3229411518839511], "runtime": 1342.592008113861, "alpha_mse": [3.8894135902636924, 0.0], "prob_mse": [0.3251735332226934, 0.0], "adv_type": "random_pgd_gcn_vae", "dataset": "slashdot", "sample_size": 1, "test_ratio": 0.3, "T": 10, "realization": 0, "beta_mse": [3.990032657200812, 0.0], "attack_edge": 10000, "u_mse": [0.010989010989011005, 0.0], "d_mse": [0.32226466900239725, 0.32226466900239725], "gamma": 0.05, "swap_ratio": 0.01}
{"acc": [0.5009734275969867, 0.0], "network_size": 164336, "b_mse": [0.3241351527444834, 0.3241351527444834], "runtime": 1251.081302165985, "alpha_mse": [3.904280121703854, 0.0], "prob_mse": [0.32608891855676436, 0.0], "adv_type": "random_pgd_gcn_vae", "dataset": "slashdot", "sample_size": 1, "test_ratio": 0.3, "T": 10, "realization": 0, "beta_mse": [4.001174239350913, 0.0], "attack_edge": 10000, "u_mse": [0.010989010989011005, 0.0], "d_mse": [0.32343010633720576, 0.32343010633720576], "gamma": 0.07, "swap_ratio": 0.01}
{"acc": [0.5009734275969867, 0.0], "network_size": 164336, "b_mse": [0.326968301678038, 0.326968301678038], "runtime": 1223.9346771240234,