{"acc": [0.7498756060187891, 0.0], "network_size": 67392, "b_mse": [0.17431597106688612, 0.17431597106688612], "runtime": 510.73222494125366, "alpha_mse": [2.3834954001384907, 0.0], "prob_mse": [0.18568983504048295, 0.0], "adv_type": "random_noise", "dataset": "enron", "sample_size": 1, "test_ratio": 0.3, "T": 10, "realization": 0, "beta_mse": [2.228903452369176, 0.0], "attack_edge": 10000, "u_mse": [0.010989010989011005, 0.0], "d_mse": [0.17575062125858448, 0.17575062125858448], "gamma": 0.0, "swap_ratio": 0.01}
{"acc": [0.7498756060187891, 0.0], "network_size": 67392, "b_mse": [0.17431597106688612, 0.17431597106688612], "runtime": 523.4089801311493, "alpha_mse": [2.3834954001384907, 0.0], "prob_mse": [0.18568983504048295, 0.0], "adv_type": "random_noise", "dataset": "enron", "sample_size": 1, "test_ratio": 0.3, "T": 10, "realization": 1, "beta_mse": [2.228903452369176, 0.0], "attack_edge": 10000, "u_mse": [0.010989010989011005, 0.0], "d_mse": [0.17575062125858448, 0.17575062125858448], "gamma": 0.0, "swap_ratio": 0.01}
{"acc": [0.6896323181003876, 0.0], "network_size": 67392, "b_mse": [0.22186776259978358, 0.22186776259978358], "runtime": 546.4289569854736, "alpha_mse": [2.8173558215451577, 0.0], "prob_mse": [0.22914190085642253, 0.0], "adv_type": "random_noise", "dataset": "enron", "sample_size": 1, "test_ratio": 0.3, "T": 10, "realization": 0, "beta_mse": [2.8330448115540614, 0.0], "attack_edge": 10000, "u_mse": [0.010989010989011005, 0.0], "d_mse": [0.22170115438688, 0.22170115438688], "gamma": 0.01, "swap_ratio": 0.01}
{"acc": [0.6896323181003876, 0.0], "network_size": 67392, "b_mse": [0.22186776259978358, 0.22186776259978358], "runtime": 556.7668569087982, "alpha_mse": [2.8173558215451577, 0.0], "prob_mse": [0.22914190085642253, 0.0], "adv_type": "random_noise", "dataset": "enron", "sample_size": 1, "test_ratio": 0.3, "T": 10, "realization": 1, "beta_mse": [2.8330448115540614, 0.0], "attack_edge": 10000, "u_mse": [0.010989010989011005, 0.0], "d_mse": [0.22170115438688, 0.22170115438688], "gamma": 0.01, "swap_ratio": 0.01}
{"acc": [0.6895333964453493, 0.0], "network_size": 67392, "b_mse": [0.22195039223973836, 0.22195039223973836], "runtime": 488.2483241558075, "alpha_mse": [2.817912256405184, 0.0], "prob_mse": [0.22921087449827188, 0.0], "adv_type": "random_noise", "dataset": "enron", "sample_size": 1, "test_ratio": 0.3, "T": 10, "realization": 0, "beta_mse": [2.8343144722524487, 0.0], "attack_edge": 10000, "u_mse": [0.010989010989011005, 0.0], "d_mse": [0.22178652685725592, 0.22178652685725592], "gamma": 0.03, "swap_ratio": 0.01}
{"acc": [0.6895333964453493, 0.0], "network_size": 67392, "b_mse": [0.22195039223973836, 0.22195039223973836], "runtime": 450.8198540210724, "alpha_mse": [2.8179122564051844, 0.0], "prob_mse": [0.22921087449827188, 0.0], "adv_type": "random_noise", "dataset": "enron", "sample_size": 1, "test_ratio": 0.3, "T": 10, "realization": 1, "beta_mse": [2.8343144722524487, 0.0], "attack_edge": 10000, "u_mse": [0.010989010989011005, 0.0], "d_mse": [0.22178652685725592, 0.22178652685725592], "gamma": 0.03, "swap_ratio": 0.01}
{"acc": [0.6830045672128131, 0.0], "network_size": 67392, "b_mse": [0.22513388909372686, 0.22513388909372686], "runtime": 446.55475902557373, "alpha_mse": [2.8495894747254926, 0.0], "prob_mse": [0.23223198799749398, 0.0], "adv_type": "random_noise", "dataset": "enron", "sample_size": 1, "test_ratio": 0.3, "T": 10, "realization": 0, "beta_mse": [2.8696053022059553, 0.0], "attack_edge": 10000, "u_mse": [0.010989010989011005, 0.0], "d_mse": [0.22480287592514325, 0.22480287592514325], "gamma": 0.05, "swap_ratio": 0.01}
{"acc": [0.6830045672128131, 0.0], "network_size": 67392, "b_mse": [0.22513388909372686, 0.22513388909372686], "runtime": 457.53871607780457, "alpha_mse": [2.8495894747254926, 0.0], "prob_mse": [0.23223198799749398, 0.0], "adv_type": "random_noise", "dataset": "enron", "sample_size": 1, "test_ratio": 0.3, "T": 10, "realization": 1, "beta_mse": [2.8696053022059553, 0.0], "attack_edge": 10000, "u_mse": [0.010989010989011005, 0.0], "d_mse": [0.22480287592514325, 0.22480287592514325], "gamma": 0.05, "swap_ratio": 0.01}
{"acc": [0.6829056455577747, 0.0], "network_size": 67392, "b_mse": [0.22555298758681883, 0.22555298758681883], "runtime": 454.2722408771515, "alpha_mse": [2.8551028786230095, 0.0], "prob_mse": [0.23240831302439768, 0.0], "adv_type": "random_noise", "dataset": "enron", "sample_size": 1, "test_ratio": 0.3, "T": 10, "realization": 0, "beta_mse": [2.8743906420021768, 0.0], "attack_edge": 10000, "u_mse": [0.010989010989011005, 0.0], "d_mse": [0.2252594447791797, 0.2252594447791797], "gamma": 0.07, "swap_ratio": 0.01}
{"acc": [0.6829056455577747, 0.0], "network_size": 67392, "b_mse": [0.22555298758681883, 0.22555298758681883], "runtime": 445.2143089771271, "alpha_mse": [2.8551028786230095, 0.0], "prob_mse": [0.23240831302439768, 0.0], "adv_type": "random_noise", "dataset": "enron", "sample_size": 1, "test_ratio": 0.3, "T": 10, "realization": 1, "beta_mse": [2.8743906420021768, 0.0], "attack_edge": 10000, "u_mse": [0.010989010989011005, 0.0], "d_mse": [0.2252594447791797, 0.2252594447791797], "gamma": 0.07, "swap_ratio": 0.01}
{"acc": [0.682757263075217, 0.0], "network_size": 67392, "b_mse": [0.22642339409527065, 0.22642339409527065], "runtime": 446.8846790790558, "alpha_mse": [2.8660183994460384, 0.0], "prob_mse": [0.23288336735642104, 0.0], "adv_type": "random_noise", "dataset": "enron", "sample_size": 1, "test_ratio": 0.3, "T": 10, "realization": 0, "beta_mse": [2.883581956672273, 0.0], "attack_edge": 10000, "u_mse": [0.010989010989011005, 0.0], "d_mse": [0.22615703978153281, 0.22615703978153281], "gamma": 0.09, "swap_ratio": 0.01}
{"acc": [0.682757263075217, 0.0], "network_size": 67392, "b_mse": [0.22642339409527065, 0.22642339409527065], "runtime": 437.3369719982147, "alpha_mse": [2.8660183994460384, 0.0], "prob_mse": [0.23288336735642104, 0.0], "adv_type": "random_noise", "dataset": "enron", "sample_size": 1, "test_ratio": 0.3, "T": 10, "realization": 1, "beta_mse": [2.883581956672273, 0.0], "attack_edge": 10000, "u_mse": [0.010989010989011005, 0.0], "d_mse": [0.22615703978153281, 0.22615703978153281], "gamma": 0.09, "swap_ratio": 0.01}
{"acc": [0.6891377098251955, 0.0], "network_size": 67392, "b_mse": [0.22594698093807797, 0.22594698093807797], "runtime": 440.0641191005707, "alpha_mse": [2.867096151943813, 0.0], "prob_mse": [0.2311785201905293, 0.0], "adv_type": "random_noise", "dataset": "enron", "sample_size": 1, "test_ratio": 0.3, "T": 10, "realization": 0, "beta_mse": [2.873489464833318, 0.0], "attack_edge": 10000, "u_mse": [0.010989010989011005, 0.0], "d_mse": [0.22588780774407446, 0.22588780774407446], "gamma": 0.2, "swap_ratio": 0.01}
{"acc": [0.6891377098251955, 0.0], "network_size": 67392, "b_mse": [0.22594698093807797, 0.22594698093807797], "runtime": 445.6458258628845, "alpha_mse": [2.867096151943813, 0.0], "prob_mse": [0.2311785201905293, 0.0], "adv_type": "random_noise", "dataset": "enron", "sample_size": 1, "test_ratio": 0.3, "T": 10, "realization": 1, "beta_mse": [2.873489464833318, 0.0], "attack_edge": 10000, "u_mse": [0.010989010989011005, 0.0], "d_mse": [0.22588780774407444, 0.22588780774407444], "gamma": 0.2, "swap_ratio": 0.01}
{"acc": [0.6885936407224842, 0.0], "network_size": 67392, "b_mse": [0.23045643396073706, 0.23045643396073706], "runtime": 432.808935880661, "alpha_mse": [2.925615293302998, 0.0], "prob_mse": [0.2347201635506314, 0.0], "adv_type": "random_noise", "dataset": "enron", "sample_size": 1, "test_ratio": 0.3, "T": 10, "realization": 0, "beta_mse": [2.9179112671876553, 0.0], "attack_edge": 10000, "u_mse": [0.010989010989011005, 0.0], "d_mse": [0.230594175007569, 0.230594175007569], "gamma": 0.3, "swap_ratio": 0.01}
{"acc": [0.6885936407224842, 0.0], "network_size": 67392, "b_mse": [0.23045643396073706, 0.23045643396073706], "runtime": 439.6358630657196, "alpha_mse": [2.925615293302998, 0.0], "prob_mse": [0.2347201635506314, 0.0],