{"acc": [0.999000999000999, 0.0], "network_size": 8078, "perturbation": 0.0, "runtime": 154.0833067893982, "alpha_mse": [0.5565000000000008, 0.0], "prob_mse": [0.023369090909090943, 0.0], "adv_type": "structure", "dataset": "facebook", "sample_size": 1, "test_ratio": 0.3, "b_mse": [0.011984848484848489, 0.011984848484848489], "T": 10, "realization": 0, "beta_mse": [0.507500000000001, 0.0], "attack_edge": 10000, "u_mse": [0.010989010989011005, 0.0], "d_mse": [0.010121212121212132, 0.010121212121212132], "swap_ratio": 0.01}
{"acc": [0.999000999000999, 0.0], "network_size": 8078, "perturbation": 5, "runtime": 148.62273406982422, "alpha_mse": [0.5795000000000007, 0.0], "prob_mse": [0.02704575757575759, 0.0], "adv_type": "structure", "dataset": "facebook", "sample_size": 1, "test_ratio": 0.3, "b_mse": [0.016227272727272726, 0.016227272727272726], "T": 10, "realization": 0, "beta_mse": [0.5435000000000009, 0.0], "attack_edge": 10000, "u_mse": [0.010989010989011005, 0.0], "d_mse": [0.012984848484848493, 0.012984848484848493], "swap_ratio": 0.01}
{"acc": [0.999000999000999, 0.0], "network_size": 8078, "perturbation": 10, "runtime": 143.8061912059784, "alpha_mse": [0.5570000000000008, 0.0], "prob_mse": [0.023778181818181858, 0.0], "adv_type": "structure", "dataset": "facebook", "sample_size": 1, "test_ratio": 0.3, "b_mse": [0.013439393939393942, 0.013439393939393942], "T": 10, "realization": 0, "beta_mse": [0.5390000000000008, 0.0], "attack_edge": 10000, "u_mse": [0.010989010989011005, 0.0], "d_mse": [0.01086363636363637, 0.01086363636363637], "swap_ratio": 0.01}
{"acc": [0.9490509490509491, 0.0], "network_size": 8078, "perturbation": 20, "runtime": 146.09395384788513, "alpha_mse": [1.0295000000000007, 0.0], "prob_mse": [0.06748030303030308, 0.0], "adv_type": "structure", "dataset": "facebook", "sample_size": 1, "test_ratio": 0.3, "b_mse": [0.05698484848484849, 0.05698484848484849], "T": 10, "realization": 0, "beta_mse": [1.0245000000000009, 0.0], "attack_edge": 10000, "u_mse": [0.010989010989011005, 0.0], "d_mse": [0.055000000000000014, 0.055000000000000014], "swap_ratio": 0.01}
{"acc": [0.8491508491508492, 0.0], "network_size": 8078, "perturbation": 30, "runtime": 144.58718395233154, "alpha_mse": [1.4290000000000007, 0.0], "prob_mse": [0.09820212121212124, 0.0], "adv_type": "structure", "dataset": "facebook", "sample_size": 1, "test_ratio": 0.3, "b_mse": [0.08706060606060607, 0.08706060606060607], "T": 10, "realization": 0, "beta_mse": [1.2820000000000007, 0.0], "attack_edge": 10000, "u_mse": [0.010989010989011005, 0.0], "d_mse": [0.08546969696969697, 0.08546969696969697], "swap_ratio": 0.01}
{"acc": [0.6993006993006993, 0.0], "network_size": 8078, "perturbation": 40, "runtime": 149.0814950466156, "alpha_mse": [2.5390000000000006, 0.0], "prob_mse": [0.18688848484848486, 0.0], "adv_type": "structure", "dataset": "facebook", "sample_size": 1, "test_ratio": 0.3, "b_mse": [0.17584848484848487, 0.17584848484848487], "T": 10, "realization": 0, "beta_mse": [2.1920000000000006, 0.0], "attack_edge": 10000, "u_mse": [0.010989010989011005, 0.0], "d_mse": [0.17759090909090913, 0.17759090909090913], "swap_ratio": 0.01}
{"acc": [0.5994005994005994, 0.0], "network_size": 8078, "perturbation": 50, "runtime": 145.61904001235962, "alpha_mse": [3.079500000000001, 0.0], "prob_mse": [0.23479242424242427, 0.0], "adv_type": "structure", "dataset": "facebook", "sample_size": 1, "test_ratio": 0.3, "b_mse": [0.2245, 0.2245], "T": 10, "realization": 0, "beta_mse": [2.7105000000000006, 0.0], "attack_edge": 10000, "u_mse": [0.010989010989011005, 0.0], "d_mse": [0.22572727272727278, 0.22572727272727278], "swap_ratio": 0.01}
{"acc": [0.44955044955044954, 0.0], "network_size": 8078, "perturbation": 60, "runtime": 161.66876792907715, "alpha_mse": [3.9465000000000017, 0.0], "prob_mse": [0.3082769696969697, 0.0], "adv_type": "structure", "dataset": "facebook", "sample_size": 1, "test_ratio": 0.3, "b_mse": [0.2998939393939394, 0.2998939393939394], "T": 10, "realization": 0, "beta_mse": [3.4935, 0.0], "attack_edge": 10000, "u_mse": [0.010989010989011005, 0.0], "d_mse": [0.3007272727272728, 0.3007272727272728], "swap_ratio": 0.01}
{"acc": [0.44955044955044954, 0.0], "network_size": 8078, "perturbation": 70, "runtime": 145.5746009349823, "alpha_mse": [3.9465000000000017, 0.0], "prob_mse": [0.3082769696969697, 0.0], "adv_type": "structure", "dataset": "facebook", "sample_size": 1, "test_ratio": 0.3, "b_mse": [0.2998939393939394, 0.2998939393939394], "T": 10, "realization": 0, "beta_mse": [3.4935, 0.0], "attack_edge": 10000, "u_mse": [0.010989010989011005, 0.0], "d_mse": [0.3007272727272728, 0.3007272727272728], "swap_ratio": 0.01}
{"acc": [0.44955044955044954, 0.0], "network_size": 8078, "perturbation": 80, "runtime": 144.44917011260986, "alpha_mse": [3.964500000000002, 0.0], "prob_mse": [0.309529393939394, 0.0], "adv_type": "structure", "dataset": "facebook", "sample_size": 1, "test_ratio": 0.3, "b_mse": [0.2998939393939394, 0.2998939393939394], "T": 10, "realization": 0, "beta_mse": [3.475500000000001, 0.0], "attack_edge": 10000, "u_mse": [0.010989010989011005, 0.0], "d_mse": [0.30121212121212126, 0.30121212121212126], "swap_ratio": 0.01}
{"acc": [0.44955044955044954, 0.0], "network_size": 8078, "perturbation": 90, "runtime": 142.2654571533203, "alpha_mse": [3.964500000000002, 0.0], "prob_mse": [0.309529393939394, 0.0], "adv_type": "structure", "dataset": "facebook", "sample_size": 1, "test_ratio": 0.3, "b_mse": [0.2998939393939394, 0.2998939393939394], "T": 10, "realization": 0, "beta_mse": [3.475500000000001, 0.0], "attack_edge": 10000, "u_mse": [0.010989010989011005, 0.0], "d_mse": [0.30121212121212126, 0.30121212121212126], "swap_ratio": 0.01}
{"acc": [0.3996003996003996, 0.0], "network_size": 8078, "perturbation": 100, "runtime": 147.17103385925293, "alpha_mse": [4.255000000000001, 0.0], "prob_mse": [0.33388787878787884, 0.0], "adv_type": "structure", "dataset": "facebook", "sample_size": 1, "test_ratio": 0.3, "b_mse": [0.325, 0.325], "T": 10, "realization": 0, "beta_mse": [3.7350000000000008, 0.0], "attack_edge": 10000, "u_mse": [0.010989010989011005, 0.0], "d_mse": [0.3262121212121213, 0.3262121212121213], "swap_ratio": 0.01}
