{"acc": [0.7420607952707535, 0.0], "network_size": 67392, "b_mse": [0.1774297880376622, 0.1774297880376622], "runtime": 472.3220520019531, "alpha_mse": [2.421681175190425, 0.0], "prob_mse": [0.1890268515604157, 0.0], "adv_type": "random_pgd_csl", "dataset": "enron", "sample_size": 1, "test_ratio": 0.3, "T": 10, "realization": 0, "beta_mse": [2.2598560688495404, 0.0], "attack_edge": 10000, "u_mse": [0.010989010989011005, 0.0], "d_mse": [0.1789956144689551, 0.1789956144689551], "gamma": 0.0, "swap_ratio": 0.01}
{"acc": [0.6254816248079683, 0.0], "network_size": 67392, "b_mse": [0.2602415039703595, 0.2602415039703595], "runtime": 436.8664050102234, "alpha_mse": [3.223934612721338, 0.0], "prob_mse": [0.2666860157615326, 0.0], "adv_type": "random_pgd_csl", "dataset": "enron", "sample_size": 1, "test_ratio": 0.3, "T": 10, "realization": 0, "beta_mse": [3.272181719260066, 0.0], "attack_edge": 10000, "u_mse": [0.010989010989011005, 0.0], "d_mse": [0.2599357608131968, 0.2599357608131968], "gamma": 0.01, "swap_ratio": 0.01}
{"acc": [0.6254816248079683, 0.0], "network_size": 67392, "b_mse": [0.2606677218320309, 0.2606677218320309], "runtime": 426.94465494155884, "alpha_mse": [3.230034128004749, 0.0], "prob_mse": [0.26707339634349225, 0.0], "adv_type": "random_pgd_csl", "dataset": "enron", "sample_size": 1, "test_ratio": 0.3, "T": 10, "realization": 0, "beta_mse": [3.2763641309724014, 0.0], "attack_edge": 10000, "u_mse": [0.010989010989011005, 0.0], "d_mse": [0.26041568119617386, 0.26041568119617386], "gamma": 0.03, "swap_ratio": 0.01}
{"acc": [0.624245104119988, 0.0], "network_size": 67392, "b_mse": [0.2631784458493332, 0.2631784458493332], "runtime": 421.55546402931213, "alpha_mse": [3.2518735779998025, 0.0], "prob_mse": [0.2685702428379152, 0.0], "adv_type": "random_pgd_csl", "dataset": "enron", "sample_size": 1, "test_ratio": 0.3, "T": 10, "realization": 0, "beta_mse": [3.3088495400138496, 0.0], "attack_edge": 10000, "u_mse": [0.010989010989011005, 0.0], "d_mse": [0.26276054640779145, 0.26276054640779145], "gamma": 0.05, "swap_ratio": 0.01}
{"acc": [0.6226128968118539, 0.0], "network_size": 67392, "b_mse": [0.2639035872624754, 0.2639035872624754], "runtime": 418.0571458339691, "alpha_mse": [3.2648976159857557, 0.0], "prob_mse": [0.268882490549975, 0.0], "adv_type": "random_pgd_csl", "dataset": "enron", "sample_size": 1, "test_ratio": 0.3, "T": 10, "realization": 0, "beta_mse": [3.3127421109902078, 0.0], "attack_edge": 10000, "u_mse": [0.010989010989011005, 0.0], "d_mse": [0.26358237634031484, 0.26358237634031484], "gamma": 0.07, "swap_ratio": 0.01}
{"acc": [0.6214258369513929, 0.0], "network_size": 67392, "b_mse": [0.2663816371250341, 0.2663816371250341], "runtime": 420.1033899784088, "alpha_mse": [3.3002710456029285, 0.0], "prob_mse": [0.2707761073990473, 0.0], "adv_type": "random_pgd_csl", "dataset": "enron", "sample_size": 1, "test_ratio": 0.3, "T": 10, "realization": 0, "beta_mse": [3.334739341181127, 0.0], "attack_edge": 10000, "u_mse": [0.010989010989011005, 0.0], "d_mse": [0.26620074521053855, 0.26620074521053855], "gamma": 0.09, "swap_ratio": 0.01}
{"acc": [0.6170238233021829, 0.0], "network_size": 67392, "b_mse": [0.2747855346420981, 0.2747855346420981], "runtime": 468.5222718715668, "alpha_mse": [3.4050276980908105, 0.0], "prob_mse": [0.2774203568976939, 0.0], "adv_type": "random_pgd_csl", "dataset": "enron", "sample_size": 1, "test_ratio": 0.3, "T": 10, "realization": 0, "beta_mse": [3.419442575922446, 0.0], "attack_edge": 10000, "u_mse": [0.010989010989011005, 0.0], "d_mse": [0.2748150313102336, 0.2748150313102336], "gamma": 0.2, "swap_ratio": 0.01}
{"acc": [0.6150453902014144, 0.0], "network_size": 67392, "b_mse": [0.2837062233773085, 0.2837062233773085], "runtime": 438.3812680244446, "alpha_mse": [3.5186343852013056, 0.0], "prob_mse": [0.2854122117405132, 0.0], "adv_type": "random_pgd_csl", "dataset": "enron", "sample_size": 1, "test_ratio": 0.3, "T": 10, "realization": 0, "beta_mse": [3.5080734988624003, 0.0], "attack_edge": 10000, "u_mse": [0.010989010989011005, 0.0], "d_mse": [0.2840695509851707, 0.2840695509851707], "gamma": 0.3, "swap_ratio": 0.01}
{"acc": [0.611929358067704, 0.0], "network_size": 67392, "b_mse": [0.29361164818628466, 0.29361164818628466], "runtime": 422.0351369380951, "alpha_mse": [3.629507369670591, 0.0], "prob_mse": [0.29511841173631653, 0.0], "adv_type": "random_pgd_csl", "dataset": "enron", "sample_size": 1, "test_ratio": 0.3, "T": 10, "realization": 0, "beta_mse": [3.615814620635078, 0.0], "attack_edge": 10000, "u_mse": [0.010989010989011005, 0.0], "d_mse": [0.2939804914312779, 0.2939804914312779], "gamma": 0.4, "swap_ratio": 0.01}
{"acc": [0.6105939157246852, 0.0], "network_size": 67392, "b_mse": [0.30673574702410394, 0.30673574702410394], "runtime": 419.7908329963684, "alpha_mse": [3.773456820654862, 0.0], "prob_mse": [0.3080977319939927, 0.0], "adv_type": "random_pgd_csl", "dataset": "enron", "sample_size": 1, "test_ratio": 0.3, "T": 10, "realization": 0, "beta_mse": [3.760304184390148, 0.0], "attack_edge": 10000, "u_mse": [0.010989010989011005, 0.0], "d_mse": [0.30709624187267875, 0.30709624187267875], "gamma": 0.5, "swap_ratio": 0.01}
