{"acc": [0.7529916381524996, 0.0], "network_size": 67392, "b_mse": [0.17009082815492949, 0.17009082815492949], "runtime": 360.87105798721313, "alpha_mse": [2.328243644277377, 0.0], "prob_mse": [0.18139523107222186, 0.0], "adv_type": "random_pgd", "dataset": "enron", "sample_size": 1, "test_ratio": 0.3, "T": 10, "realization": 0, "beta_mse": [2.1861929963398956, 0.0], "attack_edge": 10000, "u_mse": [0.010989010989011005, 0.0], "d_mse": [0.17120333815951586, 0.17120333815951586], "gamma": 0.0, "swap_ratio": 0.01}
{"acc": [0.5021263209750509, 0.0], "network_size": 67392, "b_mse": [0.3288763687922854, 0.3288763687922854], "runtime": 436.35759687423706, "alpha_mse": [3.9281481847858344, 0.0], "prob_mse": [0.33348407359778415, 0.0], "adv_type": "random_pgd", "dataset": "enron", "sample_size": 1, "test_ratio": 0.3, "T": 10, "realization": 0, "beta_mse": [4.074090414482145, 0.0], "attack_edge": 10000, "u_mse": [0.010989010989011005, 0.0], "d_mse": [0.3278232717920126, 0.3278232717920126], "gamma": 0.01, "swap_ratio": 0.01}
{"acc": [0.5018790168374548, 0.0], "network_size": 67392, "b_mse": [0.32894687302343845, 0.32894687302343845], "runtime": 445.2852759361267, "alpha_mse": [3.930081115837373, 0.0], "prob_mse": [0.33353312289978626, 0.0], "adv_type": "random_pgd", "dataset": "enron", "sample_size": 1, "test_ratio": 0.3, "T": 10, "realization": 0, "beta_mse": [4.07457809872391, 0.0], "attack_edge": 10000, "u_mse": [0.010989010989011005, 0.0], "d_mse": [0.3279355929459798, 0.3279355929459798], "gamma": 0.03, "swap_ratio": 0.01}
{"acc": [0.5016317126998588, 0.0], "network_size": 67392, "b_mse": [0.3331646417683612, 0.3331646417683612], "runtime": 442.4079728126526, "alpha_mse": [3.9899846671283026, 0.0], "prob_mse": [0.3355107503964364, 0.0], "adv_type": "random_pgd", "dataset": "enron", "sample_size": 1, "test_ratio": 0.3, "T": 10, "realization": 0, "beta_mse": [4.113634879810071, 0.0], "attack_edge": 10000, "u_mse": [0.010989010989011005, 0.0], "d_mse": [0.3324054023267596, 0.3324054023267596], "gamma": 0.05, "swap_ratio": 0.01}
{"acc": [0.5014833302173012, 0.0], "network_size": 67392, "b_mse": [0.33397155849722876, 0.33397155849722876], "runtime": 446.2395648956299, "alpha_mse": [4.000535166683154, 0.0], "prob_mse": [0.33613349460576686, 0.0], "adv_type": "random_pgd", "dataset": "enron", "sample_size": 1, "test_ratio": 0.3, "T": 10, "realization": 0, "beta_mse": [4.121109902067465, 0.0], "attack_edge": 10000, "u_mse": [0.010989010989011005, 0.0], "d_mse": [0.33324326957376715, 0.33324326957376715], "gamma": 0.07, "swap_ratio": 0.01}
