{"acc": [0.5013349477347435, 0.0], "network_size": 67392, "b_mse": [0.33661966384589787, 0.33661966384589787], "runtime": 415.9729869365692, "alpha_mse": [4.03659214561282, 0.0], "prob_mse": [0.3385379119116778, 0.0], "adv_type": "random_pgd", "dataset": "enron", "sample_size": 1, "test_ratio": 0.3, "T": 10, "realization": 0, "beta_mse": [4.145508952418638, 0.0], "attack_edge": 10000, "u_mse": [0.010989010989011005, 0.0], "d_mse": [0.33602844150277134, 0.33602844150277134], "gamma": 0.09, "swap_ratio": 0.01}
{"acc": [0.5007908786320322, 0.0], "network_size": 67392, "b_mse": [0.35102877124194765, 0.35102877124194765], "runtime": 420.1308329105377, "alpha_mse": [4.232306360668711, 0.0], "prob_mse": [0.3517159779614325, 0.0], "adv_type": "random_pgd", "dataset": "enron", "sample_size": 1, "test_ratio": 0.3, "T": 10, "realization": 0, "beta_mse": [4.276066376496191, 0.0], "attack_edge": 10000, "u_mse": [0.010989010989011005, 0.0], "d_mse": [0.3511849926707975, 0.3511849926707975], "gamma": 0.2, "swap_ratio": 0.01}
{"acc": [0.5001478878742824, 0.0], "network_size": 67392, "b_mse": [0.3652957460648627, 0.3652957460648627], "runtime": 424.0544831752777, "alpha_mse": [4.402246018399447, 0.0], "prob_mse": [0.36556274007260253, 0.0], "adv_type": "random_pgd", "dataset": "enron", "sample_size": 1, "test_ratio": 0.3, "T": 10, "realization": 0, "beta_mse": [4.424750717182708, 0.0], "attack_edge": 10000, "u_mse": [0.010989010989011005, 0.0], "d_mse": [0.3657519851797229, 0.3657519851797229], "gamma": 0.3, "swap_ratio": 0.01}
{"acc": [0.500048966219244, 0.0], "network_size": 67392, "b_mse": [0.38412103526110847, 0.38412103526110847], "runtime": 426.60450506210327, "alpha_mse": [4.610359580571768, 0.0], "prob_mse": [0.3843715902720948, 0.0], "adv_type": "random_pgd", "dataset": "enron", "sample_size": 1, "test_ratio": 0.3, "T": 10, "realization": 0, "beta_mse": [4.631281531308735, 0.0], "attack_edge": 10000, "u_mse": [0.010989010989011005, 0.0], "d_mse": [0.3845475978501006, 0.3845475978501006], "gamma": 0.4, "swap_ratio": 0.01}
{"acc": [0.49945543628901345, 0.0], "network_size": 67392, "b_mse": [0.4066766337826779, 0.4066766337826779], "runtime": 429.2879841327667, "alpha_mse": [4.860459491542191, 0.0], "prob_mse": [0.4069015659613246, 0.0], "adv_type": "random_pgd", "dataset": "enron", "sample_size": 1, "test_ratio": 0.3, "T": 10, "realization": 0, "beta_mse": [4.8779389652784655, 0.0], "attack_edge": 10000, "u_mse": [0.010989010989011005, 0.0], "d_mse": [0.40705448490244217, 0.40705448490244217], "gamma": 0.5, "swap_ratio": 0.01}
