{"acc": [0.8943820595539641, 0.0], "network_size": 8078, "b_mse": [0.10732535753575359, 0.10732535753575359], "runtime": 148.1987819671631, "alpha_mse": [1.562376237623763, 0.0], "prob_mse": [0.11612657265726573, 0.0], "adv_type": "random_flip", "dataset": "facebook", "sample_size": 1, "test_ratio": 0.3, "T": 10, "realization": 0, "beta_mse": [1.5635643564356445, 0.0], "attack_edge": 10000, "u_mse": [0.010989010989011005, 0.0], "d_mse": [0.10740899089908991, 0.10740899089908991], "gamma": 0.0, "swap_ratio": 0.01}
{"acc": [0.8939695217036163, 0.0], "network_size": 8078, "b_mse": [0.10795704570457049, 0.10795704570457049], "runtime": 150.12304711341858, "alpha_mse": [1.5702599009900997, 0.0], "prob_mse": [0.1161451095109511, 0.0], "adv_type": "random_flip", "dataset": "facebook", "sample_size": 1, "test_ratio": 0.3, "T": 10, "realization": 0, "beta_mse": [1.5709282178217832, 0.0], "attack_edge": 10000, "u_mse": [0.010989010989011005, 0.0], "d_mse": [0.10797904790479049, 0.10797904790479049], "gamma": 0.01, "swap_ratio": 0.01}
{"acc": [0.858244279113385, 0.0], "network_size": 67392, "b_mse": [0.11787325725351247, 0.11787325725351247], "runtime": 369.42784309387207, "alpha_mse": [1.7037936492234647, 0.0], "prob_mse": [0.13096101613623623, 0.0], "adv_type": "random_flip", "dataset": "enron", "sample_size": 1, "test_ratio": 0.3, "T": 10, "realization": 0, "beta_mse": [1.646563458304482, 0.0], "attack_edge": 10000, "u_mse": [0.010989010989011005, 0.0], "d_mse": [0.1182248191680381, 0.1182248191680381], "gamma": 0.0, "swap_ratio": 0.01}
{"acc": [0.8914942946015297, 0.0], "network_size": 8078, "b_mse": [0.11046042104210421, 0.11046042104210421], "runtime": 152.1269609928131, "alpha_mse": [1.6015140264026408, 0.0], "prob_mse": [0.11770086258625861, 0.0], "adv_type": "random_flip", "dataset": "facebook", "sample_size": 1, "test_ratio": 0.3, "T": 10, "realization": 0, "beta_mse": [1.5993853135313538, 0.0], "attack_edge": 10000, "u_mse": [0.010989010989011005, 0.0], "d_mse": [0.11061881188118812, 0.11061881188118812], "gamma": 0.03, "swap_ratio": 0.01}
{"acc": [0.8914942946015297, 0.0], "network_size": 8078, "b_mse": [0.11281590659065908, 0.11281590659065908], "runtime": 149.66713190078735, "alpha_mse": [1.6065676567656773, 0.0], "prob_mse": [0.11814593959395939, 0.0], "adv_type": "random_flip", "dataset": "facebook", "sample_size": 1, "test_ratio": 0.3, "T": 10, "realization": 0, "beta_mse": [1.6401402640264036, 0.0], "attack_edge": 10000, "u_mse": [0.010989010989011005, 0.0], "d_mse": [0.11249962496249627, 0.11249962496249627], "gamma": 0.05, "swap_ratio": 0.01}
{"acc": [0.892731908152573, 0.0], "network_size": 8078, "b_mse": [0.11307505750575059, 0.11307505750575059], "runtime": 153.26255702972412, "alpha_mse": [1.6180858085808587, 0.0], "prob_mse": [0.11787348484848482, 0.0], "adv_type": "random_flip", "dataset": "facebook", "sample_size": 1, "test_ratio": 0.3, "T": 10, "realization": 0, "beta_mse": [1.6399587458745883, 0.0], "attack_edge": 10000, "u_mse": [0.010989010989011005, 0.0], "d_mse": [0.1132249474947495, 0.1132249474947495], "gamma": 0.07, "swap_ratio": 0.01}
{"acc": [0.8548809428420785, 0.0], "network_size": 67392, "b_mse": [0.1203346402995231, 0.1203346402995231], "runtime": 372.0886387825012, "alpha_mse": [1.7328088831734103, 0.0], "prob_mse": [0.13322648315182686, 0.0], "adv_type": "random_flip", "dataset": "enron", "sample_size": 1, "test_ratio": 0.3, "T": 10, "realization": 0, "beta_mse": [1.6729374814521718, 0.0], "attack_edge": 10000, "u_mse": [0.010989010989011005, 0.0], "d_mse": [0.12071992553889875, 0.12071992553889875], "gamma": 0.01, "swap_ratio": 0.01}
{"acc": [0.8853062268463131, 0.0], "network_size": 8078, "b_mse": [0.12074744974497452, 0.12074744974497452], "runtime": 155.6251609325409, "alpha_mse": [1.71825495049505, 0.0], "prob_mse": [0.12495021752175214, 0.0], "adv_type": "random_flip", "dataset": "facebook", "sample_size": 1, "test_ratio": 0.3, "T": 10, "realization": 0, "beta_mse": [1.7070998349834992, 0.0], "attack_edge": 10000, "u_mse": [0.010989010989011005, 0.0], "d_mse": [0.12082583258325832, 0.12082583258325832], "gamma": 0.09, "swap_ratio": 0.01}
{"acc": [0.8795306969414444, 0.0], "network_size": 8078, "b_mse": [0.12969484448444843, 0.12969484448444843], "runtime": 157.11182498931885, "alpha_mse": [1.8061344884488455, 0.0], "prob_mse": [0.13282358485848583, 0.0], "adv_type": "random_flip", "dataset": "facebook", "sample_size": 1, "test_ratio": 0.3, "T": 10, "realization": 0, "beta_mse": [1.8179166666666675, 0.0], "attack_edge": 10000, "u_mse": [0.010989010989011005, 0.0], "d_mse": [0.12979935493549355, 0.12979935493549355], "gamma": 0.11, "swap_ratio": 0.01}
{"acc": [0.8496875559525611, 0.0], "network_size": 67392, "b_mse": [0.1258461257145598, 0.1258461257145598], "runtime": 374.86332297325134, "alpha_mse": [1.7946473439509356, 0.0], "prob_mse": [0.13824378876308838, 0.0], "adv_type": "random_flip", "dataset": "enron", "sample_size": 1, "test_ratio": 0.3, "T": 10, "realization": 0, "beta_mse": [1.734778909882284, 0.0], "attack_edge": 10000, "u_mse": [0.010989010989011005, 0.0], "d_mse": [0.12623081142816034, 0.12623081142816034], "gamma": 0.03, "swap_ratio": 0.01}
{"acc": [0.8626166450771858, 0.0], "network_size": 8078, "b_mse": [0.1412878787878788, 0.1412878787878788], "runtime": 157.4139769077301, "alpha_mse": [1.9427433993399348, 0.0], "prob_mse": [0.14409188668866885, 0.0], "adv_type": "random_flip", "dataset": "facebook", "sample_size": 1, "test_ratio": 0.3, "T": 10, "realization": 0, "beta_mse": [1.9364150165016505, 0.0], "attack_edge": 10000, "u_mse": [0.010989010989011005, 0.0], "d_mse": [0.1412881288128813, 0.1412881288128813], "gamma": 0.13, "swap_ratio": 0.01}
{"acc": [0.8770554698393578, 0.0], "network_size": 8078, "b_mse": [0.13124412441244124, 0.13124412441244124], "runtime": 155.69649982452393, "alpha_mse": [1.8262830033003308, 0.0], "prob_mse": [0.1334720447044704, 0.0], "adv_type": "random_flip", "dataset": "facebook", "sample_size": 1, "test_ratio": 0.3, "T": 10, "realization": 0, "beta_mse": [1.8303424092409248, 0.0], "attack_edge": 10000, "u_mse": [0.010989010989011005, 0.0], "d_mse": [0.13136201120112012, 0.13136201120112012], "gamma": 0.15, "swap_ratio": 0.01}
{"acc": [0.8696297885330979, 0.0], "network_size": 8078, "b_mse": [0.14159453445344536, 0.14159453445344536], "runtime": 155.34891510009766, "alpha_mse": [1.9489768976897697, 0.0], "prob_mse": [0.1435333133313331, 0.0], "adv_type": "random_flip", "dataset": "facebook", "sample_size": 1, "test_ratio": 0.3, "T": 10, "realization": 0, "beta_mse": [1.9397689768976905, 0.0], "attack_edge": 10000, "u_mse": [0.010989010989011005, 0.0], "d_mse": [0.1417751775177518, 0.1417751775177518], "gamma": 0.2, "swap_ratio": 0.01}
{"acc": [0.8417243627219678, 0.0], "network_size": 67392, "b_mse": [0.13122418666834534, 0.13122418666834534], "runtime": 375.5296559333801, "alpha_mse": [1.8561306756355729, 0.0], "prob_mse": [0.14324902831859998, 0.0], "adv_type": "random_flip", "dataset": "enron", "sample_size": 1, "test_ratio": 0.3, "T": 10, "realization": 0, "beta_mse": [1.7939900089029583, 0.0], "attack_edge": 10000, "u_mse": [0.010989010989011005, 0.0], "d_mse": [0.13166633692749036, 0.13166633692749036], "gamma": 0.05, "swap_ratio": 0.01}
{"acc": [0.8461151310632751, 0.0], "network_size": 8078, "b_mse": [0.16289053905390538, 0.16289053905390538], "runtime": 156.50319385528564, "alpha_mse": [2.1697029702970303, 0.0], "prob_mse": [0.16373336583658363, 0.0], "adv_type": "random_flip", "dataset": "facebook", "sample_size": 1, "test_ratio": 0.3, "T": 10, "realization": 0, "beta_mse": [2.1805280528052813, 0.0], "attack_edge": 10000, "u_mse": [0.010989010989011005, 0.0], "d_mse": [0.1626158865886589, 0.1626158865886589], "gamma": 0.25, "swap_ratio": 0.01}
{"acc": [0.8249571421929546, 0.0], "network_size": 67392, "b_mse": [0.14633142684136852, 0.14633142684136852], "runtime": 372.1477620601654, "alpha_mse": [2.012108517162925, 0.0],