{"acc": [0.999000999000999, 0.0], "network_size": 8078, "perturbation": 0.0, "runtime": 144.49377703666687, "alpha_mse": [0.5565000000000008, 0.0], "prob_mse": [0.023369090909090947, 0.0], "adv_type": "structure", "dataset": "facebook", "sample_size": 1, "test_ratio": 0.3, "b_mse": [0.011984848484848489, 0.011984848484848489], "T": 10, "realization": 0, "beta_mse": [0.507500000000001, 0.0], "attack_edge": 10000, "u_mse": [0.010989010989011005, 0.0], "d_mse": [0.010121212121212132, 0.010121212121212132], "swap_ratio": 0.01}
{"acc": [0.999000999000999, 0.0], "network_size": 8078, "perturbation": 5, "runtime": 144.85931587219238, "alpha_mse": [0.5845000000000007, 0.0], "prob_mse": [0.028247878787878794, 0.0], "adv_type": "structure", "dataset": "facebook", "sample_size": 1, "test_ratio": 0.3, "b_mse": [0.0185, 0.0185], "T": 10, "realization": 0, "beta_mse": [0.5885000000000009, 0.0], "attack_edge": 10000, "u_mse": [0.010989010989011005, 0.0], "d_mse": [0.014954545454545465, 0.014954545454545465], "swap_ratio": 0.01}
{"acc": [0.999000999000999, 0.0], "network_size": 8078, "perturbation": 10, "runtime": 142.2993199825287, "alpha_mse": [0.5565000000000008, 0.0], "prob_mse": [0.023369090909090943, 0.0], "adv_type": "structure", "dataset": "facebook", "sample_size": 1, "test_ratio": 0.3, "b_mse": [0.011984848484848489, 0.011984848484848489], "T": 10, "realization": 0, "beta_mse": [0.507500000000001, 0.0], "attack_edge": 10000, "u_mse": [0.010989010989011005, 0.0], "d_mse": [0.010121212121212132, 0.010121212121212132], "swap_ratio": 0.01}
{"acc": [0.999000999000999, 0.0], "network_size": 8078, "perturbation": 20, "runtime": 152.41490483283997, "alpha_mse": [0.5655000000000008, 0.0], "prob_mse": [0.023803333333333367, 0.0], "adv_type": "structure", "dataset": "facebook", "sample_size": 1, "test_ratio": 0.3, "b_mse": [0.011984848484848489, 0.011984848484848489], "T": 10, "realization": 0, "beta_mse": [0.49850000000000083, 0.0], "attack_edge": 10000, "u_mse": [0.010989010989011005, 0.0], "d_mse": [0.009787878787878795, 0.009787878787878795], "swap_ratio": 0.01}
{"acc": [0.8991008991008991, 0.0], "network_size": 8078, "perturbation": 30, "runtime": 143.59532618522644, "alpha_mse": [1.1640000000000008, 0.0], "prob_mse": [0.07336363636363638, 0.0], "adv_type": "structure", "dataset": "facebook", "sample_size": 1, "test_ratio": 0.3, "b_mse": [0.06115151515151516, 0.06115151515151516], "T": 10, "realization": 0, "beta_mse": [0.9770000000000006, 0.0], "attack_edge": 10000, "u_mse": [0.010989010989011005, 0.0], "d_mse": [0.05986363636363636, 0.05986363636363636], "swap_ratio": 0.01}
{"acc": [0.6993006993006993, 0.0], "network_size": 8078, "perturbation": 40, "runtime": 144.89238500595093, "alpha_mse": [2.5390000000000006, 0.0], "prob_mse": [0.1868884848484848, 0.0], "adv_type": "structure", "dataset": "facebook", "sample_size": 1, "test_ratio": 0.3, "b_mse": [0.17584848484848487, 0.17584848484848487], "T": 10, "realization": 0, "beta_mse": [2.1920000000000006, 0.0], "attack_edge": 10000, "u_mse": [0.010989010989011005, 0.0], "d_mse": [0.17759090909090908, 0.17759090909090908], "swap_ratio": 0.01}
{"acc": [0.5994005994005994, 0.0], "network_size": 8078, "perturbation": 50, "runtime": 146.9254448413849, "alpha_mse": [3.079500000000001, 0.0], "prob_mse": [0.23479242424242427, 0.0], "adv_type": "structure", "dataset": "facebook", "sample_size": 1, "test_ratio": 0.3, "b_mse": [0.2245, 0.2245], "T": 10, "realization": 0, "beta_mse": [2.7105000000000006, 0.0], "attack_edge": 10000, "u_mse": [0.010989010989011005, 0.0], "d_mse": [0.22572727272727272, 0.22572727272727272], "swap_ratio": 0.01}
{"acc": [0.44955044955044954, 0.0], "network_size": 8078, "perturbation": 70, "runtime": 145.12734699249268, "alpha_mse": [3.9465000000000017, 0.0], "prob_mse": [0.3082769696969697, 0.0], "adv_type": "structure", "dataset": "facebook", "sample_size": 1, "test_ratio": 0.3, "b_mse": [0.2998939393939394, 0.2998939393939394], "T": 10, "realization": 0, "beta_mse": [3.4935, 0.0], "attack_edge": 10000, "u_mse": [0.010989010989011005, 0.0], "d_mse": [0.3007272727272728, 0.3007272727272728], "swap_ratio": 0.01}
{"acc": [0.44955044955044954, 0.0], "network_size": 8078, "perturbation": 80, "runtime": 144.979474067688, "alpha_mse": [3.964500000000002, 0.0], "prob_mse": [0.309529393939394, 0.0], "adv_type": "structure", "dataset": "facebook", "sample_size": 1, "test_ratio": 0.3, "b_mse": [0.2998939393939394, 0.2998939393939394], "T": 10, "realization": 0, "beta_mse": [3.475500000000001, 0.0], "attack_edge": 10000, "u_mse": [0.010989010989011005, 0.0], "d_mse": [0.30121212121212126, 0.30121212121212126], "swap_ratio": 0.01}
{"acc": [0.44955044955044954, 0.0], "network_size": 8078, "perturbation": 90, "runtime": 149.17615509033203, "alpha_mse": [3.964500000000002, 0.0], "prob_mse": [0.309529393939394, 0.0], "adv_type": "structure", "dataset": "facebook", "sample_size": 1, "test_ratio": 0.3, "b_mse": [0.2998939393939394, 0.2998939393939394], "T": 10, "realization": 0, "beta_mse": [3.475500000000001, 0.0], "attack_edge": 10000, "u_mse": [0.010989010989011005, 0.0], "d_mse": [0.30121212121212126, 0.30121212121212126], "swap_ratio": 0.01}
{"acc": [0.3996003996003996, 0.0], "network_size": 8078, "perturbation": 100, "runtime": 142.58734512329102, "alpha_mse": [4.255000000000001, 0.0], "prob_mse": [0.33388787878787884, 0.0], "adv_type": "structure", "dataset": "facebook", "sample_size": 1, "test_ratio": 0.3, "b_mse": [0.325, 0.325], "T": 10, "realization": 0, "beta_mse": [3.7350000000000008, 0.0], "attack_edge": 10000, "u_mse": [0.010989010989011005, 0.0], "d_mse": [0.3262121212121213, 0.3262121212121213], "swap_ratio": 0.01}
{"acc": [0.44955044955044954, 0.0], "network_size": 8078, "perturbation": 60, "runtime": 143.7672140598297, "alpha_mse": [3.9465000000000017, 0.0], "prob_mse": [0.3082769696969697, 0.0], "adv_type": "structure", "dataset": "facebook", "sample_size": 1, "test_ratio": 0.3, "b_mse": [0.2998939393939394, 0.2998939393939394], "T": 10, "realization": 0, "beta_mse": [3.4935, 0.0], "attack_edge": 10000, "u_mse": [0.010989010989011005, 0.0], "d_mse": [0.3007272727272728, 0.3007272727272728], "swap_ratio": 0.01}
