{"acc": [0.9092334221664837, 0.0], "network_size": 8078, "b_mse": [0.09636263626362637, 0.09636263626362637], "runtime": 161.45023107528687, "alpha_mse": [1.4416996699669973, 0.0], "prob_mse": [0.10517361986198619, 0.0], "adv_type": "random_noise", "dataset": "facebook", "sample_size": 1, "test_ratio": 0.3, "T": 10, "realization": 0, "beta_mse": [1.4413448844884498, 0.0], "attack_edge": 10000, "u_mse": [0.010989010989011005, 0.0], "d_mse": [0.09620837083708372, 0.09620837083708372], "gamma": 0.0, "swap_ratio": 0.01}
{"acc": [0.6386085923383471, 0.0], "network_size": 8078, "b_mse": [0.2492719271927193, 0.2492719271927193], "runtime": 176.62987112998962, "alpha_mse": [3.0045420792079214, 0.0], "prob_mse": [0.25461031603160317, 0.0], "adv_type": "random_noise", "dataset": "facebook", "sample_size": 1, "test_ratio": 0.3, "T": 10, "realization": 0, "beta_mse": [3.2377433993399345, 0.0], "attack_edge": 10000, "u_mse": [0.010989010989011005, 0.0], "d_mse": [0.24791904190419048, 0.24791904190419048], "gamma": 0.01, "swap_ratio": 0.01}
{"acc": [0.6287076839300005, 0.0], "network_size": 8078, "b_mse": [0.2553650365036504, 0.2553650365036504], "runtime": 174.64355492591858, "alpha_mse": [3.0590552805280535, 0.0], "prob_mse": [0.2603067681768177, 0.0], "adv_type": "random_noise", "dataset": "facebook", "sample_size": 1, "test_ratio": 0.3, "T": 10, "realization": 0, "beta_mse": [3.3159694719471955, 0.0], "attack_edge": 10000, "u_mse": [0.010989010989011005, 0.0], "d_mse": [0.2538365086508651, 0.2538365086508651], "gamma": 0.03, "swap_ratio": 0.01}
{"acc": [0.6295327596306961, 0.0], "network_size": 8078, "b_mse": [0.25542191719171914, 0.25542191719171914], "runtime": 173.32969903945923, "alpha_mse": [3.065346534653466, 0.0], "prob_mse": [0.2602432068206821, 0.0], "adv_type": "random_noise", "dataset": "facebook", "sample_size": 1, "test_ratio": 0.3, "T": 10, "realization": 0, "beta_mse": [3.3144059405940607, 0.0], "attack_edge": 10000, "u_mse": [0.010989010989011005, 0.0], "d_mse": [0.2540854085408541, 0.2540854085408541], "gamma": 0.05, "swap_ratio": 0.01}
{"acc": [0.6295327596306961, 0.0], "network_size": 8078, "b_mse": [0.2547279727972797, 0.2547279727972797], "runtime": 176.93007683753967, "alpha_mse": [3.06845297029703, 0.0], "prob_mse": [0.2592578607860786, 0.0], "adv_type": "random_noise", "dataset": "facebook", "sample_size": 1, "test_ratio": 0.3, "T": 10, "realization": 0, "beta_mse": [3.300994224422443, 0.0], "attack_edge": 10000, "u_mse": [0.010989010989011005, 0.0], "d_mse": [0.2536436143614362, 0.2536436143614362], "gamma": 0.07, "swap_ratio": 0.01}
{"acc": [0.859857663343747, 0.0], "network_size": 164336, "b_mse": [0.11151786833855801, 0.11151786833855801], "runtime": 1541.9189281463623, "alpha_mse": [1.638382352941177, 0.0], "prob_mse": [0.12600753703362222, 0.0], "adv_type": "random_noise", "dataset": "slashdot", "sample_size": 1, "test_ratio": 0.3, "T": 10, "realization": 0, "beta_mse": [1.5740148073022318, 0.0], "attack_edge": 10000, "u_mse": [0.010989010989011005, 0.0], "d_mse": [0.11220116171860596, 0.11220116171860596], "gamma": 0.0, "swap_ratio": 0.01}
{"acc": [0.6150939348685242, 0.0], "network_size": 8078, "b_mse": [0.26470434543454346, 0.26470434543454346], "runtime": 176.24408292770386, "alpha_mse": [3.194979372937294, 0.0], "prob_mse": [0.26869761976197615, 0.0], "adv_type": "random_noise", "dataset": "facebook", "sample_size": 1, "test_ratio": 0.3, "T": 10, "realization": 0, "beta_mse": [3.404616336633664, 0.0], "attack_edge": 10000, "u_mse": [0.010989010989011005, 0.0], "d_mse": [0.26399302430243027, 0.26399302430243027], "gamma": 0.09, "swap_ratio": 0.01}
{"acc": [0.6159190105692197, 0.0], "network_size": 8078, "b_mse": [0.26549379937993794, 0.26549379937993794], "runtime": 174.6058599948883, "alpha_mse": [3.2162912541254127, 0.0], "prob_mse": [0.2690165916591659, 0.0], "adv_type": "random_noise", "dataset": "facebook", "sample_size": 1, "test_ratio": 0.3, "T": 10, "realization": 0, "beta_mse": [3.40332095709571, 0.0], "attack_edge": 10000, "u_mse": [0.010989010989011005, 0.0], "d_mse": [0.26496137113711377, 0.26496137113711377], "gamma": 0.11, "swap_ratio": 0.01}
{"acc": [0.6146813970181764, 0.0], "network_size": 8078, "b_mse": [0.26584508450845085, 0.26584508450845085], "runtime": 173.55036306381226, "alpha_mse": [3.225775577557756, 0.0], "prob_mse": [0.2690211746174618, 0.0], "adv_type": "random_noise", "dataset": "facebook", "sample_size": 1, "test_ratio": 0.3, "T": 10, "realization": 0, "beta_mse": [3.4003382838283835, 0.0], "attack_edge": 10000, "u_mse": [0.010989010989011005, 0.0], "d_mse": [0.26540979097909795, 0.26540979097909795], "gamma": 0.13, "swap_ratio": 0.01}
{"acc": [0.6658360904612999, 0.0], "network_size": 8078, "b_mse": [0.24206120612061205, 0.24206120612061205], "runtime": 173.29573392868042, "alpha_mse": [2.968688118811882, 0.0], "prob_mse": [0.24516100860086007, 0.0], "adv_type": "random_noise", "dataset": "facebook", "sample_size": 1, "test_ratio": 0.3, "T": 10, "realization": 0, "beta_mse": [3.126856435643565, 0.0], "attack_edge": 10000, "u_mse": [0.010989010989011005, 0.0], "d_mse": [0.24151602660266028, 0.24151602660266028], "gamma": 0.15, "swap_ratio": 0.01}
{"acc": [0.6245823054265229, 0.0], "network_size": 8078, "b_mse": [0.26814006400640067, 0.26814006400640067], "runtime": 173.97950983047485, "alpha_mse": [3.2713572607260732, 0.0], "prob_mse": [0.27038795379537955, 0.0], "adv_type": "random_noise", "dataset": "facebook", "sample_size": 1, "test_ratio": 0.3, "T": 10, "realization": 0, "beta_mse": [3.404533828382838, 0.0], "attack_edge": 10000, "u_mse": [0.010989010989011005, 0.0], "d_mse": [0.2677142714271427, 0.2677142714271427], "gamma": 0.2, "swap_ratio": 0.01}
{"acc": [0.6641859390599087, 0.0], "network_size": 8078, "b_mse": [0.24865249024902492, 0.24865249024902492], "runtime": 172.49568700790405, "alpha_mse": [3.0760726072607265, 0.0], "prob_mse": [0.25045220022002196, 0.0], "adv_type": "random_noise", "dataset": "facebook", "sample_size": 1, "test_ratio": 0.3, "T": 10, "realization": 0, "beta_mse": [3.1695544554455455, 0.0], "attack_edge": 10000, "u_mse": [0.010989010989011005, 0.0], "d_mse": [0.2486167366736674, 0.2486167366736674], "gamma": 0.25, "swap_ratio": 0.01}
{"acc": [0.694320205143933, 0.0], "network_size": 164336, "b_mse": [0.21337475567029326, 0.21337475567029326], "runtime": 1143.3102531433105, "alpha_mse": [2.627102839756593, 0.0], "prob_mse": [0.22147211408199644, 0.0], "adv_type": "random_noise", "dataset": "slashdot", "sample_size": 1, "test_ratio": 0.3, "T": 10, "realization": 0, "beta_mse": [2.8158971602434084, 0.0], "attack_edge": 10000, "u_mse": [0.010989010989011005, 0.0], "d_mse": [0.21172982359087839, 0.21172982359087839], "gamma": 0.01, "swap_ratio": 0.01}
{"acc": [0.8642290392432097, 0.0], "network_size": 67392, "b_mse": [0.11637147516314597, 0.11637147516314597], "runtime": 415.2673580646515, "alpha_mse": [1.6810752794539525, 0.0], "prob_mse": [0.12928503703570476, 0.0], "adv_type": "random_noise", "dataset": "enron", "sample_size": 1, "test_ratio": 0.3, "T": 10, "realization": 0, "beta_mse": [1.6355920466910678, 0.0], "attack_edge": 10000, "u_mse": [0.010989010989011005, 0.0], "d_mse": [0.11667736820175241, 0.11667736820175241], "gamma": 0.0, "swap_ratio": 0.01}
{"acc": [0.7073830801691358, 0.0], "network_size": 164336, "b_mse": [0.20714979408691378, 0.20714979408691378], "runtime": 1153.7187550067902, "alpha_mse": [2.5647131845841793, 0.0], "prob_mse": [0.21536272604339537, 0.0], "adv_type": "random_noise", "dataset": "slashdot", "sample_size": 1, "test_ratio": 0.3, "T": 10, "realization": 0, "beta_mse": [2.741430020283977, 0.0], "attack_edge": 10000, "u_mse": [0.010989010989011005, 0.0], "d_mse": [0.20550716700473298, 0.20550716700473298], "gamma": 0.03, "swap_ratio": 0.01}
{"acc": [0.6946278616798282, 0.0], "network_size": 67392, "b_mse": [0.2229552124269703, 0.2229552124269703], "runtime": 446.5660140514374, "alpha_mse": [2.7246710851716296, 0.0],