{"acc": [0.0, 0.0], "network_size": 67392, "b_mse": [0.1373, 0.1373], "runtime": 1193.1276359558105, "alpha_mse": [0.0, 0.0], "d_mse": [0.7254, 0.7254], "adv_type": "random_pgd", "dataset": "enron", "sample_size": 1, "test_ratio": 0.3, "T": 10, "prob_mse": [0.1291, 0.1291], "realization": 0, "beta_mse": [0.0, 0.0], "attack_edge": 10000, "u_mse": [0.1373, 0.1373],"swap_ratio": 0.01, "gamma": 0.0}
{"acc": [0.0, 0.0], "network_size": 67392, "b_mse": [0.4128, 0.4128], "runtime": 1208.1582870483398, "alpha_mse": [0.0, 0.0], "d_mse": [0.1744, 0.1744], "adv_type": "random_pgd", "dataset": "enron", "sample_size": 1, "test_ratio": 0.3, "T": 10, "prob_mse": [0.3924, 0.3924], "realization": 0, "beta_mse": [0.0, 0.0], "attack_edge": 10000, "u_mse": [0.4128, 0.4128],"swap_ratio": 0.01, "gamma": 0.01}
{"acc": [0.0, 0.0], "network_size": 67392, "b_mse": [0.4126, 0.4126], "runtime": 1212.2487308979034, "alpha_mse": [0.0, 0.0], "d_mse": [0.1748, 0.1748], "adv_type": "random_pgd", "dataset": "enron", "sample_size": 1, "test_ratio": 0.3, "T": 10, "prob_mse": [0.3921, 0.3921], "realization": 0, "beta_mse": [0.0, 0.0], "attack_edge": 10000, "u_mse": [0.4126, 0.4126],"swap_ratio": 0.01, "gamma": 0.03}
{"acc": [0.0, 0.0], "network_size": 67392, "b_mse": [0.4126, 0.4126], "runtime": 1189.5385789871216, "alpha_mse": [0.0, 0.0], "d_mse": [0.1748, 0.1748], "adv_type": "random_pgd", "dataset": "enron", "sample_size": 1, "test_ratio": 0.3, "T": 10, "prob_mse": [0.3916, 0.3916], "realization": 0, "beta_mse": [0.0, 0.0], "attack_edge": 10000, "u_mse": [0.4126, 0.4126],"swap_ratio": 0.01, "gamma": 0.05}
{"acc": [0.0, 0.0], "network_size": 67392, "b_mse": [0.413, 0.413], "runtime": 1192.704875946045, "alpha_mse": [0.0, 0.0], "d_mse": [0.174, 0.174], "adv_type": "random_pgd", "dataset": "enron", "sample_size": 1, "test_ratio": 0.3, "T": 10, "prob_mse": [0.3916, 0.3916], "realization": 0, "beta_mse": [0.0, 0.0], "attack_edge": 10000, "u_mse": [0.413, 0.413],"swap_ratio": 0.01, "gamma": 0.07}
{"acc": [0.0, 0.0], "network_size": 67392, "b_mse": [0.4127, 0.4127], "runtime": 1196.8096549510956, "alpha_mse": [0.0, 0.0], "d_mse": [0.1746, 0.1746], "adv_type": "random_pgd", "dataset": "enron", "sample_size": 1, "test_ratio": 0.3, "T": 10, "prob_mse": [0.3924, 0.3924], "realization": 0, "beta_mse": [0.0, 0.0], "attack_edge": 10000, "u_mse": [0.4127, 0.4127],"swap_ratio": 0.01, "gamma": 0.09}
{"acc": [0.0, 0.0], "network_size": 67392, "b_mse": [0.4128, 0.4128], "runtime": 1214.2227220535278, "alpha_mse": [0.0, 0.0], "d_mse": [0.1744, 0.1744], "adv_type": "random_pgd", "dataset": "enron", "sample_size": 1, "test_ratio": 0.3, "T": 10, "prob_mse": [0.3946, 0.3946], "realization": 0, "beta_mse": [0.0, 0.0], "attack_edge": 10000, "u_mse": [0.4128, 0.4128],"swap_ratio": 0.01, "gamma": 0.2}
{"acc": [0.0, 0.0], "network_size": 67392, "b_mse": [0.4129, 0.4129], "runtime": 1200.2241051197052, "alpha_mse": [0.0, 0.0], "d_mse": [0.1742, 0.1742], "adv_type": "random_pgd", "dataset": "enron", "sample_size": 1, "test_ratio": 0.3, "T": 10, "prob_mse": [0.3923, 0.3923], "realization": 0, "beta_mse": [0.0, 0.0], "attack_edge": 10000, "u_mse": [0.4129, 0.4129],"swap_ratio": 0.01, "gamma": 0.3}
{"acc": [0.0, 0.0], "network_size": 67392, "b_mse": [0.4124, 0.4124], "runtime": 1188.9732739925385, "alpha_mse": [0.0, 0.0], "d_mse": [0.1752, 0.1752], "adv_type": "random_pgd", "dataset": "enron", "sample_size": 1, "test_ratio": 0.3, "T": 10, "prob_mse": [0.392, 0.392], "realization": 0, "beta_mse": [0.0, 0.0], "attack_edge": 10000, "u_mse": [0.4124, 0.4124],"swap_ratio": 0.01, "gamma": 0.4}
{"acc": [0.0, 0.0], "network_size": 67392, "b_mse": [0.4127, 0.4127], "runtime": 1189.6435759067535, "alpha_mse": [0.0, 0.0], "d_mse": [0.1746, 0.1746], "adv_type": "random_pgd", "dataset": "enron", "sample_size": 1, "test_ratio": 0.3, "T": 10, "prob_mse": [0.3913, 0.3913], "realization": 0, "beta_mse": [0.0, 0.0], "attack_edge": 10000, "u_mse": [0.4127, 0.4127],"swap_ratio": 0.01, "gamma": 0.5}
{"acc": [0.0, 0.0], "network_size": 164336, "b_mse": [0.155, 0.155], "runtime": 7566.786426782608, "alpha_mse": [0.0, 0.0], "d_mse": [0.69, 0.69], "adv_type": "random_pgd", "dataset": "slashdot", "sample_size": 1, "test_ratio": 0.3, "T": 10, "prob_mse": [0.1466, 0.1466], "realization": 0, "beta_mse": [0.0, 0.0], "attack_edge": 10000, "u_mse": [0.155, 0.155], "gamma": 0.0, "swap_ratio": 0.01}
{"acc": [0.0, 0.0], "network_size": 164336, "b_mse": [0.4108, 0.4108], "runtime": 9114.739073038101, "alpha_mse": [0.0, 0.0], "d_mse": [0.1784, 0.1784], "adv_type": "random_pgd", "dataset": "slashdot", "sample_size": 1, "test_ratio": 0.3, "T": 10, "prob_mse": [0.3947, 0.3947], "realization": 0, "beta_mse": [0.0, 0.0], "attack_edge": 10000, "u_mse": [0.4108, 0.4108], "gamma": 0.09, "swap_ratio": 0.01}
{"acc": [0.0, 0.0], "network_size": 164336, "b_mse": [0.4111, 0.4111], "runtime": 7599.0676009655, "alpha_mse": [0.0, 0.0], "d_mse": [0.1778, 0.1778], "adv_type": "random_pgd", "dataset": "slashdot", "sample_size": 1, "test_ratio": 0.3, "T": 10, "prob_mse": [0.3949, 0.3949], "realization": 0, "beta_mse": [0.0, 0.0], "attack_edge": 10000, "u_mse": [0.4111, 0.4111], "gamma": 0.01, "swap_ratio": 0.01}
{"acc": [0.0, 0.0], "network_size": 164336, "b_mse": [0.4111, 0.4111], "runtime": 9133.061313867569, "alpha_mse": [0.0, 0.0], "d_mse": [0.1778, 0.1778], "adv_type": "random_pgd", "dataset": "slashdot", "sample_size": 1, "test_ratio": 0.3, "T": 10, "prob_mse": [0.3949, 0.3949], "realization": 0, "beta_mse": [0.0, 0.0], "attack_edge": 10000, "u_mse": [0.4111, 0.4111], "gamma": 0.2, "swap_ratio": 0.01}
{"acc": [0.0, 0.0], "network_size": 164336, "b_mse": [0.4107, 0.4107], "runtime": 7583.402338981628, "alpha_mse": [0.0, 0.0], "d_mse": [0.1786, 0.1786], "adv_type": "random_pgd", "dataset": "slashdot", "sample_size": 1, "test_ratio": 0.3, "T": 10, "prob_mse": [0.3946, 0.3946], "realization": 0, "beta_mse": [0.0, 0.0], "attack_edge": 10000, "u_mse": [0.4107, 0.4107], "gamma": 0.03, "swap_ratio": 0.01}
{"acc": [0.0, 0.0], "network_size": 164336, "b_mse": [0.4107, 0.4107], "runtime": 9081.389093875885, "alpha_mse": [0.0, 0.0], "d_mse": [0.1786, 0.1786], "adv_type": "random_pgd", "dataset": "slashdot", "sample_size": 1, "test_ratio": 0.3, "T": 10, "prob_mse": [0.3946, 0.3946], "realization": 0, "beta_mse": [0.0, 0.0], "attack_edge": 10000, "u_mse": [0.4107, 0.4107], "gamma": 0.3, "swap_ratio": 0.01}
{"acc": [0.0, 0.0], "network_size": 164336, "b_mse": [0.4109, 0.4109], "runtime": 7615.428547143936, "alpha_mse": [0.0, 0.0], "d_mse": [0.1782, 0.1782], "adv_type": "random_pgd", "dataset": "slashdot", "sample_size": 1, "test_ratio": 0.3, "T": 10, "prob_mse": [0.3945, 0.3945], "realization": 0, "beta_mse": [0.0, 0.0], "attack_edge": 10000, "u_mse": [0.4109, 0.4109], "gamma": 0.05, "swap_ratio": 0.01}
{"acc": [0.0, 0.0], "network_size": 164336, "b_mse": [0.4109, 0.4109], "runtime": 8924.130034208298, "alpha_mse": [0.0, 0.0], "d_mse": [0.1782, 0.1782], "adv_type": "random_pgd", "dataset": "slashdot", "sample_size": 1, "test_ratio": 0.3, "T": 10, "prob_mse": [0.3945, 0.3945], "realization": 0, "beta_mse": [0.0, 0.0], "attack_edge": 10000, "u_mse": [0.4109, 0.4109], "gamma": 0.4, "swap_ratio": 0.01}
{"acc": [0.0, 0.0], "network_size": 164336, "b_mse": [0.4112, 0.4112], "runtime": 7643.155631065369, "alpha_mse": [0.0, 0.0], "d_mse": [0.1776, 0.1776], "adv_type": "random_pgd", "dataset": "slashdot", "sample_size": 1, "test_ratio": 0.3, "T": 10, "prob_mse": [0.3946, 0.3946], "realization": 0, "beta_mse": [0.0, 0.0], "attack_edge": 10000, "u_mse": [0.4112, 0.4112], "gamma": 0.07, "swap_ratio": 0.01}
{"acc": [0.0, 0.0], "network_size": 164336, "b_mse": [0.4112, 0.4112], "runtime": 8806.374922990799, "alpha_mse": [0.0, 0.0], "d_mse": [0.1776, 0.1776], "adv_type": "random_pgd", "dataset": "slashdot", "sample_size": 1, "test_ratio": 0.3, "T": 10, "prob_mse": [0.3946, 0.3946], "realization": 0, "beta_mse": [0.0, 0.0], "attack_edge": 10000, "u_mse": [0.4112, 0.4112], "gamma": 0.5,