{"acc": [0.0, 0.0], "network_size": 67392, "b_mse": [0.1392, 0.1392], "runtime": 1190.0919771194458, "alpha_mse": [0.0, 0.0], "d_mse": [0.7216, 0.7216], "adv_type": "random_noise", "dataset": "enron", "sample_size": 1, "test_ratio": 0.3, "T": 10, "prob_mse": [0.1312, 0.1312], "realization": 0, "beta_mse": [0.0, 0.0], "attack_edge": 10000, "u_mse": [0.1392, 0.1392],"swap_ratio": 0.01, "gamma": 0.0}
{"acc": [0.0, 0.0], "network_size": 67392, "b_mse": [0.1392, 0.1392], "runtime": 1203.7783839702606, "alpha_mse": [0.0, 0.0], "d_mse": [0.7216, 0.7216], "adv_type": "random_noise", "dataset": "enron", "sample_size": 1, "test_ratio": 0.3, "T": 10, "prob_mse": [0.1312, 0.1312], "realization": 1, "beta_mse": [0.0, 0.0], "attack_edge": 10000, "u_mse": [0.1392, 0.1392],"swap_ratio": 0.01, "gamma": 0.0}
{"acc": [0.0, 0.0], "network_size": 67392, "b_mse": [0.2621, 0.2621], "runtime": 1194.9868140220642, "alpha_mse": [0.0, 0.0], "d_mse": [0.4758, 0.4758], "adv_type": "random_noise", "dataset": "enron", "sample_size": 1, "test_ratio": 0.3, "T": 10, "prob_mse": [0.2676, 0.2676], "realization": 0, "beta_mse": [0.0, 0.0], "attack_edge": 10000, "u_mse": [0.2621, 0.2621],"swap_ratio": 0.01, "gamma": 0.01}
{"acc": [0.0, 0.0], "network_size": 67392, "b_mse": [0.2621, 0.2621], "runtime": 1189.507936000824, "alpha_mse": [0.0, 0.0], "d_mse": [0.4758, 0.4758], "adv_type": "random_noise", "dataset": "enron", "sample_size": 1, "test_ratio": 0.3, "T": 10, "prob_mse": [0.2676, 0.2676], "realization": 1, "beta_mse": [0.0, 0.0], "attack_edge": 10000, "u_mse": [0.2621, 0.2621],"swap_ratio": 0.01, "gamma": 0.01}
{"acc": [0.0, 0.0], "network_size": 67392, "b_mse": [0.2576, 0.2576], "runtime": 1192.5774331092834, "alpha_mse": [0.0, 0.0], "d_mse": [0.4848, 0.4848], "adv_type": "random_noise", "dataset": "enron", "sample_size": 1, "test_ratio": 0.3, "T": 10, "prob_mse": [0.2699, 0.2699], "realization": 0, "beta_mse": [0.0, 0.0], "attack_edge": 10000, "u_mse": [0.2576, 0.2576],"swap_ratio": 0.01, "gamma": 0.03}
{"acc": [0.0, 0.0], "network_size": 67392, "b_mse": [0.2576, 0.2576], "runtime": 1196.620262145996, "alpha_mse": [0.0, 0.0], "d_mse": [0.4848, 0.4848], "adv_type": "random_noise", "dataset": "enron", "sample_size": 1, "test_ratio": 0.3, "T": 10, "prob_mse": [0.2699, 0.2699], "realization": 1, "beta_mse": [0.0, 0.0], "attack_edge": 10000, "u_mse": [0.2576, 0.2576],"swap_ratio": 0.01, "gamma": 0.03}
{"acc": [0.0, 0.0], "network_size": 67392, "b_mse": [0.2758, 0.2758], "runtime": 1194.3091349601746, "alpha_mse": [0.0, 0.0], "d_mse": [0.4484, 0.4484], "adv_type": "random_noise", "dataset": "enron", "sample_size": 1, "test_ratio": 0.3, "T": 10, "prob_mse": [0.2722, 0.2722], "realization": 0, "beta_mse": [0.0, 0.0], "attack_edge": 10000, "u_mse": [0.2758, 0.2758],"swap_ratio": 0.01, "gamma": 0.05}
{"acc": [0.0, 0.0], "network_size": 67392, "b_mse": [0.2758, 0.2758], "runtime": 1203.7634189128876, "alpha_mse": [0.0, 0.0], "d_mse": [0.4484, 0.4484], "adv_type": "random_noise", "dataset": "enron", "sample_size": 1, "test_ratio": 0.3, "T": 10, "prob_mse": [0.2722, 0.2722], "realization": 1, "beta_mse": [0.0, 0.0], "attack_edge": 10000, "u_mse": [0.2758, 0.2758],"swap_ratio": 0.01, "gamma": 0.05}
{"acc": [0.0, 0.0], "network_size": 67392, "b_mse": [0.2699, 0.2699], "runtime": 1188.067020893097, "alpha_mse": [0.0, 0.0], "d_mse": [0.4602, 0.4602], "adv_type": "random_noise", "dataset": "enron", "sample_size": 1, "test_ratio": 0.3, "T": 10, "prob_mse": [0.2727, 0.2727], "realization": 0, "beta_mse": [0.0, 0.0], "attack_edge": 10000, "u_mse": [0.2699, 0.2699],"swap_ratio": 0.01, "gamma": 0.07}
{"acc": [0.0, 0.0], "network_size": 67392, "b_mse": [0.2699, 0.2699], "runtime": 1197.6919269561768, "alpha_mse": [0.0, 0.0], "d_mse": [0.4602, 0.4602], "adv_type": "random_noise", "dataset": "enron", "sample_size": 1, "test_ratio": 0.3, "T": 10, "prob_mse": [0.2727, 0.2727], "realization": 1, "beta_mse": [0.0, 0.0], "attack_edge": 10000, "u_mse": [0.2699, 0.2699],"swap_ratio": 0.01, "gamma": 0.07}
{"acc": [0.0, 0.0], "network_size": 67392, "b_mse": [0.27, 0.27], "runtime": 1198.6064059734344, "alpha_mse": [0.0, 0.0], "d_mse": [0.46, 0.46], "adv_type": "random_noise", "dataset": "enron", "sample_size": 1, "test_ratio": 0.3, "T": 10, "prob_mse": [0.2707, 0.2707], "realization": 0, "beta_mse": [0.0, 0.0], "attack_edge": 10000, "u_mse": [0.27, 0.27],"swap_ratio": 0.01, "gamma": 0.09}
{"acc": [0.0, 0.0], "network_size": 67392, "b_mse": [0.27, 0.27], "runtime": 1193.966462135315, "alpha_mse": [0.0, 0.0], "d_mse": [0.46, 0.46], "adv_type": "random_noise", "dataset": "enron", "sample_size": 1, "test_ratio": 0.3, "T": 10, "prob_mse": [0.2707, 0.2707], "realization": 1, "beta_mse": [0.0, 0.0], "attack_edge": 10000, "u_mse": [0.27, 0.27],"swap_ratio": 0.01, "gamma": 0.09}
{"acc": [0.0, 0.0], "network_size": 67392, "b_mse": [0.2627, 0.2627], "runtime": 1195.0230729579926, "alpha_mse": [0.0, 0.0], "d_mse": [0.4746, 0.4746], "adv_type": "random_noise", "dataset": "enron", "sample_size": 1, "test_ratio": 0.3, "T": 10, "prob_mse": [0.274, 0.274], "realization": 0, "beta_mse": [0.0, 0.0], "attack_edge": 10000, "u_mse": [0.2627, 0.2627],"swap_ratio": 0.01, "gamma": 0.2}
{"acc": [0.0, 0.0], "network_size": 67392, "b_mse": [0.2627, 0.2627], "runtime": 1193.4460668563843, "alpha_mse": [0.0, 0.0], "d_mse": [0.4746, 0.4746], "adv_type": "random_noise", "dataset": "enron", "sample_size": 1, "test_ratio": 0.3, "T": 10, "prob_mse": [0.274, 0.274], "realization": 1, "beta_mse": [0.0, 0.0], "attack_edge": 10000, "u_mse": [0.2627, 0.2627],"swap_ratio": 0.01, "gamma": 0.2}
{"acc": [0.0, 0.0], "network_size": 67392, "b_mse": [0.2703, 0.2703], "runtime": 1198.738904953003, "alpha_mse": [0.0, 0.0], "d_mse": [0.4594, 0.4594], "adv_type": "random_noise", "dataset": "enron", "sample_size": 1, "test_ratio": 0.3, "T": 10, "prob_mse": [0.2704, 0.2704], "realization": 0, "beta_mse": [0.0, 0.0], "attack_edge": 10000, "u_mse": [0.2703, 0.2703],"swap_ratio": 0.01, "gamma": 0.3}
{"acc": [0.0, 0.0], "network_size": 67392, "b_mse": [0.2703, 0.2703], "runtime": 1201.7637650966644, "alpha_mse": [0.0, 0.0], "d_mse": [0.4594, 0.4594], "adv_type": "random_noise", "dataset": "enron", "sample_size": 1, "test_ratio": 0.3, "T": 10, "prob_mse": [0.2704, 0.2704], "realization": 1, "beta_mse": [0.0, 0.0], "attack_edge": 10000, "u_mse": [0.2703, 0.2703],"swap_ratio": 0.01, "gamma": 0.3}
{"acc": [0.0, 0.0], "network_size": 67392, "b_mse": [0.2571, 0.2571], "runtime": 1191.7408339977264, "alpha_mse": [0.0, 0.0], "d_mse": [0.4858, 0.4858], "adv_type": "random_noise", "dataset": "enron", "sample_size": 1, "test_ratio": 0.3, "T": 10, "prob_mse": [0.265, 0.265], "realization": 0, "beta_mse": [0.0, 0.0], "attack_edge": 10000, "u_mse": [0.2571, 0.2571],"swap_ratio": 0.01, "gamma": 0.4}
{"acc": [0.0, 0.0], "network_size": 67392, "b_mse": [0.2571, 0.2571], "runtime": 1199.3493411540985, "alpha_mse": [0.0, 0.0], "d_mse": [0.4858, 0.4858], "adv_type": "random_noise", "dataset": "enron", "sample_size": 1, "test_ratio": 0.3, "T": 10, "prob_mse": [0.265, 0.265], "realization": 1, "beta_mse": [0.0, 0.0], "attack_edge": 10000, "u_mse": [0.2571, 0.2571],"swap_ratio": 0.01, "gamma": 0.4}
{"acc": [0.0, 0.0], "network_size": 67392, "b_mse": [0.2607, 0.2607], "runtime": 1197.1019740104675, "alpha_mse": [0.0, 0.0], "d_mse": [0.4786, 0.4786], "adv_type": "random_noise", "dataset": "enron", "sample_size": 1, "test_ratio": 0.3, "T": 10, "prob_mse": [0.2665, 0.2665], "realization": 0, "beta_mse": [0.0, 0.0], "attack_edge": 10000, "u_mse": [0.2607, 0.2607],"swap_ratio": 0.01, "gamma": 0.5}
{"acc": [0.0, 0.0], "network_size": 67392, "b_mse": [0.2607, 0.2607], "runtime": 1197.987338066101, "alpha_mse": [0.0, 0.0], "d_mse": [0.4786, 0.4786], "adv_type": "random_noise", "dataset": "enron", "sample_size": 1, "test_ratio": 0.3, "T": 10, "prob_mse": [0.2665, 0.2665], "realization": 1, "beta_mse": [0.0, 0.0], "attack_edge": 10000, "u_mse": [0.2607, 0.2607],"swap_ratio": 0.01,