{"acc": [0.0, 0.0], "network_size": 8078, "b_mse": [0.1158, 0.1158], "runtime": 33.88804793357849, "alpha_mse": [0.0, 0.0], "d_mse": [0.7684, 0.7684], "adv_type": "random_noise", "dataset": "facebook", "sample_size": 1, "test_ratio": 0.3, "T": 10, "prob_mse": [0.1111, 0.1111], "realization": 0, "beta_mse": [0.0, 0.0], "attack_edge": 10000, "u_mse": [0.1158, 0.1158], "gamma": 0.0}
{"acc": [0.0, 0.0], "network_size": 8078, "b_mse": [0.2796, 0.2796], "runtime": 34.11717510223389, "alpha_mse": [0.0, 0.0], "d_mse": [0.4408, 0.4408], "adv_type": "random_noise", "dataset": "facebook", "sample_size": 1, "test_ratio": 0.3, "T": 10, "prob_mse": [0.2839, 0.2839], "realization": 0, "beta_mse": [0.0, 0.0], "attack_edge": 10000, "u_mse": [0.2796, 0.2796], "gamma": 0.01}
{"acc": [0.0, 0.0], "network_size": 8078, "b_mse": [0.2873, 0.2873], "runtime": 34.21582818031311, "alpha_mse": [0.0, 0.0], "d_mse": [0.4254, 0.4254], "adv_type": "random_noise", "dataset": "facebook", "sample_size": 1, "test_ratio": 0.3, "T": 10, "prob_mse": [0.2992, 0.2992], "realization": 0, "beta_mse": [0.0, 0.0], "attack_edge": 10000, "u_mse": [0.2873, 0.2873], "gamma": 0.03}
{"acc": [0.0, 0.0], "network_size": 8078, "b_mse": [0.2865, 0.2865], "runtime": 34.271400928497314, "alpha_mse": [0.0, 0.0], "d_mse": [0.427, 0.427], "adv_type": "random_noise", "dataset": "facebook", "sample_size": 1, "test_ratio": 0.3, "T": 10, "prob_mse": [0.2977, 0.2977], "realization": 0, "beta_mse": [0.0, 0.0], "attack_edge": 10000, "u_mse": [0.2865, 0.2865], "gamma": 0.05}
{"acc": [0.0, 0.0], "network_size": 8078, "b_mse": [0.2877, 0.2877], "runtime": 34.56948280334473, "alpha_mse": [0.0, 0.0], "d_mse": [0.4246, 0.4246], "adv_type": "random_noise", "dataset": "facebook", "sample_size": 1, "test_ratio": 0.3, "T": 10, "prob_mse": [0.3008, 0.3008], "realization": 0, "beta_mse": [0.0, 0.0], "attack_edge": 10000, "u_mse": [0.2877, 0.2877], "gamma": 0.07}
{"acc": [0.0, 0.0], "network_size": 8078, "b_mse": [0.2848, 0.2848], "runtime": 34.24641394615173, "alpha_mse": [0.0, 0.0], "d_mse": [0.4304, 0.4304], "adv_type": "random_noise", "dataset": "facebook", "sample_size": 1, "test_ratio": 0.3, "T": 10, "prob_mse": [0.2898, 0.2898], "realization": 0, "beta_mse": [0.0, 0.0], "attack_edge": 10000, "u_mse": [0.2848, 0.2848], "gamma": 0.09}
{"acc": [0.0, 0.0], "network_size": 8078, "b_mse": [0.2791, 0.2791], "runtime": 34.83870315551758, "alpha_mse": [0.0, 0.0], "d_mse": [0.4418, 0.4418], "adv_type": "random_noise", "dataset": "facebook", "sample_size": 1, "test_ratio": 0.3, "T": 10, "prob_mse": [0.2886, 0.2886], "realization": 0, "beta_mse": [0.0, 0.0], "attack_edge": 10000, "u_mse": [0.2791, 0.2791], "gamma": 0.11}
{"acc": [0.0, 0.0], "network_size": 8078, "b_mse": [0.2812, 0.2812], "runtime": 35.20518708229065, "alpha_mse": [0.0, 0.0], "d_mse": [0.4376, 0.4376], "adv_type": "random_noise", "dataset": "facebook", "sample_size": 1, "test_ratio": 0.3, "T": 10, "prob_mse": [0.2923, 0.2923], "realization": 0, "beta_mse": [0.0, 0.0], "attack_edge": 10000, "u_mse": [0.2812, 0.2812], "gamma": 0.13}
{"acc": [0.0, 0.0], "network_size": 8078, "b_mse": [0.2769, 0.2769], "runtime": 35.41732597351074, "alpha_mse": [0.0, 0.0], "d_mse": [0.4462, 0.4462], "adv_type": "random_noise", "dataset": "facebook", "sample_size": 1, "test_ratio": 0.3, "T": 10, "prob_mse": [0.2765, 0.2765], "realization": 0, "beta_mse": [0.0, 0.0], "attack_edge": 10000, "u_mse": [0.2769, 0.2769], "gamma": 0.15}
{"acc": [0.0, 0.0], "network_size": 8078, "b_mse": [0.3052, 0.3052], "runtime": 35.20986294746399, "alpha_mse": [0.0, 0.0], "d_mse": [0.3896, 0.3896], "adv_type": "random_noise", "dataset": "facebook", "sample_size": 1, "test_ratio": 0.3, "T": 10, "prob_mse": [0.3079, 0.3079], "realization": 0, "beta_mse": [0.0, 0.0], "attack_edge": 10000, "u_mse": [0.3052, 0.3052], "gamma": 0.2}
{"acc": [0.0, 0.0], "network_size": 8078, "b_mse": [0.279, 0.279], "runtime": 34.803313970565796, "alpha_mse": [0.0, 0.0], "d_mse": [0.442, 0.442], "adv_type": "random_noise", "dataset": "facebook", "sample_size": 1, "test_ratio": 0.3, "T": 10, "prob_mse": [0.2786, 0.2786], "realization": 0, "beta_mse": [0.0, 0.0], "attack_edge": 10000, "u_mse": [0.279, 0.279], "gamma": 0.25}
