{"acc": [0.0, 0.0], "network_size": 8078, "b_mse": [0.1136, 0.1136], "runtime": 35.03574085235596, "alpha_mse": [0.0, 0.0], "d_mse": [0.7728, 0.7728], "adv_type": "random_pgd", "dataset": "facebook", "sample_size": 1, "test_ratio": 0.3, "T": 10, "prob_mse": [0.1106, 0.1106], "realization": 0, "beta_mse": [0.0, 0.0], "attack_edge": 10000, "u_mse": [0.1136, 0.1136],"swap_ratio": 0.01, "gamma": 0.0}
{"acc": [0.0, 0.0], "network_size": 8078, "b_mse": [0.4112, 0.4112], "runtime": 35.219038009643555, "alpha_mse": [0.0, 0.0], "d_mse": [0.1776, 0.1776], "adv_type": "random_pgd", "dataset": "facebook", "sample_size": 1, "test_ratio": 0.3, "T": 10, "prob_mse": [0.3982, 0.3982], "realization": 0, "beta_mse": [0.0, 0.0], "attack_edge": 10000, "u_mse": [0.4112, 0.4112],"swap_ratio": 0.01, "gamma": 0.01}
{"acc": [0.0, 0.0], "network_size": 8078, "b_mse": [0.4124, 0.4124], "runtime": 35.395381927490234, "alpha_mse": [0.0, 0.0], "d_mse": [0.1752, 0.1752], "adv_type": "random_pgd", "dataset": "facebook", "sample_size": 1, "test_ratio": 0.3, "T": 10, "prob_mse": [0.3971, 0.3971], "realization": 0, "beta_mse": [0.0, 0.0], "attack_edge": 10000, "u_mse": [0.4124, 0.4124],"swap_ratio": 0.01, "gamma": 0.03}
{"acc": [0.0, 0.0], "network_size": 8078, "b_mse": [0.4143, 0.4143], "runtime": 35.18956995010376, "alpha_mse": [0.0, 0.0], "d_mse": [0.1714, 0.1714], "adv_type": "random_pgd", "dataset": "facebook", "sample_size": 1, "test_ratio": 0.3, "T": 10, "prob_mse": [0.3972, 0.3972], "realization": 0, "beta_mse": [0.0, 0.0], "attack_edge": 10000, "u_mse": [0.4143, 0.4143],"swap_ratio": 0.01, "gamma": 0.05}
{"acc": [0.0, 0.0], "network_size": 8078, "b_mse": [0.419, 0.419], "runtime": 35.68520498275757, "alpha_mse": [0.0, 0.0], "d_mse": [0.162, 0.162], "adv_type": "random_pgd", "dataset": "facebook", "sample_size": 1, "test_ratio": 0.3, "T": 10, "prob_mse": [0.3975, 0.3975], "realization": 0, "beta_mse": [0.0, 0.0], "attack_edge": 10000, "u_mse": [0.419, 0.419],"swap_ratio": 0.01, "gamma": 0.07}
{"acc": [0.0, 0.0], "network_size": 8078, "b_mse": [0.4188, 0.4188], "runtime": 36.47723317146301, "alpha_mse": [0.0, 0.0], "d_mse": [0.1624, 0.1624], "adv_type": "random_pgd", "dataset": "facebook", "sample_size": 1, "test_ratio": 0.3, "T": 10, "prob_mse": [0.3973, 0.3973], "realization": 0, "beta_mse": [0.0, 0.0], "attack_edge": 10000, "u_mse": [0.4188, 0.4188],"swap_ratio": 0.01, "gamma": 0.09}
{"acc": [0.0, 0.0], "network_size": 8078, "b_mse": [0.415, 0.415], "runtime": 35.51573991775513, "alpha_mse": [0.0, 0.0], "d_mse": [0.17, 0.17], "adv_type": "random_pgd", "dataset": "facebook", "sample_size": 1, "test_ratio": 0.3, "T": 10, "prob_mse": [0.3973, 0.3973], "realization": 0, "beta_mse": [0.0, 0.0], "attack_edge": 10000, "u_mse": [0.415, 0.415],"swap_ratio": 0.01, "gamma": 0.11}
{"acc": [0.0, 0.0], "network_size": 8078, "b_mse": [0.4029, 0.4029], "runtime": 35.765413999557495, "alpha_mse": [0.0, 0.0], "d_mse": [0.1942, 0.1942], "adv_type": "random_pgd", "dataset": "facebook", "sample_size": 1, "test_ratio": 0.3, "T": 10, "prob_mse": [0.3981, 0.3981], "realization": 0, "beta_mse": [0.0, 0.0], "attack_edge": 10000, "u_mse": [0.4029, 0.4029],"swap_ratio": 0.01, "gamma": 0.13}
{"acc": [0.0, 0.0], "network_size": 8078, "b_mse": [0.4107, 0.4107], "runtime": 35.69438886642456, "alpha_mse": [0.0, 0.0], "d_mse": [0.1786, 0.1786], "adv_type": "random_pgd", "dataset": "facebook", "sample_size": 1, "test_ratio": 0.3, "T": 10, "prob_mse": [0.3994, 0.3994], "realization": 0, "beta_mse": [0.0, 0.0], "attack_edge": 10000, "u_mse": [0.4107, 0.4107],"swap_ratio": 0.01, "gamma": 0.15}
{"acc": [0.0, 0.0], "network_size": 8078, "b_mse": [0.417, 0.417], "runtime": 35.980103969573975, "alpha_mse": [0.0, 0.0], "d_mse": [0.166, 0.166], "adv_type": "random_pgd", "dataset": "facebook", "sample_size": 1, "test_ratio": 0.3, "T": 10, "prob_mse": [0.3989, 0.3989], "realization": 0, "beta_mse": [0.0, 0.0], "attack_edge": 10000, "u_mse": [0.417, 0.417],"swap_ratio": 0.01, "gamma": 0.2}
{"acc": [0.0, 0.0], "network_size": 8078, "b_mse": [0.4138, 0.4138], "runtime": 35.943450927734375, "alpha_mse": [0.0, 0.0], "d_mse": [0.1724, 0.1724], "adv_type": "random_pgd", "dataset": "facebook", "sample_size": 1, "test_ratio": 0.3, "T": 10, "prob_mse": [0.3976, 0.3976], "realization": 0, "beta_mse": [0.0, 0.0], "attack_edge": 10000, "u_mse": [0.4138, 0.4138],"swap_ratio": 0.01, "gamma": 0.25}
{"acc": [0.0, 0.0], "network_size": 67392, "b_mse": [0.139, 0.139], "runtime": 1189.8395409584045, "alpha_mse": [0.0, 0.0], "d_mse": [0.722, 0.722], "adv_type": "random_pgd", "dataset": "enron", "sample_size": 1, "test_ratio": 0.3, "T": 10, "prob_mse": [0.1312, 0.1312], "realization": 0, "beta_mse": [0.0, 0.0], "attack_edge": 10000, "u_mse": [0.139, 0.139],"swap_ratio": 0.01, "gamma": 0.0}
{"acc": [0.0, 0.0], "network_size": 67392, "b_mse": [0.4156, 0.4156], "runtime": 1198.805146932602, "alpha_mse": [0.0, 0.0], "d_mse": [0.1688, 0.1688], "adv_type": "random_pgd", "dataset": "enron", "sample_size": 1, "test_ratio": 0.3, "T": 10, "prob_mse": [0.3974, 0.3974], "realization": 0, "beta_mse": [0.0, 0.0], "attack_edge": 10000, "u_mse": [0.4156, 0.4156],"swap_ratio": 0.01, "gamma": 0.01}
{"acc": [0.0, 0.0], "network_size": 67392, "b_mse": [0.4161, 0.4161], "runtime": 1185.721559047699, "alpha_mse": [0.0, 0.0], "d_mse": [0.1678, 0.1678], "adv_type": "random_pgd", "dataset": "enron", "sample_size": 1, "test_ratio": 0.3, "T": 10, "prob_mse": [0.3971, 0.3971], "realization": 0, "beta_mse": [0.0, 0.0], "attack_edge": 10000, "u_mse": [0.4161, 0.4161],"swap_ratio": 0.01, "gamma": 0.03}
{"acc": [0.0, 0.0], "network_size": 67392, "b_mse": [0.4138, 0.4138], "runtime": 1194.9309151172638, "alpha_mse": [0.0, 0.0], "d_mse": [0.1724, 0.1724], "adv_type": "random_pgd", "dataset": "enron", "sample_size": 1, "test_ratio": 0.3, "T": 10, "prob_mse": [0.3968, 0.3968], "realization": 0, "beta_mse": [0.0, 0.0], "attack_edge": 10000, "u_mse": [0.4138, 0.4138],"swap_ratio": 0.01, "gamma": 0.05}
{"acc": [0.0, 0.0], "network_size": 67392, "b_mse": [0.4164, 0.4164], "runtime": 1194.7805380821228, "alpha_mse": [0.0, 0.0], "d_mse": [0.1672, 0.1672], "adv_type": "random_pgd", "dataset": "enron", "sample_size": 1, "test_ratio": 0.3, "T": 10, "prob_mse": [0.3965, 0.3965], "realization": 0, "beta_mse": [0.0, 0.0], "attack_edge": 10000, "u_mse": [0.4164, 0.4164],"swap_ratio": 0.01, "gamma": 0.07}
{"acc": [0.0, 0.0], "network_size": 67392, "b_mse": [0.4174, 0.4174], "runtime": 1194.687227010727, "alpha_mse": [0.0, 0.0], "d_mse": [0.1652, 0.1652], "adv_type": "random_pgd", "dataset": "enron", "sample_size": 1, "test_ratio": 0.3, "T": 10, "prob_mse": [0.3963, 0.3963], "realization": 0, "beta_mse": [0.0, 0.0], "attack_edge": 10000, "u_mse": [0.4174, 0.4174],"swap_ratio": 0.01, "gamma": 0.09}
{"acc": [0.0, 0.0], "network_size": 67392, "b_mse": [0.4161, 0.4161], "runtime": 1190.4364519119263, "alpha_mse": [0.0, 0.0], "d_mse": [0.1678, 0.1678], "adv_type": "random_pgd", "dataset": "enron", "sample_size": 1, "test_ratio": 0.3, "T": 10, "prob_mse": [0.3971, 0.3971], "realization": 0, "beta_mse": [0.0, 0.0], "attack_edge": 10000, "u_mse": [0.4161, 0.4161],"swap_ratio": 0.01, "gamma": 0.11}
{"acc": [0.0, 0.0], "network_size": 67392, "b_mse": [0.4155, 0.4155], "runtime": 1194.215844154358, "alpha_mse": [0.0, 0.0], "d_mse": [0.169, 0.169], "adv_type": "random_pgd", "dataset": "enron", "sample_size": 1, "test_ratio": 0.3, "T": 10, "prob_mse": [0.3968, 0.3968], "realization": 0, "beta_mse": [0.0, 0.0], "attack_edge": 10000, "u_mse": [0.4155, 0.4155],"swap_ratio": 0.01, "gamma": 0.13}
{"acc": [0.0, 0.0], "network_size": 164336, "b_mse": [0.1529, 0.1529], "runtime": 7705.3578469753265, "alpha_mse": [0.0, 0.0], "d_mse": [0.6942, 0.6942], "adv_type": "random_pgd", "dataset": "slashdot", "sample_size": 1, "test_ratio": 0.3, "T": 10, "prob_mse": [0.1445, 0.1445], "realization": 0, "beta_mse": [0.0, 0.0], "attack_edge": 10000, "u_mse": [0.1529, 0.1529],"swap_ratio": 0.01,