{"acc": [0.0, 0.0], "network_size": 67392, "b_mse": [0.1373, 0.1373], "runtime": 1193.1276359558105, "alpha_mse": [0.0, 0.0], "d_mse": [0.7254, 0.7254], "adv_type": "random_pgd", "dataset": "enron", "sample_size": 1, "test_ratio": 0.3, "T": 10, "prob_mse": [0.1291, 0.1291], "realization": 0, "beta_mse": [0.0, 0.0], "attack_edge": 10000, "u_mse": [0.1373, 0.1373], "gamma": 0.0}
{"acc": [0.0, 0.0], "network_size": 67392, "b_mse": [0.4128, 0.4128], "runtime": 1208.1582870483398, "alpha_mse": [0.0, 0.0], "d_mse": [0.1744, 0.1744], "adv_type": "random_pgd", "dataset": "enron", "sample_size": 1, "test_ratio": 0.3, "T": 10, "prob_mse": [0.3924, 0.3924], "realization": 0, "beta_mse": [0.0, 0.0], "attack_edge": 10000, "u_mse": [0.4128, 0.4128], "gamma": 0.01}
{"acc": [0.0, 0.0], "network_size": 67392, "b_mse": [0.4126, 0.4126], "runtime": 1212.2487308979034, "alpha_mse": [0.0, 0.0], "d_mse": [0.1748, 0.1748], "adv_type": "random_pgd", "dataset": "enron", "sample_size": 1, "test_ratio": 0.3, "T": 10, "prob_mse": [0.3921, 0.3921], "realization": 0, "beta_mse": [0.0, 0.0], "attack_edge": 10000, "u_mse": [0.4126, 0.4126], "gamma": 0.03}
{"acc": [0.0, 0.0], "network_size": 67392, "b_mse": [0.4126, 0.4126], "runtime": 1189.5385789871216, "alpha_mse": [0.0, 0.0], "d_mse": [0.1748, 0.1748], "adv_type": "random_pgd", "dataset": "enron", "sample_size": 1, "test_ratio": 0.3, "T": 10, "prob_mse": [0.3916, 0.3916], "realization": 0, "beta_mse": [0.0, 0.0], "attack_edge": 10000, "u_mse": [0.4126, 0.4126], "gamma": 0.05}
{"acc": [0.0, 0.0], "network_size": 67392, "b_mse": [0.413, 0.413], "runtime": 1192.704875946045, "alpha_mse": [0.0, 0.0], "d_mse": [0.174, 0.174], "adv_type": "random_pgd", "dataset": "enron", "sample_size": 1, "test_ratio": 0.3, "T": 10, "prob_mse": [0.3916, 0.3916], "realization": 0, "beta_mse": [0.0, 0.0], "attack_edge": 10000, "u_mse": [0.413, 0.413], "gamma": 0.07}
{"acc": [0.0, 0.0], "network_size": 67392, "b_mse": [0.4127, 0.4127], "runtime": 1196.8096549510956, "alpha_mse": [0.0, 0.0], "d_mse": [0.1746, 0.1746], "adv_type": "random_pgd", "dataset": "enron", "sample_size": 1, "test_ratio": 0.3, "T": 10, "prob_mse": [0.3924, 0.3924], "realization": 0, "beta_mse": [0.0, 0.0], "attack_edge": 10000, "u_mse": [0.4127, 0.4127], "gamma": 0.09}
{"acc": [0.0, 0.0], "network_size": 67392, "b_mse": [0.4128, 0.4128], "runtime": 1214.2227220535278, "alpha_mse": [0.0, 0.0], "d_mse": [0.1744, 0.1744], "adv_type": "random_pgd", "dataset": "enron", "sample_size": 1, "test_ratio": 0.3, "T": 10, "prob_mse": [0.3946, 0.3946], "realization": 0, "beta_mse": [0.0, 0.0], "attack_edge": 10000, "u_mse": [0.4128, 0.4128], "gamma": 0.2}
{"acc": [0.0, 0.0], "network_size": 67392, "b_mse": [0.4129, 0.4129], "runtime": 1200.2241051197052, "alpha_mse": [0.0, 0.0], "d_mse": [0.1742, 0.1742], "adv_type": "random_pgd", "dataset": "enron", "sample_size": 1, "test_ratio": 0.3, "T": 10, "prob_mse": [0.3923, 0.3923], "realization": 0, "beta_mse": [0.0, 0.0], "attack_edge": 10000, "u_mse": [0.4129, 0.4129], "gamma": 0.3}
{"acc": [0.0, 0.0], "network_size": 67392, "b_mse": [0.4124, 0.4124], "runtime": 1188.9732739925385, "alpha_mse": [0.0, 0.0], "d_mse": [0.1752, 0.1752], "adv_type": "random_pgd", "dataset": "enron", "sample_size": 1, "test_ratio": 0.3, "T": 10, "prob_mse": [0.392, 0.392], "realization": 0, "beta_mse": [0.0, 0.0], "attack_edge": 10000, "u_mse": [0.4124, 0.4124], "gamma": 0.4}
{"acc": [0.0, 0.0], "network_size": 67392, "b_mse": [0.4127, 0.4127], "runtime": 1189.6435759067535, "alpha_mse": [0.0, 0.0], "d_mse": [0.1746, 0.1746], "adv_type": "random_pgd", "dataset": "enron", "sample_size": 1, "test_ratio": 0.3, "T": 10, "prob_mse": [0.3913, 0.3913], "realization": 0, "beta_mse": [0.0, 0.0], "attack_edge": 10000, "u_mse": [0.4127, 0.4127], "gamma": 0.5}
