{"acc": [0.0, 0.0], "network_size": 67392, "b_mse": [0.1402, 0.1402], "runtime": 1245.1993730068207, "alpha_mse": [0.0, 0.0], "d_mse": [0.7196, 0.7196], "adv_type": "random_pgd_csl", "dataset": "enron", "sample_size": 1, "test_ratio": 0.3, "T": 10, "prob_mse": [0.1321, 0.1321], "realization": 0, "beta_mse": [0.0, 0.0], "attack_edge": 10000, "u_mse": [0.1402, 0.1402],"swap_ratio": 0.01, "gamma": 0.0}
{"acc": [0.0, 0.0], "network_size": 67392, "b_mse": [0.2228, 0.2228], "runtime": 1236.0831911563873, "alpha_mse": [0.0, 0.0], "d_mse": [0.5544, 0.5544], "adv_type": "random_pgd_csl", "dataset": "enron", "sample_size": 1, "test_ratio": 0.3, "T": 10, "prob_mse": [0.2128, 0.2128], "realization": 0, "beta_mse": [0.0, 0.0], "attack_edge": 10000, "u_mse": [0.2228, 0.2228],"swap_ratio": 0.01, "gamma": 0.01}
{"acc": [0.0, 0.0], "network_size": 67392, "b_mse": [0.223, 0.223], "runtime": 1251.3834850788116, "alpha_mse": [0.0, 0.0], "d_mse": [0.554, 0.554], "adv_type": "random_pgd_csl", "dataset": "enron", "sample_size": 1, "test_ratio": 0.3, "T": 10, "prob_mse": [0.2134, 0.2134], "realization": 0, "beta_mse": [0.0, 0.0], "attack_edge": 10000, "u_mse": [0.223, 0.223],"swap_ratio": 0.01, "gamma": 0.03}
{"acc": [0.0, 0.0], "network_size": 67392, "b_mse": [0.2241, 0.2241], "runtime": 1230.7642080783844, "alpha_mse": [0.0, 0.0], "d_mse": [0.5518, 0.5518], "adv_type": "random_pgd_csl", "dataset": "enron", "sample_size": 1, "test_ratio": 0.3, "T": 10, "prob_mse": [0.2091, 0.2091], "realization": 0, "beta_mse": [0.0, 0.0], "attack_edge": 10000, "u_mse": [0.2241, 0.2241],"swap_ratio": 0.01, "gamma": 0.05}
{"acc": [0.0, 0.0], "network_size": 67392, "b_mse": [0.2237, 0.2237], "runtime": 1284.13818192482, "alpha_mse": [0.0, 0.0], "d_mse": [0.5526, 0.5526], "adv_type": "random_pgd_csl", "dataset": "enron", "sample_size": 1, "test_ratio": 0.3, "T": 10, "prob_mse": [0.2068, 0.2068], "realization": 0, "beta_mse": [0.0, 0.0], "attack_edge": 10000, "u_mse": [0.2237, 0.2237],"swap_ratio": 0.01, "gamma": 0.07}
{"acc": [0.0, 0.0], "network_size": 67392, "b_mse": [0.2238, 0.2238], "runtime": 1235.7382328510284, "alpha_mse": [0.0, 0.0], "d_mse": [0.5524, 0.5524], "adv_type": "random_pgd_csl", "dataset": "enron", "sample_size": 1, "test_ratio": 0.3, "T": 10, "prob_mse": [0.2123, 0.2123], "realization": 0, "beta_mse": [0.0, 0.0], "attack_edge": 10000, "u_mse": [0.2238, 0.2238],"swap_ratio": 0.01, "gamma": 0.09}
{"acc": [0.0, 0.0], "network_size": 67392, "b_mse": [0.2234, 0.2234], "runtime": 1276.3077988624573, "alpha_mse": [0.0, 0.0], "d_mse": [0.5532, 0.5532], "adv_type": "random_pgd_csl", "dataset": "enron", "sample_size": 1, "test_ratio": 0.3, "T": 10, "prob_mse": [0.2174, 0.2174], "realization": 0, "beta_mse": [0.0, 0.0], "attack_edge": 10000, "u_mse": [0.2234, 0.2234],"swap_ratio": 0.01, "gamma": 0.2}
{"acc": [0.0, 0.0], "network_size": 67392, "b_mse": [0.2214, 0.2214], "runtime": 1261.1268060207367, "alpha_mse": [0.0, 0.0], "d_mse": [0.5572, 0.5572], "adv_type": "random_pgd_csl", "dataset": "enron", "sample_size": 1, "test_ratio": 0.3, "T": 10, "prob_mse": [0.2097, 0.2097], "realization": 0, "beta_mse": [0.0, 0.0], "attack_edge": 10000, "u_mse": [0.2214, 0.2214],"swap_ratio": 0.01, "gamma": 0.3}
{"acc": [0.0, 0.0], "network_size": 67392, "b_mse": [0.2231, 0.2231], "runtime": 1221.791386127472, "alpha_mse": [0.0, 0.0], "d_mse": [0.5538, 0.5538], "adv_type": "random_pgd_csl", "dataset": "enron", "sample_size": 1, "test_ratio": 0.3, "T": 10, "prob_mse": [0.215, 0.215], "realization": 0, "beta_mse": [0.0, 0.0], "attack_edge": 10000, "u_mse": [0.2231, 0.2231],"swap_ratio": 0.01, "gamma": 0.4}
{"acc": [0.0, 0.0], "network_size": 67392, "b_mse": [0.2232, 0.2232], "runtime": 1179.0228328704834, "alpha_mse": [0.0, 0.0], "d_mse": [0.5536, 0.5536], "adv_type": "random_pgd_csl", "dataset": "enron", "sample_size": 1, "test_ratio": 0.3, "T": 10, "prob_mse": [0.2102, 0.2102], "realization": 0, "beta_mse": [0.0, 0.0], "attack_edge": 10000, "u_mse": [0.2232, 0.2232],"swap_ratio": 0.01, "gamma": 0.5}
{"acc": [0.0, 0.0], "network_size": 164336, "b_mse": [0.1536, 0.1536], "runtime": 8434.666404008865, "alpha_mse": [0.0, 0.0], "d_mse": [0.6928, 0.6928], "adv_type": "random_pgd_csl", "dataset": "slashdot", "sample_size": 1, "test_ratio": 0.3, "T": 10, "prob_mse": [0.145, 0.145], "realization": 0, "beta_mse": [0.0, 0.0], "attack_edge": 10000, "u_mse": [0.1536, 0.1536], "gamma": 0.0, "swap_ratio": 0.01}
{"acc": [0.0, 0.0], "network_size": 164336, "b_mse": [0.2469, 0.2469], "runtime": 7997.345360994339, "alpha_mse": [0.0, 0.0], "d_mse": [0.5062, 0.5062], "adv_type": "random_pgd_csl", "dataset": "slashdot", "sample_size": 1, "test_ratio": 0.3, "T": 10, "prob_mse": [0.2335, 0.2335], "realization": 0, "beta_mse": [0.0, 0.0], "attack_edge": 10000, "u_mse": [0.2469, 0.2469], "gamma": 0.01, "swap_ratio": 0.01}
{"acc": [0.0, 0.0], "network_size": 164336, "b_mse": [0.2462, 0.2462], "runtime": 9122.787310123444, "alpha_mse": [0.0, 0.0], "d_mse": [0.5076, 0.5076], "adv_type": "random_pgd_csl", "dataset": "slashdot", "sample_size": 1, "test_ratio": 0.3, "T": 10, "prob_mse": [0.2344, 0.2344], "realization": 0, "beta_mse": [0.0, 0.0], "attack_edge": 10000, "u_mse": [0.2462, 0.2462], "gamma": 0.09, "swap_ratio": 0.01}
{"acc": [0.0, 0.0], "network_size": 164336, "b_mse": [0.2436, 0.2436], "runtime": 7758.958542108536, "alpha_mse": [0.0, 0.0], "d_mse": [0.5128, 0.5128], "adv_type": "random_pgd_csl", "dataset": "slashdot", "sample_size": 1, "test_ratio": 0.3, "T": 10, "prob_mse": [0.2331, 0.2331], "realization": 0, "beta_mse": [0.0, 0.0], "attack_edge": 10000, "u_mse": [0.2436, 0.2436], "gamma": 0.03, "swap_ratio": 0.01}
{"acc": [0.0, 0.0], "network_size": 164336, "b_mse": [0.2469, 0.2469], "runtime": 9010.293330907822, "alpha_mse": [0.0, 0.0], "d_mse": [0.5062, 0.5062], "adv_type": "random_pgd_csl", "dataset": "slashdot", "sample_size": 1, "test_ratio": 0.3, "T": 10, "prob_mse": [0.2335, 0.2335], "realization": 0, "beta_mse": [0.0, 0.0], "attack_edge": 10000, "u_mse": [0.2469, 0.2469], "gamma": 0.2, "swap_ratio": 0.01}
{"acc": [0.0, 0.0], "network_size": 164336, "b_mse": [0.246, 0.246], "runtime": 7802.911100149155, "alpha_mse": [0.0, 0.0], "d_mse": [0.508, 0.508], "adv_type": "random_pgd_csl", "dataset": "slashdot", "sample_size": 1, "test_ratio": 0.3, "T": 10, "prob_mse": [0.2294, 0.2294], "realization": 0, "beta_mse": [0.0, 0.0], "attack_edge": 10000, "u_mse": [0.246, 0.246], "gamma": 0.05, "swap_ratio": 0.01}
{"acc": [0.0, 0.0], "network_size": 164336, "b_mse": [0.2436, 0.2436], "runtime": 9075.634870052338, "alpha_mse": [0.0, 0.0], "d_mse": [0.5128, 0.5128], "adv_type": "random_pgd_csl", "dataset": "slashdot", "sample_size": 1, "test_ratio": 0.3, "T": 10, "prob_mse": [0.2331, 0.2331], "realization": 0, "beta_mse": [0.0, 0.0], "attack_edge": 10000, "u_mse": [0.2436, 0.2436], "gamma": 0.3, "swap_ratio": 0.01}
{"acc": [0.0, 0.0], "network_size": 164336, "b_mse": [0.2469, 0.2469], "runtime": 7901.091308116913, "alpha_mse": [0.0, 0.0], "d_mse": [0.5062, 0.5062], "adv_type": "random_pgd_csl", "dataset": "slashdot", "sample_size": 1, "test_ratio": 0.3, "T": 10, "prob_mse": [0.229, 0.229], "realization": 0, "beta_mse": [0.0, 0.0], "attack_edge": 10000, "u_mse": [0.2469, 0.2469], "gamma": 0.07, "swap_ratio": 0.01}
{"acc": [0.0, 0.0], "network_size": 164336, "b_mse": [0.246, 0.246], "runtime": 8909.801651000977, "alpha_mse": [0.0, 0.0], "d_mse": [0.508, 0.508], "adv_type": "random_pgd_csl", "dataset": "slashdot", "sample_size": 1, "test_ratio": 0.3, "T": 10, "prob_mse": [0.2294, 0.2294], "realization": 0, "beta_mse": [0.0, 0.0], "attack_edge": 10000, "u_mse": [0.246, 0.246], "gamma": 0.4, "swap_ratio": 0.01}
{"acc": [0.0, 0.0], "network_size": 164336, "b_mse": [0.246, 0.246], "runtime": 8765.801651000977, "alpha_mse": [0.0, 0.0], "d_mse": [0.508, 0.508], "adv_type": "random_pgd_csl", "dataset": "slashdot", "sample_size": 1, "test_ratio": 0.3, "T": 10, "prob_mse": [0.2290, 0.2290], "realization": 0, "beta_mse": [0.0, 0.0],