{"acc": [0.8208518935088599, 0.8208518935088599], "network_size": 67392, "b_mse": [0.17495136347149404, 0.17495136347149404], "runtime": 342.7359240055084, "alpha_mse": [2.1442773765951135, 2.1442773765951135], "prob_mse": [0.20713211329838094, 0.20713211329838094], "adv_type": "random_pgd", "dataset": "enron", "sample_size": 1, "test_ratio": 0.3, "T": 10, "realization": 0, "beta_mse": [2.645909585517855, 2.645909585517855], "attack_edge": 10000, "u_mse": [0.023809523809523815, 0.023809523809523815], "d_mse": [0.1619546938371748, 0.1619546938371748], "gamma": 0.0, "swap_ratio": 0.01}
{"acc": [0.8208518935088599, 0.8208518935088599], "network_size": 67392, "b_mse": [0.17495136347149404, 0.17495136347149404], "runtime": 350.72379858493804, "alpha_mse": [2.1442773765951135, 2.1442773765951135], "prob_mse": [0.20713211329838094, 0.20713211329838094], "adv_type": "random_pgd", "dataset": "enron", "sample_size": 1, "test_ratio": 0.3, "T": 10, "realization": 0, "beta_mse": [2.645909585517855, 2.645909585517855], "attack_edge": 10000, "u_mse": [0.023809523809523815, 0.023809523809523815], "d_mse": [0.1619546938371748, 0.1619546938371748], "gamma": 0.05, "swap_ratio": 0.01}
{"acc": [0.8208518935088599, 0.8208518935088599], "network_size": 67392, "b_mse": [0.17495136347149404, 0.17495136347149404], "runtime": 338.6371780395508, "alpha_mse": [2.1442773765951135, 2.1442773765951135], "prob_mse": [0.20713211329838094, 0.20713211329838094], "adv_type": "random_pgd", "dataset": "enron", "sample_size": 1, "test_ratio": 0.3, "T": 10, "realization": 0, "beta_mse": [2.645909585517855, 2.645909585517855], "attack_edge": 10000, "u_mse": [0.023809523809523815, 0.023809523809523815], "d_mse": [0.1619546938371748, 0.1619546938371748], "gamma": 0.09, "swap_ratio": 0.01}
{"acc": [0.8208518935088599, 0.8208518935088599], "network_size": 67392, "b_mse": [0.17495136347149404, 0.17495136347149404], "runtime": 338.3484941005707, "alpha_mse": [2.1442773765951135, 2.1442773765951135], "prob_mse": [0.20713211329838094, 0.20713211329838094], "adv_type": "random_pgd", "dataset": "enron", "sample_size": 1, "test_ratio": 0.3, "T": 10, "realization": 0, "beta_mse": [2.645909585517855, 2.645909585517855], "attack_edge": 10000, "u_mse": [0.023809523809523815, 0.023809523809523815], "d_mse": [0.1619546938371748, 0.1619546938371748], "gamma": 0.01, "swap_ratio": 0.01}
{"acc": [0.5062810304866648, 0.5062810304866648], "network_size": 67392, "b_mse": [0.48228806014442577, 0.48228806014442577], "runtime": 518.8170397043228, "alpha_mse": [4.903699673558215, 4.903699673558215], "prob_mse": [0.4988465921456127, 0.4988465921456127], "adv_type": "random_pgd", "dataset": "enron", "sample_size": 1, "test_ratio": 0.3, "T": 10, "realization": 0, "beta_mse": [5.9880799287763375, 5.9880799287763375], "attack_edge": 10000, "u_mse": [0.023809523809523815, 0.023809523809523815], "d_mse": [0.4158621030764665, 0.4158621030764665], "gamma": 0.5, "swap_ratio": 0.01}
{"acc": [0.8208518935088599, 0.8208518935088599], "network_size": 67392, "b_mse": [0.17495136347149404, 0.17495136347149404], "runtime": 340.4990548849106, "alpha_mse": [2.1442773765951135, 2.1442773765951135], "prob_mse": [0.20713211329838094, 0.20713211329838094], "adv_type": "random_pgd", "dataset": "enron", "sample_size": 1, "test_ratio": 0.3, "T": 10, "realization": 0, "beta_mse": [2.645909585517855, 2.645909585517855], "attack_edge": 10000, "u_mse": [0.023809523809523815, 0.023809523809523815], "d_mse": [0.1619546938371748, 0.1619546938371748], "gamma": 0.2, "swap_ratio": 0.01}
{"acc": [0.8208518935088599, 0.8208518935088599], "network_size": 67392, "b_mse": [0.17495136347149404, 0.17495136347149404], "runtime": 342.589732336998, "alpha_mse": [2.1442773765951135, 2.1442773765951135], "prob_mse": [0.20713211329838094, 0.20713211329838094], "adv_type": "random_pgd", "dataset": "enron", "sample_size": 1, "test_ratio": 0.3, "T": 10, "realization": 0, "beta_mse": [2.645909585517855, 2.645909585517855], "attack_edge": 10000, "u_mse": [0.023809523809523815, 0.023809523809523815], "d_mse": [0.1619546938371748, 0.1619546938371748], "gamma": 0.07, "swap_ratio": 0.01}
{"acc": [0.8208518935088599, 0.8208518935088599], "network_size": 67392, "b_mse": [0.17495136347149404, 0.17495136347149404], "runtime": 412.27317731380464, "alpha_mse": [2.1442773765951135, 2.1442773765951135], "prob_mse": [0.20713211329838094, 0.20713211329838094], "adv_type": "random_pgd", "dataset": "enron", "sample_size": 1, "test_ratio": 0.3, "T": 10, "realization": 0, "beta_mse": [2.645909585517855, 2.645909585517855], "attack_edge": 10000, "u_mse": [0.023809523809523815, 0.023809523809523815], "d_mse": [0.1619546938371748, 0.1619546938371748], "gamma": 0.4, "swap_ratio": 0.01}
{"acc": [0.8208518935088599, 0.8208518935088599], "network_size": 67392, "b_mse": [0.17495136347149404, 0.17495136347149404], "runtime": 400.6502031803131, "alpha_mse": [2.1442773765951135, 2.1442773765951135], "prob_mse": [0.20713211329838094, 0.20713211329838094], "adv_type": "random_pgd", "dataset": "enron", "sample_size": 1, "test_ratio": 0.3, "T": 10, "realization": 0, "beta_mse": [2.645909585517855, 2.645909585517855], "attack_edge": 10000, "u_mse": [0.023809523809523815, 0.023809523809523815], "d_mse": [0.1619546938371748, 0.1619546938371748], "gamma": 0.3, "swap_ratio": 0.01}
{"acc": [0.8208518935088599, 0.8208518935088599], "network_size": 67392, "b_mse": [0.17495136347149404, 0.17495136347149404], "runtime": 345.2890702486038, "alpha_mse": [2.1442773765951135, 2.1442773765951135], "prob_mse": [0.20713211329838094, 0.20713211329838094], "adv_type": "random_pgd", "dataset": "enron", "sample_size": 1, "test_ratio": 0.3, "T": 10, "realization": 0, "beta_mse": [2.645909585517855, 2.645909585517855], "attack_edge": 10000, "u_mse": [0.023809523809523815, 0.023809523809523815], "d_mse": [0.1619546938371748, 0.1619546938371748], "gamma": 0.03, "swap_ratio": 0.01}
{"acc": [0.9216629121042952, 0.9216629121042952], "network_size": 164336, "b_mse": [0.09949154834347532, 0.09949154834347532], "runtime": 2888.8420413335166, "alpha_mse": [1.6283975659229215, 1.6283975659229215], "prob_mse": [0.14779037728194724, 0.14779037728194724], "adv_type": "random_pgd", "dataset": "slashdot", "sample_size": 1, "test_ratio": 0.3, "T": 10, "realization": 0, "beta_mse": [1.6809736308316436, 1.6809736308316436], "attack_edge": 10000, "u_mse": [0.023809523809523815, 0.023809523809523815], "d_mse": [0.09700946585530762, 0.09700946585530762], "gamma": 0.0, "swap_ratio": 0.01}
{"acc": [0.9286000289655054, 0.9286000289655054], "network_size": 164336, "b_mse": [0.09305611899932385, 0.09305611899932385], "runtime": 1637.3145412604015, "alpha_mse": [1.5697565922920897, 1.5697565922920897], "prob_mse": [0.14173143069641647, 0.14173143069641647], "adv_type": "random_pgd", "dataset": "slashdot", "sample_size": 1, "test_ratio": 0.3, "T": 10, "realization": 0, "beta_mse": [1.6087829614604467, 1.6087829614604467], "attack_edge": 10000, "u_mse": [0.023809523809523815, 0.023809523809523815], "d_mse": [0.09156795131845841, 0.09156795131845841], "gamma": 0.5, "swap_ratio": 0.01}
{"acc": [0.9286000289655054, 0.9286000289655054], "network_size": 164336, "b_mse": [0.09305611899932385, 0.09305611899932385], "runtime": 1612.1844487190247, "alpha_mse": [1.5697565922920897, 1.5697565922920897], "prob_mse": [0.14173143069641647, 0.14173143069641647], "adv_type": "random_pgd", "dataset": "slashdot", "sample_size": 1, "test_ratio": 0.3, "T": 10, "realization": 0, "beta_mse": [1.6087829614604467, 1.6087829614604467], "attack_edge": 10000, "u_mse": [0.023809523809523815, 0.023809523809523815], "d_mse": [0.09156795131845841, 0.09156795131845841], "gamma": 0.4, "swap_ratio": 0.01}
{"acc": [0.938234913494964, 0.938234913494964], "network_size": 164336, "b_mse": [0.08603245436105476, 0.08603245436105476], "runtime": 1062.850383758545, "alpha_mse": [1.5085192697768768, 1.5085192697768768], "prob_mse": [0.13542075321162944, 0.13542075321162944],