{"acc": [0.9197359351984035, 0.9197359351984035], "network_size": 164336, "b_mse": [0.16569046653144015, 0.16569046653144015], "runtime": 1256.7458039283752, "alpha_mse": [2.344134888438135, 2.344134888438135], "prob_mse": [0.17173722650439488, 0.17173722650439488], "adv_type": "random_pgd_gcn_vae", "dataset": "slashdot", "sample_size": 1, "test_ratio": 0.3, "T": 10, "realization": 0, "beta_mse": [2.586310547667344, 2.586310547667344], "attack_edge": 10000, "u_mse": [0.023809523809523815, 0.023809523809523815], "d_mse": [0.16735852603110213, 0.16735852603110213], "gamma": 0.0, "swap_ratio": 0.01}
{"acc": [0.9303038822296623, 0.9303038822296623], "network_size": 164336, "b_mse": [0.15114530087897232, 0.15114530087897232], "runtime": 35.82112995783488, "alpha_mse": [4.396178498985803, 4.396178498985803], "prob_mse": [0.11682089655172413, 0.11682089655172413], "adv_type": "random_pgd_gcn_vae", "dataset": "slashdot", "sample_size": 1, "test_ratio": 0.3, "T": 10, "realization": 0, "beta_mse": [4.687337119675457, 4.687337119675457], "attack_edge": 10000, "u_mse": [0.2571428571428571, 0.2571428571428571], "d_mse": [0.19986443542934412, 0.19986443542934412], "gamma": 0.09, "swap_ratio": 0.01}
{"acc": [0.9303038822296623, 0.9303038822296623], "network_size": 164336, "b_mse": [0.15114530087897232, 0.15114530087897232], "runtime": 37.101532300313316, "alpha_mse": [4.396178498985803, 4.396178498985803], "prob_mse": [0.11682089655172413, 0.11682089655172413], "adv_type": "random_pgd_gcn_vae", "dataset": "slashdot", "sample_size": 1, "test_ratio": 0.3, "T": 10, "realization": 0, "beta_mse": [4.687337119675457, 4.687337119675457], "attack_edge": 10000, "u_mse": [0.2571428571428571, 0.2571428571428571], "d_mse": [0.19986443542934412, 0.19986443542934412], "gamma": 0.2, "swap_ratio": 0.01}
{"acc": [0.9303038822296623, 0.9303038822296623], "network_size": 164336, "b_mse": [0.15114530087897232, 0.15114530087897232], "runtime": 37.5052490234375, "alpha_mse": [4.396178498985803, 4.396178498985803], "prob_mse": [0.11682089655172413, 0.11682089655172413], "adv_type": "random_pgd_gcn_vae", "dataset": "slashdot", "sample_size": 1, "test_ratio": 0.3, "T": 10, "realization": 0, "beta_mse": [4.687337119675457, 4.687337119675457], "attack_edge": 10000, "u_mse": [0.2571428571428571, 0.2571428571428571], "d_mse": [0.19986443542934412, 0.19986443542934412], "gamma": 0.4, "swap_ratio": 0.01}
{"acc": [0.5084379276113884, 0.5084379276113884], "network_size": 164336, "b_mse": [0.38499053414469236, 0.38499053414469236], "runtime": 36.149512926737465, "alpha_mse": [4.821871399594321, 4.821871399594321], "prob_mse": [0.47588541987829625, 0.47588541987829625], "adv_type": "random_pgd_gcn_vae", "dataset": "slashdot", "sample_size": 1, "test_ratio": 0.3, "T": 10, "realization": 0, "beta_mse": [5.906721298174442, 5.906721298174442], "attack_edge": 10000, "u_mse": [0.2571428571428571, 0.2571428571428571], "d_mse": [0.4142127789046653, 0.4142127789046653], "gamma": 0.5, "swap_ratio": 0.01}
{"acc": [0.9303038822296623, 0.9303038822296623], "network_size": 164336, "b_mse": [0.15114530087897232, 0.15114530087897232], "runtime": 36.87592935562134, "alpha_mse": [4.396178498985803, 4.396178498985803], "prob_mse": [0.11682089655172413, 0.11682089655172413], "adv_type": "random_pgd_gcn_vae", "dataset": "slashdot", "sample_size": 1, "test_ratio": 0.3, "T": 10, "realization": 0, "beta_mse": [4.687337119675457, 4.687337119675457], "attack_edge": 10000, "u_mse": [0.2571428571428571, 0.2571428571428571], "d_mse": [0.19986443542934412, 0.19986443542934412], "gamma": 0.07, "swap_ratio": 0.01}
{"acc": [0.9282349175517575, 0.9282349175517575], "network_size": 164336, "b_mse": [0.12529770114942534, 0.12529770114942534], "runtime": 918.1006195545197, "alpha_mse": [3.180516227180528, 3.180516227180528], "prob_mse": [0.1431157511832319, 0.1431157511832319], "adv_type": "random_pgd_gcn_vae", "dataset": "slashdot", "sample_size": 1, "test_ratio": 0.3, "T": 10, "realization": 0, "beta_mse": [3.64727565922921, 3.64727565922921], "attack_edge": 10000, "u_mse": [0.10714285714285719, 0.10714285714285719], "d_mse": [0.16064492900608524, 0.16064492900608524], "gamma": 0.05, "swap_ratio": 0.01}
{"acc": [0.9197359351984035, 0.9197359351984035], "network_size": 164336, "b_mse": [0.16569046653144015, 0.16569046653144015], "runtime": 1311.4053085803985, "alpha_mse": [2.344134888438135, 2.344134888438135], "prob_mse": [0.17173722650439488, 0.17173722650439488], "adv_type": "random_pgd_gcn_vae", "dataset": "slashdot", "sample_size": 1, "test_ratio": 0.3, "T": 10, "realization": 0, "beta_mse": [2.586310547667344, 2.586310547667344], "attack_edge": 10000, "u_mse": [0.023809523809523815, 0.023809523809523815], "d_mse": [0.16735852603110213, 0.16735852603110213], "gamma": 0.01, "swap_ratio": 0.01}
{"acc": [0.9197359351984035, 0.9197359351984035], "network_size": 164336, "b_mse": [0.16569046653144015, 0.16569046653144015], "runtime": 1338.138062763214, "alpha_mse": [2.344134888438135, 2.344134888438135], "prob_mse": [0.17173722650439488, 0.17173722650439488], "adv_type": "random_pgd_gcn_vae", "dataset": "slashdot", "sample_size": 1, "test_ratio": 0.3, "T": 10, "realization": 0, "beta_mse": [2.586310547667344, 2.586310547667344], "attack_edge": 10000, "u_mse": [0.023809523809523815, 0.023809523809523815], "d_mse": [0.16735852603110213, 0.16735852603110213], "gamma": 0.03, "swap_ratio": 0.01}
{"acc": [0.9303038822296623, 0.9303038822296623], "network_size": 164336, "b_mse": [0.15114530087897232, 0.15114530087897232], "runtime": 35.66819763183594, "alpha_mse": [4.396178498985803, 4.396178498985803], "prob_mse": [0.11682089655172413, 0.11682089655172413], "adv_type": "random_pgd_gcn_vae", "dataset": "slashdot", "sample_size": 1, "test_ratio": 0.3, "T": 10, "realization": 0, "beta_mse": [4.687337119675457, 4.687337119675457], "attack_edge": 10000, "u_mse": [0.2571428571428571, 0.2571428571428571], "d_mse": [0.19986443542934412, 0.19986443542934412], "gamma": 0.3, "swap_ratio": 0.01}
{"acc": [0.8837660661132989, 0.8837660661132989], "network_size": 67392, "b_mse": [0.19413558874929931, 0.19413558874929931], "runtime": 372.462553691864, "alpha_mse": [2.6502774755168668, 2.6502774755168668], "prob_mse": [0.19915233949945596, 0.19915233949945596], "adv_type": "random_pgd_gcn_vae", "dataset": "enron", "sample_size": 1, "test_ratio": 0.3, "T": 10, "realization": 0, "beta_mse": [2.863814917400337, 2.863814917400337], "attack_edge": 10000, "u_mse": [0.023809523809523815, 0.023809523809523815], "d_mse": [0.19669899759290405, 0.19669899759290405], "gamma": 0.0, "swap_ratio": 0.01}
{"acc": [0.8837660661132989, 0.8837660661132989], "network_size": 67392, "b_mse": [0.19413558874929931, 0.19413558874929931], "runtime": 536.0859759330749, "alpha_mse": [2.6502774755168668, 2.6502774755168668], "prob_mse": [0.19915233949945596, 0.19915233949945596], "adv_type": "random_pgd_gcn_vae", "dataset": "enron", "sample_size": 1, "test_ratio": 0.3, "T": 10, "realization": 0, "beta_mse": [2.863814917400337, 2.863814917400337], "attack_edge": 10000, "u_mse": [0.023809523809523815, 0.023809523809523815], "d_mse": [0.19669899759290405, 0.19669899759290405], "gamma": 0.09, "swap_ratio": 0.01}
{"acc": [0.5043025973858963, 0.5043025973858963], "network_size": 67392, "b_mse": [0.47386754377287565, 0.47386754377287565], "runtime": 503.3683011770248, "alpha_mse": [4.911001088139282, 4.911001088139282], "prob_mse": [0.4904009562436114, 0.4904009562436114], "adv_type": "random_pgd_gcn_vae", "dataset": "enron", "sample_size": 1, "test_ratio": 0.3, "T": 10, "realization": 0, "beta_mse": [5.90502423582946, 5.90502423582946], "attack_edge": 10000, "u_mse": [0.023809523809523815, 0.023809523809523815], "d_mse": [0.4167591255317044, 0.4167591255317044], "gamma": 0.5, "swap_ratio": 0.01}
{"acc": [0.8837660661132989, 0.8837660661132989], "network_size": 67392, "b_mse": [0.19413558874929931, 0.19413558874929931], "runtime": 519.3197032928467,