{"acc": [0.9332763544600312, 0.9332763544600312], "network_size": 67392, "b_mse": [0.05439707191611442, 0.05439707191611442], "runtime": 346.2539226214091, "alpha_mse": [0.6380453061628251, 0.6380453061628251], "prob_mse": [0.11522128796122269, 0.11522128796122269], "adv_type": "random_pgd_gcn_vae", "dataset": "enron", "sample_size": 1, "test_ratio": 0.3, "T": 10, "realization": 0, "beta_mse": [0.6899792264318922, 0.6899792264318922], "attack_edge": 10000, "u_mse": [0.04761904761904763, 0.04761904761904763], "d_mse": [0.05371080225541602, 0.05371080225541602], "gamma": 0.0, "swap_ratio": 0.01}
{"acc": [0.9332763544600312, 0.9332763544600312], "network_size": 67392, "b_mse": [0.05439707191611442, 0.05439707191611442], "runtime": 904.2271766662598, "alpha_mse": [0.6380453061628251, 0.6380453061628251], "prob_mse": [0.11522128796122269, 0.11522128796122269], "adv_type": "random_pgd_gcn_vae", "dataset": "enron", "sample_size": 1, "test_ratio": 0.3, "T": 10, "realization": 0, "beta_mse": [0.6899792264318922, 0.6899792264318922], "attack_edge": 10000, "u_mse": [0.04761904761904763, 0.04761904761904763], "d_mse": [0.05371080225541602, 0.05371080225541602], "gamma": 0.09, "swap_ratio": 0.01}
{"acc": [0.9332763544600312, 0.9332763544600312], "network_size": 67392, "b_mse": [0.05439707191611442, 0.05439707191611442], "runtime": 837.0376653671265, "alpha_mse": [0.6380453061628251, 0.6380453061628251], "prob_mse": [0.11522128796122269, 0.11522128796122269], "adv_type": "random_pgd_gcn_vae", "dataset": "enron", "sample_size": 1, "test_ratio": 0.3, "T": 10, "realization": 0, "beta_mse": [0.6899792264318922, 0.6899792264318922], "attack_edge": 10000, "u_mse": [0.04761904761904763, 0.04761904761904763], "d_mse": [0.05371080225541602, 0.05371080225541602], "gamma": 0.2, "swap_ratio": 0.01}
{"acc": [0.5002962703568401, 0.5002962703568401], "network_size": 67392, "b_mse": [0.32479226431892383, 0.32479226431892383], "runtime": 780.9729583263397, "alpha_mse": [1.4889207636759323, 1.4889207636759323], "prob_mse": [0.3746922643189238, 0.3746922643189238], "adv_type": "random_pgd_gcn_vae", "dataset": "enron", "sample_size": 1, "test_ratio": 0.3, "T": 10, "realization": 0, "beta_mse": [1.9989613215946187, 1.9989613215946187], "attack_edge": 10000, "u_mse": [0.04761904761904763, 0.04761904761904763], "d_mse": [0.2997922643189236, 0.2997922643189236], "gamma": 0.5, "swap_ratio": 0.01}
{"acc": [0.9332763544600312, 0.9332763544600312], "network_size": 67392, "b_mse": [0.05439707191611442, 0.05439707191611442], "runtime": 916.0208440621694, "alpha_mse": [0.6380453061628251, 0.6380453061628251], "prob_mse": [0.11522128796122269, 0.11522128796122269], "adv_type": "random_pgd_gcn_vae", "dataset": "enron", "sample_size": 1, "test_ratio": 0.3, "T": 10, "realization": 0, "beta_mse": [0.6899792264318922, 0.6899792264318922], "attack_edge": 10000, "u_mse": [0.04761904761904763, 0.04761904761904763], "d_mse": [0.05371080225541602, 0.05371080225541602], "gamma": 0.4, "swap_ratio": 0.01}
{"acc": [0.9332763544600312, 0.9332763544600312], "network_size": 67392, "b_mse": [0.05439707191611442, 0.05439707191611442], "runtime": 853.0696396032969, "alpha_mse": [0.6380453061628251, 0.6380453061628251], "prob_mse": [0.11522128796122269, 0.11522128796122269], "adv_type": "random_pgd_gcn_vae", "dataset": "enron", "sample_size": 1, "test_ratio": 0.3, "T": 10, "realization": 0, "beta_mse": [0.6899792264318922, 0.6899792264318922], "attack_edge": 10000, "u_mse": [0.04761904761904763, 0.04761904761904763], "d_mse": [0.05371080225541602, 0.05371080225541602], "gamma": 0.07, "swap_ratio": 0.01}
{"acc": [0.9332763544600312, 0.9332763544600312], "network_size": 67392, "b_mse": [0.05439707191611442, 0.05439707191611442], "runtime": 832.4086493651072, "alpha_mse": [0.6380453061628251, 0.6380453061628251], "prob_mse": [0.11522128796122269, 0.11522128796122269], "adv_type": "random_pgd_gcn_vae", "dataset": "enron", "sample_size": 1, "test_ratio": 0.3, "T": 10, "realization": 0, "beta_mse": [0.6899792264318922, 0.6899792264318922], "attack_edge": 10000, "u_mse": [0.04761904761904763, 0.04761904761904763], "d_mse": [0.05371080225541602, 0.05371080225541602], "gamma": 0.03, "swap_ratio": 0.01}
{"acc": [0.9332763544600312, 0.9332763544600312], "network_size": 67392, "b_mse": [0.05439707191611442, 0.05439707191611442], "runtime": 366.8107419013977, "alpha_mse": [0.6380453061628251, 0.6380453061628251], "prob_mse": [0.11522128796122269, 0.11522128796122269], "adv_type": "random_pgd_gcn_vae", "dataset": "enron", "sample_size": 1, "test_ratio": 0.3, "T": 10, "realization": 0, "beta_mse": [0.6899792264318922, 0.6899792264318922], "attack_edge": 10000, "u_mse": [0.04761904761904763, 0.04761904761904763], "d_mse": [0.05371080225541602, 0.05371080225541602], "gamma": 0.01, "swap_ratio": 0.01}
{"acc": [0.9332763544600312, 0.9332763544600312], "network_size": 67392, "b_mse": [0.05439707191611442, 0.05439707191611442], "runtime": 893.7412246863047, "alpha_mse": [0.6380453061628251, 0.6380453061628251], "prob_mse": [0.11522128796122269, 0.11522128796122269], "adv_type": "random_pgd_gcn_vae", "dataset": "enron", "sample_size": 1, "test_ratio": 0.3, "T": 10, "realization": 0, "beta_mse": [0.6899792264318922, 0.6899792264318922], "attack_edge": 10000, "u_mse": [0.04761904761904763, 0.04761904761904763], "d_mse": [0.05371080225541602, 0.05371080225541602], "gamma": 0.05, "swap_ratio": 0.01}
{"acc": [0.9332763544600312, 0.9332763544600312], "network_size": 67392, "b_mse": [0.05439707191611442, 0.05439707191611442], "runtime": 805.6125773588816, "alpha_mse": [0.6380453061628251, 0.6380453061628251], "prob_mse": [0.11522128796122269, 0.11522128796122269], "adv_type": "random_pgd_gcn_vae", "dataset": "enron", "sample_size": 1, "test_ratio": 0.3, "T": 10, "realization": 0, "beta_mse": [0.6899792264318922, 0.6899792264318922], "attack_edge": 10000, "u_mse": [0.04761904761904763, 0.04761904761904763], "d_mse": [0.05371080225541602, 0.05371080225541602], "gamma": 0.3, "swap_ratio": 0.01}
