{"acc": [0.8734479215221413, 0.8734479215221413], "network_size": 164336, "b_mse": [0.2538417917511832, 0.2538417917511832], "runtime": 1548.4196218252182, "alpha_mse": [3.3206817444219077, 3.3206817444219077], "prob_mse": [0.25415011629479384, 0.25415011629479384], "adv_type": "random_noise", "dataset": "slashdot", "sample_size": 1, "test_ratio": 0.3, "T": 10, "realization": 0, "beta_mse": [3.3553523326572012, 3.3553523326572012], "attack_edge": 10000, "u_mse": [0.023809523809523815, 0.023809523809523815], "d_mse": [0.25453534144692364, 0.25453534144692364], "gamma": 0.05, "swap_ratio": 0.01}
{"acc": [0.8862471049707484, 0.8862471049707484], "network_size": 164336, "b_mse": [0.25052073022312377, 0.25052073022312377], "runtime": 1633.4684644699096, "alpha_mse": [3.2875894523326585, 3.2875894523326585], "prob_mse": [0.250816277214334, 0.250816277214334], "adv_type": "random_noise", "dataset": "slashdot", "sample_size": 1, "test_ratio": 0.3, "T": 10, "realization": 0, "beta_mse": [3.32019350912779, 3.32019350912779], "attack_edge": 10000, "u_mse": [0.023809523809523815, 0.023809523809523815], "d_mse": [0.25118972278566604, 0.25118972278566604], "gamma": 0.01, "swap_ratio": 0.01}
{"acc": [0.8734479215221413, 0.8734479215221413], "network_size": 164336, "b_mse": [0.2538417917511832, 0.2538417917511832], "runtime": 1549.3436161994935, "alpha_mse": [3.3206817444219077, 3.3206817444219077], "prob_mse": [0.25415011629479384, 0.25415011629479384], "adv_type": "random_noise", "dataset": "slashdot", "sample_size": 1, "test_ratio": 0.3, "T": 10, "realization": 0, "beta_mse": [3.3553523326572012, 3.3553523326572012], "attack_edge": 10000, "u_mse": [0.023809523809523815, 0.023809523809523815], "d_mse": [0.25453534144692364, 0.25453534144692364], "gamma": 0.07, "swap_ratio": 0.01}
{"acc": [0.8862471049707484, 0.8862471049707484], "network_size": 164336, "b_mse": [0.25052073022312377, 0.25052073022312377], "runtime": 1647.3362993240357, "alpha_mse": [3.2875894523326585, 3.2875894523326585], "prob_mse": [0.250816277214334, 0.250816277214334], "adv_type": "random_noise", "dataset": "slashdot", "sample_size": 1, "test_ratio": 0.3, "T": 10, "realization": 0, "beta_mse": [3.32019350912779, 3.32019350912779], "attack_edge": 10000, "u_mse": [0.023809523809523815, 0.023809523809523815], "d_mse": [0.25118972278566604, 0.25118972278566604], "gamma": 0.03, "swap_ratio": 0.01}
{"acc": [0.8698982272218144, 0.8698982272218144], "network_size": 164336, "b_mse": [0.25470006761325226, 0.25470006761325226], "runtime": 1568.9303540706635, "alpha_mse": [3.3270640973630847, 3.3270640973630847], "prob_mse": [0.25503131575388777, 0.25503131575388777], "adv_type": "random_noise", "dataset": "slashdot", "sample_size": 1, "test_ratio": 0.3, "T": 10, "realization": 0, "beta_mse": [3.3633233265720093, 3.3633233265720093], "attack_edge": 10000, "u_mse": [0.023809523809523815, 0.023809523809523815], "d_mse": [0.2554231507775524, 0.2554231507775524], "gamma": 0.2, "swap_ratio": 0.01}
{"acc": [0.8734479215221413, 0.8734479215221413], "network_size": 164336, "b_mse": [0.2538417917511832, 0.2538417917511832], "runtime": 1539.6291224718093, "alpha_mse": [3.3206817444219077, 3.3206817444219077], "prob_mse": [0.25415011629479384, 0.25415011629479384], "adv_type": "random_noise", "dataset": "slashdot", "sample_size": 1, "test_ratio": 0.3, "T": 10, "realization": 0, "beta_mse": [3.3553523326572012, 3.3553523326572012], "attack_edge": 10000, "u_mse": [0.023809523809523815, 0.023809523809523815], "d_mse": [0.25453534144692364, 0.25453534144692364], "gamma": 0.09, "swap_ratio": 0.01}
{"acc": [0.9219874555831823, 0.9219874555831823], "network_size": 164336, "b_mse": [0.2016160581473969, 0.2016160581473969], "runtime": 1947.201579117775, "alpha_mse": [2.7748085192697776, 2.7748085192697776], "prob_mse": [0.20345418390804598, 0.20345418390804598], "adv_type": "random_noise", "dataset": "slashdot", "sample_size": 1, "test_ratio": 0.3, "T": 10, "realization": 0, "beta_mse": [2.8572572008113597, 2.8572572008113597], "attack_edge": 10000, "u_mse": [0.023809523809523815, 0.023809523809523815], "d_mse": [0.20244086544962814, 0.20244086544962814], "gamma": 0.5, "swap_ratio": 0.01}
{"acc": [0.9124539908908759, 0.9124539908908759], "network_size": 164336, "b_mse": [0.21995116294793784, 0.21995116294793784], "runtime": 1764.0603923559188, "alpha_mse": [2.978985395537526, 2.978985395537526], "prob_mse": [0.2205839242731575, 0.2205839242731575], "adv_type": "random_noise", "dataset": "slashdot", "sample_size": 1, "test_ratio": 0.3, "T": 10, "realization": 0, "beta_mse": [3.0212831643002036, 3.0212831643002036], "attack_edge": 10000, "u_mse": [0.023809523809523815, 0.023809523809523815], "d_mse": [0.2210571805273834, 0.2210571805273834], "gamma": 0.3, "swap_ratio": 0.01}
{"acc": [0.9207907015047864, 0.9207907015047864], "network_size": 164336, "b_mse": [0.2012285733603786, 0.2012285733603786], "runtime": 1917.8655678272248, "alpha_mse": [2.769719878296147, 2.769719878296147], "prob_mse": [0.2030394401622718, 0.2030394401622718], "adv_type": "random_noise", "dataset": "slashdot", "sample_size": 1, "test_ratio": 0.3, "T": 10, "realization": 0, "beta_mse": [2.852381135902638, 2.852381135902638], "attack_edge": 10000, "u_mse": [0.023809523809523815, 0.023809523809523815], "d_mse": [0.201992400270453, 0.201992400270453], "gamma": 0.4, "swap_ratio": 0.01}
{"acc": [0.8862471049707484, 0.8862471049707484], "network_size": 164336, "b_mse": [0.25052073022312377, 0.25052073022312377], "runtime": 1644.4739012002944, "alpha_mse": [3.2875894523326585, 3.2875894523326585], "prob_mse": [0.250816277214334, 0.250816277214334], "adv_type": "random_noise", "dataset": "slashdot", "sample_size": 1, "test_ratio": 0.3, "T": 10, "realization": 0, "beta_mse": [3.32019350912779, 3.32019350912779], "attack_edge": 10000, "u_mse": [0.023809523809523815, 0.023809523809523815], "d_mse": [0.25118972278566604, 0.25118972278566604], "gamma": 0.0, "swap_ratio": 0.01}
{"acc": [0.8823811629427609, 0.8823811629427609], "network_size": 67392, "b_mse": [0.1961773996768556, 0.1961773996768556], "runtime": 381.56627480983735, "alpha_mse": [2.672042734197251, 2.672042734197251], "prob_mse": [0.20120627823391699, 0.20120627823391699], "adv_type": "random_noise", "dataset": "enron", "sample_size": 1, "test_ratio": 0.3, "T": 10, "realization": 0, "beta_mse": [2.8847719853595817, 2.8847719853595817], "attack_edge": 10000, "u_mse": [0.023809523809523815, 0.023809523809523815], "d_mse": [0.19873538431101, 0.19873538431101], "gamma": 0.07, "swap_ratio": 0.01}
{"acc": [0.8823811629427609, 0.8823811629427609], "network_size": 67392, "b_mse": [0.1961773996768556, 0.1961773996768556], "runtime": 379.9483593702316, "alpha_mse": [2.672042734197251, 2.672042734197251], "prob_mse": [0.20120627823391699, 0.20120627823391699], "adv_type": "random_noise", "dataset": "enron", "sample_size": 1, "test_ratio": 0.3, "T": 10, "realization": 0, "beta_mse": [2.8847719853595817, 2.8847719853595817], "attack_edge": 10000, "u_mse": [0.023809523809523815, 0.023809523809523815], "d_mse": [0.19873538431101, 0.19873538431101], "gamma": 0.09, "swap_ratio": 0.01}
{"acc": [0.8753082646075134, 0.8753082646075134], "network_size": 67392, "b_mse": [0.20030942724305073, 0.20030942724305073], "runtime": 575.5919804096222, "alpha_mse": [2.71390493619547, 2.71390493619547], "prob_mse": [0.20520722458535298, 0.20520722458535298], "adv_type": "random_noise", "dataset": "enron", "sample_size": 1, "test_ratio": 0.3, "T": 10, "realization": 0, "beta_mse": [2.9256222178257008, 2.9256222178257008], "attack_edge": 10000, "u_mse": [0.023809523809523815, 0.023809523809523815], "d_mse": [0.20284566557852737, 0.20284566557852737], "gamma": 0.01, "swap_ratio": 0.01}
{"acc": [0.8823811629427609, 0.8823811629427609], "network_size": 67392, "b_mse": [0.1961773996768556, 0.1961773996768556], "runtime": 381.1428206205368, "alpha_mse": [2.672042734197251, 2.672042734197251],