{"acc": [0.8927679367217957, 0.8927679367217957], "network_size": 67392, "b_mse": [0.12345105021927653, 0.12345105021927653], "runtime": 346.2539226214091, "alpha_mse": [1.8373231773667034, 1.8373231773667034], "prob_mse": [0.1697460546707554, 0.1697460546707554], "adv_type": "random_pgd_gcn_vae", "dataset": "enron", "sample_size": 1, "test_ratio": 0.3, "T": 10, "realization": 0, "beta_mse": [1.9508853496883969, 1.9508853496883969], "attack_edge": 10000, "u_mse": [0.023809523809523815, 0.023809523809523815], "d_mse": [0.11816368252712102, 0.11816368252712102], "gamma": 0.0, "swap_ratio": 0.01}
{"acc": [0.8927679367217957, 0.8927679367217957], "network_size": 67392, "b_mse": [0.12345105021927653, 0.12345105021927653], "runtime": 837.0376653671265, "alpha_mse": [1.8373231773667034, 1.8373231773667034], "prob_mse": [0.1697460546707554, 0.1697460546707554], "adv_type": "random_pgd_gcn_vae", "dataset": "enron", "sample_size": 1, "test_ratio": 0.3, "T": 10, "realization": 0, "beta_mse": [1.9508853496883969, 1.9508853496883969], "attack_edge": 10000, "u_mse": [0.023809523809523815, 0.023809523809523815], "d_mse": [0.11816368252712102, 0.11816368252712102], "gamma": 0.2, "swap_ratio": 0.01}
{"acc": [0.8927679367217957, 0.8927679367217957], "network_size": 67392, "b_mse": [0.12345105021927653, 0.12345105021927653], "runtime": 904.2271766662598, "alpha_mse": [1.8373231773667034, 1.8373231773667034], "prob_mse": [0.1697460546707554, 0.1697460546707554], "adv_type": "random_pgd_gcn_vae", "dataset": "enron", "sample_size": 1, "test_ratio": 0.3, "T": 10, "realization": 0, "beta_mse": [1.9508853496883969, 1.9508853496883969], "attack_edge": 10000, "u_mse": [0.023809523809523815, 0.023809523809523815], "d_mse": [0.11816368252712102, 0.11816368252712102], "gamma": 0.09, "swap_ratio": 0.01}
{"acc": [0.5043025973858963, 0.5043025973858963], "network_size": 67392, "b_mse": [0.483424011606819, 0.483424011606819], "runtime": 780.9729583263397, "alpha_mse": [4.913641309724008, 4.913641309724008], "prob_mse": [0.4999906782734857, 0.4999906782734857], "adv_type": "random_pgd_gcn_vae", "dataset": "enron", "sample_size": 1, "test_ratio": 0.3, "T": 10, "realization": 0, "beta_mse": [6.001088139281828, 6.001088139281828], "attack_edge": 10000, "u_mse": [0.023809523809523815, 0.023809523809523815], "d_mse": [0.41675734494015226, 0.41675734494015226], "gamma": 0.5, "swap_ratio": 0.01}
{"acc": [0.8927679367217957, 0.8927679367217957], "network_size": 67392, "b_mse": [0.12345105021927653, 0.12345105021927653], "runtime": 832.4086493651072, "alpha_mse": [1.8373231773667034, 1.8373231773667034], "prob_mse": [0.1697460546707554, 0.1697460546707554], "adv_type": "random_pgd_gcn_vae", "dataset": "enron", "sample_size": 1, "test_ratio": 0.3, "T": 10, "realization": 0, "beta_mse": [1.9508853496883969, 1.9508853496883969], "attack_edge": 10000, "u_mse": [0.023809523809523815, 0.023809523809523815], "d_mse": [0.11816368252712102, 0.11816368252712102], "gamma": 0.03, "swap_ratio": 0.01}
{"acc": [0.8927679367217957, 0.8927679367217957], "network_size": 67392, "b_mse": [0.12345105021927653, 0.12345105021927653], "runtime": 916.0208440621694, "alpha_mse": [1.8373231773667034, 1.8373231773667034], "prob_mse": [0.1697460546707554, 0.1697460546707554], "adv_type": "random_pgd_gcn_vae", "dataset": "enron", "sample_size": 1, "test_ratio": 0.3, "T": 10, "realization": 0, "beta_mse": [1.9508853496883969, 1.9508853496883969], "attack_edge": 10000, "u_mse": [0.023809523809523815, 0.023809523809523815], "d_mse": [0.11816368252712102, 0.11816368252712102], "gamma": 0.4, "swap_ratio": 0.01}
{"acc": [0.8927679367217957, 0.8927679367217957], "network_size": 67392, "b_mse": [0.12345105021927653, 0.12345105021927653], "runtime": 366.8107419013977, "alpha_mse": [1.8373231773667034, 1.8373231773667034], "prob_mse": [0.1697460546707554, 0.1697460546707554], "adv_type": "random_pgd_gcn_vae", "dataset": "enron", "sample_size": 1, "test_ratio": 0.3, "T": 10, "realization": 0, "beta_mse": [1.9508853496883969, 1.9508853496883969], "attack_edge": 10000, "u_mse": [0.023809523809523815, 0.023809523809523815], "d_mse": [0.11816368252712102, 0.11816368252712102], "gamma": 0.01, "swap_ratio": 0.01}
{"acc": [0.8927679367217957, 0.8927679367217957], "network_size": 67392, "b_mse": [0.12345105021927653, 0.12345105021927653], "runtime": 853.0696396032969, "alpha_mse": [1.8373231773667034, 1.8373231773667034], "prob_mse": [0.1697460546707554, 0.1697460546707554], "adv_type": "random_pgd_gcn_vae", "dataset": "enron", "sample_size": 1, "test_ratio": 0.3, "T": 10, "realization": 0, "beta_mse": [1.9508853496883969, 1.9508853496883969], "attack_edge": 10000, "u_mse": [0.023809523809523815, 0.023809523809523815], "d_mse": [0.11816368252712102, 0.11816368252712102], "gamma": 0.07, "swap_ratio": 0.01}
{"acc": [0.8927679367217957, 0.8927679367217957], "network_size": 67392, "b_mse": [0.12345105021927653, 0.12345105021927653], "runtime": 893.7412246863047, "alpha_mse": [1.8373231773667034, 1.8373231773667034], "prob_mse": [0.1697460546707554, 0.1697460546707554], "adv_type": "random_pgd_gcn_vae", "dataset": "enron", "sample_size": 1, "test_ratio": 0.3, "T": 10, "realization": 0, "beta_mse": [1.9508853496883969, 1.9508853496883969], "attack_edge": 10000, "u_mse": [0.023809523809523815, 0.023809523809523815], "d_mse": [0.11816368252712102, 0.11816368252712102], "gamma": 0.05, "swap_ratio": 0.01}
{"acc": [0.8927679367217957, 0.8927679367217957], "network_size": 67392, "b_mse": [0.12345105021927653, 0.12345105021927653], "runtime": 805.6125773588816, "alpha_mse": [1.8373231773667034, 1.8373231773667034], "prob_mse": [0.1697460546707554, 0.1697460546707554], "adv_type": "random_pgd_gcn_vae", "dataset": "enron", "sample_size": 1, "test_ratio": 0.3, "T": 10, "realization": 0, "beta_mse": [1.9508853496883969, 1.9508853496883969], "attack_edge": 10000, "u_mse": [0.023809523809523815, 0.023809523809523815], "d_mse": [0.11816368252712102, 0.11816368252712102], "gamma": 0.3, "swap_ratio": 0.01}
