{"acc": [0.5032961774242787, 0.5032961774242787], "network_size": 8078, "b_mse": [0.4456601910191018, 0.4456601910191018], "runtime": 111.14507811069488, "alpha_mse": [4.946369636963697, 4.946369636963697], "prob_mse": [0.4531359485948595, 0.4531359485948595], "adv_type": "random_pgd", "dataset": "facebook", "sample_size": 1, "test_ratio": 0.3, "T": 10, "realization": 0, "beta_mse": [5.484323432343234, 5.484323432343234], "attack_edge": 10000, "u_mse": [0.010989010989011005, 0.010989010989011005], "d_mse": [0.41537591259125906, 0.41537591259125906], "gamma": 0.0, "swap_ratio": 0.01}
{"acc": [0.5032961774242787, 0.5032961774242787], "network_size": 8078, "b_mse": [0.4456601910191018, 0.4456601910191018], "runtime": 59.07323536872864, "alpha_mse": [4.946369636963697, 4.946369636963697], "prob_mse": [0.4531359485948595, 0.4531359485948595], "adv_type": "random_pgd", "dataset": "facebook", "sample_size": 1, "test_ratio": 0.3, "T": 10, "realization": 0, "beta_mse": [5.484323432343234, 5.484323432343234], "attack_edge": 10000, "u_mse": [0.010989010989011005, 0.010989010989011005], "d_mse": [0.41537591259125906, 0.41537591259125906], "gamma": 0.05, "swap_ratio": 0.01}
{"acc": [0.5032961774242787, 0.5032961774242787], "network_size": 8078, "b_mse": [0.4456601910191018, 0.4456601910191018], "runtime": 62.01634647846222, "alpha_mse": [4.946369636963697, 4.946369636963697], "prob_mse": [0.4531359485948595, 0.4531359485948595], "adv_type": "random_pgd", "dataset": "facebook", "sample_size": 1, "test_ratio": 0.3, "T": 10, "realization": 0, "beta_mse": [5.484323432343234, 5.484323432343234], "attack_edge": 10000, "u_mse": [0.010989010989011005, 0.010989010989011005], "d_mse": [0.41537591259125906, 0.41537591259125906], "gamma": 0.01, "swap_ratio": 0.01}
{"acc": [0.5032961774242787, 0.5032961774242787], "network_size": 8078, "b_mse": [0.4456601910191018, 0.4456601910191018], "runtime": 59.30995347499847, "alpha_mse": [4.946369636963697, 4.946369636963697], "prob_mse": [0.4531359485948595, 0.4531359485948595], "adv_type": "random_pgd", "dataset": "facebook", "sample_size": 1, "test_ratio": 0.3, "T": 10, "realization": 0, "beta_mse": [5.484323432343234, 5.484323432343234], "attack_edge": 10000, "u_mse": [0.010989010989011005, 0.010989010989011005], "d_mse": [0.41537591259125906, 0.41537591259125906], "gamma": 0.07, "swap_ratio": 0.01}
{"acc": [0.5032961774242787, 0.5032961774242787], "network_size": 8078, "b_mse": [0.4456601910191018, 0.4456601910191018], "runtime": 59.37975521087647, "alpha_mse": [4.946369636963697, 4.946369636963697], "prob_mse": [0.4531359485948595, 0.4531359485948595], "adv_type": "random_pgd", "dataset": "facebook", "sample_size": 1, "test_ratio": 0.3, "T": 10, "realization": 0, "beta_mse": [5.484323432343234, 5.484323432343234], "attack_edge": 10000, "u_mse": [0.010989010989011005, 0.010989010989011005], "d_mse": [0.41537591259125906, 0.41537591259125906], "gamma": 0.4, "swap_ratio": 0.01}
{"acc": [0.5032961774242787, 0.5032961774242787], "network_size": 8078, "b_mse": [0.4456601910191018, 0.4456601910191018], "runtime": 58.819667506217954, "alpha_mse": [4.946369636963697, 4.946369636963697], "prob_mse": [0.4531359485948595, 0.4531359485948595], "adv_type": "random_pgd", "dataset": "facebook", "sample_size": 1, "test_ratio": 0.3, "T": 10, "realization": 0, "beta_mse": [5.484323432343234, 5.484323432343234], "attack_edge": 10000, "u_mse": [0.010989010989011005, 0.010989010989011005], "d_mse": [0.41537591259125906, 0.41537591259125906], "gamma": 0.03, "swap_ratio": 0.01}
{"acc": [0.5032961774242787, 0.5032961774242787], "network_size": 8078, "b_mse": [0.4456601910191018, 0.4456601910191018], "runtime": 58.99612581729889, "alpha_mse": [4.946369636963697, 4.946369636963697], "prob_mse": [0.4531359485948595, 0.4531359485948595], "adv_type": "random_pgd", "dataset": "facebook", "sample_size": 1, "test_ratio": 0.3, "T": 10, "realization": 0, "beta_mse": [5.484323432343234, 5.484323432343234], "attack_edge": 10000, "u_mse": [0.010989010989011005, 0.010989010989011005], "d_mse": [0.41537591259125906, 0.41537591259125906], "gamma": 0.3, "swap_ratio": 0.01}
{"acc": [0.5032961774242787, 0.5032961774242787], "network_size": 8078, "b_mse": [0.4456976947694769, 0.4456976947694769], "runtime": 59.51688249111176, "alpha_mse": [4.9467821782178225, 4.9467821782178225], "prob_mse": [0.4531734523452346, 0.4531734523452346], "adv_type": "random_pgd", "dataset": "facebook", "sample_size": 1, "test_ratio": 0.3, "T": 10, "realization": 0, "beta_mse": [5.48473597359736, 5.48473597359736], "attack_edge": 10000, "u_mse": [0.010989010989011005, 0.010989010989011005], "d_mse": [0.4153946644664466, 0.4153946644664466], "gamma": 0.5, "swap_ratio": 0.01}
{"acc": [0.5032961774242787, 0.5032961774242787], "network_size": 8078, "b_mse": [0.4456601910191018, 0.4456601910191018], "runtime": 59.20545670986176, "alpha_mse": [4.946369636963697, 4.946369636963697], "prob_mse": [0.4531359485948595, 0.4531359485948595], "adv_type": "random_pgd", "dataset": "facebook", "sample_size": 1, "test_ratio": 0.3, "T": 10, "realization": 0, "beta_mse": [5.484323432343234, 5.484323432343234], "attack_edge": 10000, "u_mse": [0.010989010989011005, 0.010989010989011005], "d_mse": [0.41537591259125906, 0.41537591259125906], "gamma": 0.09, "swap_ratio": 0.01}
{"acc": [0.5032961774242787, 0.5032961774242787], "network_size": 8078, "b_mse": [0.4456601910191018, 0.4456601910191018], "runtime": 59.207938933372496, "alpha_mse": [4.946369636963697, 4.946369636963697], "prob_mse": [0.4531359485948595, 0.4531359485948595], "adv_type": "random_pgd", "dataset": "facebook", "sample_size": 1, "test_ratio": 0.3, "T": 10, "realization": 0, "beta_mse": [5.484323432343234, 5.484323432343234], "attack_edge": 10000, "u_mse": [0.010989010989011005, 0.010989010989011005], "d_mse": [0.41537591259125906, 0.41537591259125906], "gamma": 0.2, "swap_ratio": 0.01}
