{"acc": [0.9329301286673967, 0.9329301286673967], "network_size": 67392, "b_mse": [0.05358220397665452, 0.05358220397665452], "runtime": 400.5129631360372, "alpha_mse": [0.6379958452863783, 0.6379958452863783], "prob_mse": [0.11456440795330895, 0.11456440795330895], "adv_type": "random_noise", "dataset": "enron", "sample_size": 1, "test_ratio": 0.3, "T": 10, "realization": 0, "beta_mse": [0.6837966168760511, 0.6837966168760511], "attack_edge": 10000, "u_mse": [0.04761904761904763, 0.04761904761904763], "d_mse": [0.05248911860718177, 0.05248911860718177], "gamma": 0.07, "swap_ratio": 0.01}
{"acc": [0.9333258152875504, 0.9333258152875504], "network_size": 67392, "b_mse": [0.05306162825205269, 0.05306162825205269], "runtime": 598.760767698288, "alpha_mse": [0.6331486793945987, 0.6331486793945987], "prob_mse": [0.11402198041349293, 0.11402198041349293], "adv_type": "random_noise", "dataset": "enron", "sample_size": 1, "test_ratio": 0.3, "T": 10, "realization": 0, "beta_mse": [0.6847363735285388, 0.6847363735285388], "attack_edge": 10000, "u_mse": [0.04761904761904763, 0.04761904761904763], "d_mse": [0.052197299436146066, 0.052197299436146066], "gamma": 0.03, "swap_ratio": 0.01}
{"acc": [0.9329301286673967, 0.9329301286673967], "network_size": 67392, "b_mse": [0.05358220397665452, 0.05358220397665452], "runtime": 424.5530646642049, "alpha_mse": [0.6379958452863783, 0.6379958452863783], "prob_mse": [0.11456440795330895, 0.11456440795330895], "adv_type": "random_noise", "dataset": "enron", "sample_size": 1, "test_ratio": 0.3, "T": 10, "realization": 0, "beta_mse": [0.6837966168760511, 0.6837966168760511], "attack_edge": 10000, "u_mse": [0.04761904761904763, 0.04761904761904763], "d_mse": [0.05248911860718177, 0.05248911860718177], "gamma": 0.09, "swap_ratio": 0.01}
{"acc": [0.9356999350084726, 0.9356999350084726], "network_size": 67392, "b_mse": [0.05178801068354938, 0.05178801068354938], "runtime": 394.0499470233917, "alpha_mse": [0.6295380354139873, 0.6295380354139873], "prob_mse": [0.11276624789791277, 0.11276624789791277], "adv_type": "random_noise", "dataset": "enron", "sample_size": 1, "test_ratio": 0.3, "T": 10, "realization": 0, "beta_mse": [0.6775150855673161, 0.6775150855673161], "attack_edge": 10000, "u_mse": [0.04761904761904763, 0.04761904761904763], "d_mse": [0.0509174992580869, 0.0509174992580869], "gamma": 0.5, "swap_ratio": 0.01}
{"acc": [0.9341171885278579, 0.9341171885278579], "network_size": 67392, "b_mse": [0.05286873083391045, 0.05286873083391045], "runtime": 424.85322674115497, "alpha_mse": [0.6311207834602828, 0.6311207834602828], "prob_mse": [0.1137895241863686, 0.1137895241863686], "adv_type": "random_noise", "dataset": "enron", "sample_size": 1, "test_ratio": 0.3, "T": 10, "realization": 0, "beta_mse": [0.6850331387872192, 0.6850331387872192], "attack_edge": 10000, "u_mse": [0.04761904761904763, 0.04761904761904763], "d_mse": [0.05206870115738456, 0.05206870115738456], "gamma": 0.4, "swap_ratio": 0.01}
{"acc": [0.9341171885278579, 0.9341171885278579], "network_size": 67392, "b_mse": [0.05286873083391045, 0.05286873083391045], "runtime": 441.06192962328595, "alpha_mse": [0.6311207834602828, 0.6311207834602828], "prob_mse": [0.1137895241863686, 0.1137895241863686], "adv_type": "random_noise", "dataset": "enron", "sample_size": 1, "test_ratio": 0.3, "T": 10, "realization": 0, "beta_mse": [0.6850331387872192, 0.6850331387872192], "attack_edge": 10000, "u_mse": [0.04761904761904763, 0.04761904761904763], "d_mse": [0.05206870115738456, 0.05206870115738456], "gamma": 0.3, "swap_ratio": 0.01}
{"acc": [0.9329301286673967, 0.9329301286673967], "network_size": 67392, "b_mse": [0.05358220397665452, 0.05358220397665452], "runtime": 424.3791012763977, "alpha_mse": [0.6379958452863783, 0.6379958452863783], "prob_mse": [0.11456440795330895, 0.11456440795330895], "adv_type": "random_noise", "dataset": "enron", "sample_size": 1, "test_ratio": 0.3, "T": 10, "realization": 0, "beta_mse": [0.6837966168760511, 0.6837966168760511], "attack_edge": 10000, "u_mse": [0.04761904761904763, 0.04761904761904763], "d_mse": [0.05248911860718177, 0.05248911860718177], "gamma": 0.05, "swap_ratio": 0.01}
{"acc": [0.9333258152875504, 0.9333258152875504], "network_size": 67392, "b_mse": [0.05306162825205269, 0.05306162825205269], "runtime": 1068.1981440385182, "alpha_mse": [0.6331486793945987, 0.6331486793945987], "prob_mse": [0.11402198041349293, 0.11402198041349293], "adv_type": "random_noise", "dataset": "enron", "sample_size": 1, "test_ratio": 0.3, "T": 10, "realization": 0, "beta_mse": [0.6847363735285388, 0.6847363735285388], "attack_edge": 10000, "u_mse": [0.04761904761904763, 0.04761904761904763], "d_mse": [0.052197299436146066, 0.052197299436146066], "gamma": 0.01, "swap_ratio": 0.01}
{"acc": [0.9341171885278579, 0.9341171885278579], "network_size": 67392, "b_mse": [0.05286873083391045, 0.05286873083391045], "runtime": 436.33491802215576, "alpha_mse": [0.6311207834602828, 0.6311207834602828], "prob_mse": [0.1137895241863686, 0.1137895241863686], "adv_type": "random_noise", "dataset": "enron", "sample_size": 1, "test_ratio": 0.3, "T": 10, "realization": 0, "beta_mse": [0.6850331387872192, 0.6850331387872192], "attack_edge": 10000, "u_mse": [0.04761904761904763, 0.04761904761904763], "d_mse": [0.05206870115738456, 0.05206870115738456], "gamma": 0.2, "swap_ratio": 0.01}
{"acc": [0.9333258152875504, 0.9333258152875504], "network_size": 67392, "b_mse": [0.05306162825205269, 0.05306162825205269], "runtime": 1015.872756322225, "alpha_mse": [0.6331486793945987, 0.6331486793945987], "prob_mse": [0.11402198041349293, 0.11402198041349293], "adv_type": "random_noise", "dataset": "enron", "sample_size": 1, "test_ratio": 0.3, "T": 10, "realization": 0, "beta_mse": [0.6847363735285388, 0.6847363735285388], "attack_edge": 10000, "u_mse": [0.04761904761904763, 0.04761904761904763], "d_mse": [0.052197299436146066, 0.052197299436146066], "gamma": 0.0, "swap_ratio": 0.01}
