{"acc": [0.5012334881725399, 0.5012334881725399], "network_size": 8078, "b_mse": [0.44875112511251114, 0.44875112511251114], "runtime": 58.30386621952057, "alpha_mse": [4.976072607260726, 4.976072607260726], "prob_mse": [0.45622688268826883, 0.45622688268826883], "adv_type": "random_noise", "dataset": "facebook", "sample_size": 1, "test_ratio": 0.3, "T": 10, "realization": 0, "beta_mse": [5.521452145214521, 5.521452145214521], "attack_edge": 10000, "u_mse": [0.010989010989011005, 0.010989010989011005], "d_mse": [0.4184668466846684, 0.4184668466846684], "gamma": 0.09, "swap_ratio": 0.01}
{"acc": [0.5012334881725399, 0.5012334881725399], "network_size": 8078, "b_mse": [0.44875112511251114, 0.44875112511251114], "runtime": 68.16294379234314, "alpha_mse": [4.976072607260726, 4.976072607260726], "prob_mse": [0.45622688268826883, 0.45622688268826883], "adv_type": "random_noise", "dataset": "facebook", "sample_size": 1, "test_ratio": 0.3, "T": 10, "realization": 0, "beta_mse": [5.521452145214521, 5.521452145214521], "attack_edge": 10000, "u_mse": [0.010989010989011005, 0.010989010989011005], "d_mse": [0.4184668466846684, 0.4184668466846684], "gamma": 0.5, "swap_ratio": 0.01}
{"acc": [0.5012334881725399, 0.5012334881725399], "network_size": 8078, "b_mse": [0.44875112511251114, 0.44875112511251114], "runtime": 70.5342432498932, "alpha_mse": [4.976072607260726, 4.976072607260726], "prob_mse": [0.45622688268826883, 0.45622688268826883], "adv_type": "random_noise", "dataset": "facebook", "sample_size": 1, "test_ratio": 0.3, "T": 10, "realization": 0, "beta_mse": [5.521452145214521, 5.521452145214521], "attack_edge": 10000, "u_mse": [0.010989010989011005, 0.010989010989011005], "d_mse": [0.4184668466846684, 0.4184668466846684], "gamma": 0.4, "swap_ratio": 0.01}
{"acc": [0.5012334881725399, 0.5012334881725399], "network_size": 8078, "b_mse": [0.44875112511251114, 0.44875112511251114], "runtime": 58.37398648262024, "alpha_mse": [4.976072607260726, 4.976072607260726], "prob_mse": [0.45622688268826883, 0.45622688268826883], "adv_type": "random_noise", "dataset": "facebook", "sample_size": 1, "test_ratio": 0.3, "T": 10, "realization": 0, "beta_mse": [5.521452145214521, 5.521452145214521], "attack_edge": 10000, "u_mse": [0.010989010989011005, 0.010989010989011005], "d_mse": [0.4184668466846684, 0.4184668466846684], "gamma": 0.05, "swap_ratio": 0.01}
{"acc": [0.5012334881725399, 0.5012334881725399], "network_size": 8078, "b_mse": [0.44875112511251114, 0.44875112511251114], "runtime": 58.30063812732696, "alpha_mse": [4.976072607260726, 4.976072607260726], "prob_mse": [0.45622688268826883, 0.45622688268826883], "adv_type": "random_noise", "dataset": "facebook", "sample_size": 1, "test_ratio": 0.3, "T": 10, "realization": 0, "beta_mse": [5.521452145214521, 5.521452145214521], "attack_edge": 10000, "u_mse": [0.010989010989011005, 0.010989010989011005], "d_mse": [0.4184668466846684, 0.4184668466846684], "gamma": 0.03, "swap_ratio": 0.01}
{"acc": [0.5012334881725399, 0.5012334881725399], "network_size": 8078, "b_mse": [0.44875112511251114, 0.44875112511251114], "runtime": 58.594859385490416, "alpha_mse": [4.976072607260726, 4.976072607260726], "prob_mse": [0.45622688268826883, 0.45622688268826883], "adv_type": "random_noise", "dataset": "facebook", "sample_size": 1, "test_ratio": 0.3, "T": 10, "realization": 0, "beta_mse": [5.521452145214521, 5.521452145214521], "attack_edge": 10000, "u_mse": [0.010989010989011005, 0.010989010989011005], "d_mse": [0.4184668466846684, 0.4184668466846684], "gamma": 0.07, "swap_ratio": 0.01}
{"acc": [0.5012334881725399, 0.5012334881725399], "network_size": 8078, "b_mse": [0.44875112511251114, 0.44875112511251114], "runtime": 67.17235338687897, "alpha_mse": [4.976072607260726, 4.976072607260726], "prob_mse": [0.45622688268826883, 0.45622688268826883], "adv_type": "random_noise", "dataset": "facebook", "sample_size": 1, "test_ratio": 0.3, "T": 10, "realization": 0, "beta_mse": [5.521452145214521, 5.521452145214521], "attack_edge": 10000, "u_mse": [0.010989010989011005, 0.010989010989011005], "d_mse": [0.4184668466846684, 0.4184668466846684], "gamma": 0.3, "swap_ratio": 0.01}
{"acc": [0.5012334881725399, 0.5012334881725399], "network_size": 8078, "b_mse": [0.44875112511251114, 0.44875112511251114], "runtime": 58.67546722888947, "alpha_mse": [4.976072607260726, 4.976072607260726], "prob_mse": [0.45622688268826883, 0.45622688268826883], "adv_type": "random_noise", "dataset": "facebook", "sample_size": 1, "test_ratio": 0.3, "T": 10, "realization": 0, "beta_mse": [5.521452145214521, 5.521452145214521], "attack_edge": 10000, "u_mse": [0.010989010989011005, 0.010989010989011005], "d_mse": [0.4184668466846684, 0.4184668466846684], "gamma": 0.01, "swap_ratio": 0.01}
{"acc": [0.5012334881725399, 0.5012334881725399], "network_size": 8078, "b_mse": [0.44875112511251114, 0.44875112511251114], "runtime": 58.8317173242569, "alpha_mse": [4.976072607260726, 4.976072607260726], "prob_mse": [0.45622688268826883, 0.45622688268826883], "adv_type": "random_noise", "dataset": "facebook", "sample_size": 1, "test_ratio": 0.3, "T": 10, "realization": 0, "beta_mse": [5.521452145214521, 5.521452145214521], "attack_edge": 10000, "u_mse": [0.010989010989011005, 0.010989010989011005], "d_mse": [0.4184668466846684, 0.4184668466846684], "gamma": 0.2, "swap_ratio": 0.01}
{"acc": [0.5012334881725399, 0.5012334881725399], "network_size": 8078, "b_mse": [0.44875112511251114, 0.44875112511251114], "runtime": 59.19029712677002, "alpha_mse": [4.976072607260726, 4.976072607260726], "prob_mse": [0.45622688268826883, 0.45622688268826883], "adv_type": "random_noise", "dataset": "facebook", "sample_size": 1, "test_ratio": 0.3, "T": 10, "realization": 0, "beta_mse": [5.521452145214521, 5.521452145214521], "attack_edge": 10000, "u_mse": [0.010989010989011005, 0.010989010989011005], "d_mse": [0.4184668466846684, 0.4184668466846684], "gamma": 0.0, "swap_ratio": 0.01}
