{"acc": [0.8927679367217957, 0.8927679367217957], "network_size": 67392, "b_mse": [0.12345105021927656, 0.12345105021927656], "runtime": 878.0858753522238, "alpha_mse": [1.8373231773667034, 1.8373231773667034], "prob_mse": [0.16974605467075543, 0.16974605467075543], "adv_type": "random_pgd_csl", "dataset": "enron", "sample_size": 1, "test_ratio": 0.3, "T": 10, "realization": 0, "beta_mse": [1.9508853496883969, 1.9508853496883969], "attack_edge": 10000, "u_mse": [0.023809523809523815, 0.023809523809523815], "d_mse": [0.11816368252712105, 0.11816368252712105], "gamma": 0.0, "swap_ratio": 0.01}
{"acc": [0.5403100798198834, 0.5403100798198834], "network_size": 67392, "b_mse": [0.4488492102746728, 0.4488492102746728], "runtime": 375.5800536473592, "alpha_mse": [4.601098031457117, 4.601098031457117], "prob_mse": [0.467152616480364, 0.467152616480364], "adv_type": "random_pgd_csl", "dataset": "enron", "sample_size": 1, "test_ratio": 0.3, "T": 10, "realization": 0, "beta_mse": [5.626224156692056, 5.626224156692056], "attack_edge": 10000, "u_mse": [0.023809523809523815, 0.023809523809523815], "d_mse": [0.38800408876578624, 0.38800408876578624], "gamma": 0.5, "swap_ratio": 0.01}
{"acc": [0.8927679367217957, 0.8927679367217957], "network_size": 67392, "b_mse": [0.12345105021927656, 0.12345105021927656], "runtime": 372.07843438784283, "alpha_mse": [1.8373231773667034, 1.8373231773667034], "prob_mse": [0.16974605467075543, 0.16974605467075543], "adv_type": "random_pgd_csl", "dataset": "enron", "sample_size": 1, "test_ratio": 0.3, "T": 10, "realization": 0, "beta_mse": [1.9508853496883969, 1.9508853496883969], "attack_edge": 10000, "u_mse": [0.023809523809523815, 0.023809523809523815], "d_mse": [0.11816368252712105, 0.11816368252712105], "gamma": 0.2, "swap_ratio": 0.01}
{"acc": [0.8927679367217957, 0.8927679367217957], "network_size": 67392, "b_mse": [0.12345105021927656, 0.12345105021927656], "runtime": 379.344765663147, "alpha_mse": [1.8373231773667034, 1.8373231773667034], "prob_mse": [0.16974605467075543, 0.16974605467075543], "adv_type": "random_pgd_csl", "dataset": "enron", "sample_size": 1, "test_ratio": 0.3, "T": 10, "realization": 0, "beta_mse": [1.9508853496883969, 1.9508853496883969], "attack_edge": 10000, "u_mse": [0.023809523809523815, 0.023809523809523815], "d_mse": [0.11816368252712105, 0.11816368252712105], "gamma": 0.09, "swap_ratio": 0.01}
{"acc": [0.8927679367217957, 0.8927679367217957], "network_size": 67392, "b_mse": [0.12345105021927656, 0.12345105021927656], "runtime": 368.7826069990794, "alpha_mse": [1.8373231773667034, 1.8373231773667034], "prob_mse": [0.16974605467075543, 0.16974605467075543], "adv_type": "random_pgd_csl", "dataset": "enron", "sample_size": 1, "test_ratio": 0.3, "T": 10, "realization": 0, "beta_mse": [1.9508853496883969, 1.9508853496883969], "attack_edge": 10000, "u_mse": [0.023809523809523815, 0.023809523809523815], "d_mse": [0.11816368252712105, 0.11816368252712105], "gamma": 0.4, "swap_ratio": 0.01}
{"acc": [0.8927679367217957, 0.8927679367217957], "network_size": 67392, "b_mse": [0.12345105021927656, 0.12345105021927656], "runtime": 813.8210889498392, "alpha_mse": [1.8373231773667034, 1.8373231773667034], "prob_mse": [0.16974605467075543, 0.16974605467075543], "adv_type": "random_pgd_csl", "dataset": "enron", "sample_size": 1, "test_ratio": 0.3, "T": 10, "realization": 0, "beta_mse": [1.9508853496883969, 1.9508853496883969], "attack_edge": 10000, "u_mse": [0.023809523809523815, 0.023809523809523815], "d_mse": [0.11816368252712105, 0.11816368252712105], "gamma": 0.03, "swap_ratio": 0.01}
{"acc": [0.8927679367217957, 0.8927679367217957], "network_size": 67392, "b_mse": [0.12345105021927656, 0.12345105021927656], "runtime": 456.991672595342, "alpha_mse": [1.8373231773667034, 1.8373231773667034], "prob_mse": [0.16974605467075543, 0.16974605467075543], "adv_type": "random_pgd_csl", "dataset": "enron", "sample_size": 1, "test_ratio": 0.3, "T": 10, "realization": 0, "beta_mse": [1.9508853496883969, 1.9508853496883969], "attack_edge": 10000, "u_mse": [0.023809523809523815, 0.023809523809523815], "d_mse": [0.11816368252712105, 0.11816368252712105], "gamma": 0.07, "swap_ratio": 0.01}
{"acc": [0.8927679367217957, 0.8927679367217957], "network_size": 67392, "b_mse": [0.12345105021927656, 0.12345105021927656], "runtime": 383.26924896240234, "alpha_mse": [1.8373231773667034, 1.8373231773667034], "prob_mse": [0.16974605467075543, 0.16974605467075543], "adv_type": "random_pgd_csl", "dataset": "enron", "sample_size": 1, "test_ratio": 0.3, "T": 10, "realization": 0, "beta_mse": [1.9508853496883969, 1.9508853496883969], "attack_edge": 10000, "u_mse": [0.023809523809523815, 0.023809523809523815], "d_mse": [0.11816368252712105, 0.11816368252712105], "gamma": 0.3, "swap_ratio": 0.01}
{"acc": [0.8927679367217957, 0.8927679367217957], "network_size": 67392, "b_mse": [0.12345105021927656, 0.12345105021927656], "runtime": 810.5261170864105, "alpha_mse": [1.8373231773667034, 1.8373231773667034], "prob_mse": [0.16974605467075543, 0.16974605467075543], "adv_type": "random_pgd_csl", "dataset": "enron", "sample_size": 1, "test_ratio": 0.3, "T": 10, "realization": 0, "beta_mse": [1.9508853496883969, 1.9508853496883969], "attack_edge": 10000, "u_mse": [0.023809523809523815, 0.023809523809523815], "d_mse": [0.11816368252712105, 0.11816368252712105], "gamma": 0.01, "swap_ratio": 0.01}
{"acc": [0.8927679367217957, 0.8927679367217957], "network_size": 67392, "b_mse": [0.12345105021927656, 0.12345105021927656], "runtime": 718.53355828921, "alpha_mse": [1.8373231773667034, 1.8373231773667034], "prob_mse": [0.16974605467075543, 0.16974605467075543], "adv_type": "random_pgd_csl", "dataset": "enron", "sample_size": 1, "test_ratio": 0.3, "T": 10, "realization": 0, "beta_mse": [1.9508853496883969, 1.9508853496883969], "attack_edge": 10000, "u_mse": [0.023809523809523815, 0.023809523809523815], "d_mse": [0.11816368252712105, 0.11816368252712105], "gamma": 0.05, "swap_ratio": 0.01}
