{"acc": [0.8167466448247652, 0.8167466448247652], "network_size": 67392, "b_mse": [0.16692139018036733, 0.16692139018036733], "runtime": 381.56627480983735, "alpha_mse": [2.0871995251755866, 2.0871995251755866], "prob_mse": [0.20042681109242588, 0.20042681109242588], "adv_type": "random_noise", "dataset": "enron", "sample_size": 1, "test_ratio": 0.3, "T": 10, "realization": 0, "beta_mse": [2.5456029280838854, 2.5456029280838854], "attack_edge": 10000, "u_mse": [0.023809523809523815, 0.023809523809523815], "d_mse": [0.15479358327562898, 0.15479358327562898], "gamma": 0.07, "swap_ratio": 0.01}
{"acc": [0.8085361474565759, 0.8085361474565759], "network_size": 67392, "b_mse": [0.17148333168463747, 0.17148333168463747], "runtime": 439.7889275312424, "alpha_mse": [2.132060540112771, 2.132060540112771], "prob_mse": [0.20533521614403005, 0.20533521614403005], "adv_type": "random_noise", "dataset": "enron", "sample_size": 1, "test_ratio": 0.3, "T": 10, "realization": 0, "beta_mse": [2.5957067959244244, 2.5957067959244244], "attack_edge": 10000, "u_mse": [0.023809523809523815, 0.023809523809523815], "d_mse": [0.15957645002802784, 0.15957645002802784], "gamma": 0.03, "swap_ratio": 0.01}
{"acc": [0.8165982623422076, 0.8165982623422076], "network_size": 67392, "b_mse": [0.16728492762225078, 0.16728492762225078], "runtime": 369.9982068777084, "alpha_mse": [2.0917993866851323, 2.0917993866851323], "prob_mse": [0.20101971510535166, 0.20101971510535166], "adv_type": "random_noise", "dataset": "enron", "sample_size": 1, "test_ratio": 0.3, "T": 10, "realization": 0, "beta_mse": [2.5484221980413495, 2.5484221980413495], "attack_edge": 10000, "u_mse": [0.023809523809523815, 0.023809523809523815], "d_mse": [0.1554357503214957, 0.1554357503214957], "gamma": 0.5, "swap_ratio": 0.01}
{"acc": [0.8028976131193856, 0.8028976131193856], "network_size": 67392, "b_mse": [0.1744311999208626, 0.1744311999208626], "runtime": 384.8893887758255, "alpha_mse": [2.1589177960233457, 2.1589177960233457], "prob_mse": [0.20836225145909584, 0.20836225145909584], "adv_type": "random_noise", "dataset": "enron", "sample_size": 1, "test_ratio": 0.3, "T": 10, "realization": 0, "beta_mse": [2.6253338609160153, 2.6253338609160153], "attack_edge": 10000, "u_mse": [0.023809523809523815, 0.023809523809523815], "d_mse": [0.1626133478418571, 0.1626133478418571], "gamma": 0.3, "swap_ratio": 0.01}
{"acc": [0.8167466448247652, 0.8167466448247652], "network_size": 67392, "b_mse": [0.16692139018036733, 0.16692139018036733], "runtime": 381.1428206205368, "alpha_mse": [2.0871995251755866, 2.0871995251755866], "prob_mse": [0.20042681109242588, 0.20042681109242588], "adv_type": "random_noise", "dataset": "enron", "sample_size": 1, "test_ratio": 0.3, "T": 10, "realization": 0, "beta_mse": [2.5456029280838854, 2.5456029280838854], "attack_edge": 10000, "u_mse": [0.023809523809523815, 0.023809523809523815], "d_mse": [0.15479358327562898, 0.15479358327562898], "gamma": 0.05, "swap_ratio": 0.01}
{"acc": [0.8028976131193856, 0.8028976131193856], "network_size": 67392, "b_mse": [0.1744311999208626, 0.1744311999208626], "runtime": 385.9343971014023, "alpha_mse": [2.1589177960233457, 2.1589177960233457], "prob_mse": [0.20836225145909584, 0.20836225145909584], "adv_type": "random_noise", "dataset": "enron", "sample_size": 1, "test_ratio": 0.3, "T": 10, "realization": 0, "beta_mse": [2.6253338609160153, 2.6253338609160153], "attack_edge": 10000, "u_mse": [0.023809523809523815, 0.023809523809523815], "d_mse": [0.1626133478418571, 0.1626133478418571], "gamma": 0.4, "swap_ratio": 0.01}
{"acc": [0.8085361474565759, 0.8085361474565759], "network_size": 67392, "b_mse": [0.17148333168463747, 0.17148333168463747], "runtime": 575.5919804096222, "alpha_mse": [2.132060540112771, 2.132060540112771], "prob_mse": [0.20533521614403005, 0.20533521614403005], "adv_type": "random_noise", "dataset": "enron", "sample_size": 1, "test_ratio": 0.3, "T": 10, "realization": 0, "beta_mse": [2.5957067959244244, 2.5957067959244244], "attack_edge": 10000, "u_mse": [0.023809523809523815, 0.023809523809523815], "d_mse": [0.15957645002802784, 0.15957645002802784], "gamma": 0.01, "swap_ratio": 0.01}
{"acc": [0.8028976131193856, 0.8028976131193856], "network_size": 67392, "b_mse": [0.1744311999208626, 0.1744311999208626], "runtime": 383.1994150876999, "alpha_mse": [2.1589177960233457, 2.1589177960233457], "prob_mse": [0.20836225145909584, 0.20836225145909584], "adv_type": "random_noise", "dataset": "enron", "sample_size": 1, "test_ratio": 0.3, "T": 10, "realization": 0, "beta_mse": [2.6253338609160153, 2.6253338609160153], "attack_edge": 10000, "u_mse": [0.023809523809523815, 0.023809523809523815], "d_mse": [0.1626133478418571, 0.1626133478418571], "gamma": 0.2, "swap_ratio": 0.01}
{"acc": [0.8167466448247652, 0.8167466448247652], "network_size": 67392, "b_mse": [0.16692139018036733, 0.16692139018036733], "runtime": 379.9483593702316, "alpha_mse": [2.0871995251755866, 2.0871995251755866], "prob_mse": [0.20042681109242588, 0.20042681109242588], "adv_type": "random_noise", "dataset": "enron", "sample_size": 1, "test_ratio": 0.3, "T": 10, "realization": 0, "beta_mse": [2.5456029280838854, 2.5456029280838854], "attack_edge": 10000, "u_mse": [0.023809523809523815, 0.023809523809523815], "d_mse": [0.15479358327562898, 0.15479358327562898], "gamma": 0.09, "swap_ratio": 0.01}
{"acc": [0.8085361474565759, 0.8085361474565759], "network_size": 67392, "b_mse": [0.17148333168463747, 0.17148333168463747], "runtime": 560.0407850027084, "alpha_mse": [2.132060540112771, 2.132060540112771], "prob_mse": [0.20533521614403005, 0.20533521614403005], "adv_type": "random_noise", "dataset": "enron", "sample_size": 1, "test_ratio": 0.3, "T": 10, "realization": 0, "beta_mse": [2.5957067959244244, 2.5957067959244244], "attack_edge": 10000, "u_mse": [0.023809523809523815, 0.023809523809523815], "d_mse": [0.15957645002802784, 0.15957645002802784], "gamma": 0.0, "swap_ratio": 0.01}
