{"acc": [0.9137724487738543, 0.9137724487738543], "network_size": 164336, "b_mse": [0.17711060175794455, 0.17711060175794455], "runtime": 1425.6813035488128, "alpha_mse": [2.4549819472616643, 2.4549819472616643], "prob_mse": [0.18314635564570658, 0.18314635564570658], "adv_type": "random_pgd_csl", "dataset": "slashdot", "sample_size": 1, "test_ratio": 0.3, "T": 10, "realization": 0, "beta_mse": [2.710174239350913, 2.710174239350913], "attack_edge": 10000, "u_mse": [0.023809523809523815, 0.023809523809523815], "d_mse": [0.1790745638945234, 0.1790745638945234], "gamma": 0.0, "swap_ratio": 0.01}
{"acc": [0.9137724487738543, 0.9137724487738543], "network_size": 164336, "b_mse": [0.17711060175794455, 0.17711060175794455], "runtime": 1269.5449892520905, "alpha_mse": [2.4549819472616643, 2.4549819472616643], "prob_mse": [0.18314635564570658, 0.18314635564570658], "adv_type": "random_pgd_csl", "dataset": "slashdot", "sample_size": 1, "test_ratio": 0.3, "T": 10, "realization": 0, "beta_mse": [2.710174239350913, 2.710174239350913], "attack_edge": 10000, "u_mse": [0.023809523809523815, 0.023809523809523815], "d_mse": [0.1790745638945234, 0.1790745638945234], "gamma": 0.2, "swap_ratio": 0.01}
{"acc": [0.9137724487738543, 0.9137724487738543], "network_size": 164336, "b_mse": [0.17711060175794455, 0.17711060175794455], "runtime": 1271.419447183609, "alpha_mse": [2.4549819472616643, 2.4549819472616643], "prob_mse": [0.18314635564570658, 0.18314635564570658], "adv_type": "random_pgd_csl", "dataset": "slashdot", "sample_size": 1, "test_ratio": 0.3, "T": 10, "realization": 0, "beta_mse": [2.710174239350913, 2.710174239350913], "attack_edge": 10000, "u_mse": [0.023809523809523815, 0.023809523809523815], "d_mse": [0.1790745638945234, 0.1790745638945234], "gamma": 0.4, "swap_ratio": 0.01}
{"acc": [0.5292898461298798, 0.5292898461298798], "network_size": 164336, "b_mse": [0.3458615551048005, 0.3458615551048005], "runtime": 1226.3504275083542, "alpha_mse": [4.06408032454361, 4.06408032454361], "prob_mse": [0.3545168194726167, 0.3545168194726167], "adv_type": "random_pgd_csl", "dataset": "slashdot", "sample_size": 1, "test_ratio": 0.3, "T": 10, "realization": 0, "beta_mse": [4.479922920892496, 4.479922920892496], "attack_edge": 10000, "u_mse": [0.023809523809523815, 0.023809523809523815], "d_mse": [0.3480361730899256, 0.3480361730899256], "gamma": 0.5, "swap_ratio": 0.01}
{"acc": [0.9137724487738543, 0.9137724487738543], "network_size": 164336, "b_mse": [0.17711060175794455, 0.17711060175794455], "runtime": 1302.1690405845643, "alpha_mse": [2.4549819472616643, 2.4549819472616643], "prob_mse": [0.18314635564570658, 0.18314635564570658], "adv_type": "random_pgd_csl", "dataset": "slashdot", "sample_size": 1, "test_ratio": 0.3, "T": 10, "realization": 0, "beta_mse": [2.710174239350913, 2.710174239350913], "attack_edge": 10000, "u_mse": [0.023809523809523815, 0.023809523809523815], "d_mse": [0.1790745638945234, 0.1790745638945234], "gamma": 0.09, "swap_ratio": 0.01}
{"acc": [0.9137724487738543, 0.9137724487738543], "network_size": 164336, "b_mse": [0.17711060175794455, 0.17711060175794455], "runtime": 1361.627001619339, "alpha_mse": [2.4549819472616643, 2.4549819472616643], "prob_mse": [0.18314635564570658, 0.18314635564570658], "adv_type": "random_pgd_csl", "dataset": "slashdot", "sample_size": 1, "test_ratio": 0.3, "T": 10, "realization": 0, "beta_mse": [2.710174239350913, 2.710174239350913], "attack_edge": 10000, "u_mse": [0.023809523809523815, 0.023809523809523815], "d_mse": [0.1790745638945234, 0.1790745638945234], "gamma": 0.03, "swap_ratio": 0.01}
{"acc": [0.9137724487738543, 0.9137724487738543], "network_size": 164336, "b_mse": [0.17711060175794455, 0.17711060175794455], "runtime": 1343.4405683040618, "alpha_mse": [2.4549819472616643, 2.4549819472616643], "prob_mse": [0.18314635564570658, 0.18314635564570658], "adv_type": "random_pgd_csl", "dataset": "slashdot", "sample_size": 1, "test_ratio": 0.3, "T": 10, "realization": 0, "beta_mse": [2.710174239350913, 2.710174239350913], "attack_edge": 10000, "u_mse": [0.023809523809523815, 0.023809523809523815], "d_mse": [0.1790745638945234, 0.1790745638945234], "gamma": 0.05, "swap_ratio": 0.01}
{"acc": [0.9137724487738543, 0.9137724487738543], "network_size": 164336, "b_mse": [0.17711060175794455, 0.17711060175794455], "runtime": 1198.5341648817061, "alpha_mse": [2.4549819472616643, 2.4549819472616643], "prob_mse": [0.18314635564570658, 0.18314635564570658], "adv_type": "random_pgd_csl", "dataset": "slashdot", "sample_size": 1, "test_ratio": 0.3, "T": 10, "realization": 0, "beta_mse": [2.710174239350913, 2.710174239350913], "attack_edge": 10000, "u_mse": [0.023809523809523815, 0.023809523809523815], "d_mse": [0.1790745638945234, 0.1790745638945234], "gamma": 0.3, "swap_ratio": 0.01}
{"acc": [0.9137724487738543, 0.9137724487738543], "network_size": 164336, "b_mse": [0.17711060175794455, 0.17711060175794455], "runtime": 1313.5492527008057, "alpha_mse": [2.4549819472616643, 2.4549819472616643], "prob_mse": [0.18314635564570658, 0.18314635564570658], "adv_type": "random_pgd_csl", "dataset": "slashdot", "sample_size": 1, "test_ratio": 0.3, "T": 10, "realization": 0, "beta_mse": [2.710174239350913, 2.710174239350913], "attack_edge": 10000, "u_mse": [0.023809523809523815, 0.023809523809523815], "d_mse": [0.1790745638945234, 0.1790745638945234], "gamma": 0.01, "swap_ratio": 0.01}
{"acc": [0.9137724487738543, 0.9137724487738543], "network_size": 164336, "b_mse": [0.17711060175794455, 0.17711060175794455], "runtime": 1244.8965217590332, "alpha_mse": [2.4549819472616643, 2.4549819472616643], "prob_mse": [0.18314635564570658, 0.18314635564570658], "adv_type": "random_pgd_csl", "dataset": "slashdot", "sample_size": 1, "test_ratio": 0.3, "T": 10, "realization": 0, "beta_mse": [2.710174239350913, 2.710174239350913], "attack_edge": 10000, "u_mse": [0.023809523809523815, 0.023809523809523815], "d_mse": [0.1790745638945234, 0.1790745638945234], "gamma": 0.07, "swap_ratio": 0.01}
{"acc": [0.5352650754129237, 0.5352650754129237], "network_size": 67392, "b_mse": [0.347460925907607, 0.347460925907607], "runtime": 393.0917263031006, "alpha_mse": [4.069728459788309, 4.069728459788309], "prob_mse": [0.3571975236587859, 0.3571975236587859], "adv_type": "random_pgd_csl", "dataset": "enron", "sample_size": 1, "test_ratio": 0.3, "T": 10, "realization": 0, "beta_mse": [4.512491344346623, 4.512491344346623], "attack_edge": 10000, "u_mse": [0.023809523809523815, 0.023809523809523815], "d_mse": [0.3494413394005342, 0.3494413394005342], "gamma": 0.5, "swap_ratio": 0.01}
{"acc": [0.8837660661132989, 0.8837660661132989], "network_size": 67392, "b_mse": [0.19413558874929931, 0.19413558874929931], "runtime": 376.98451561927794, "alpha_mse": [2.6502774755168668, 2.6502774755168668], "prob_mse": [0.19915233949945596, 0.19915233949945596], "adv_type": "random_pgd_csl", "dataset": "enron", "sample_size": 1, "test_ratio": 0.3, "T": 10, "realization": 0, "beta_mse": [2.8638149174003367, 2.8638149174003367], "attack_edge": 10000, "u_mse": [0.023809523809523815, 0.023809523809523815], "d_mse": [0.196698997592904, 0.196698997592904], "gamma": 0.4, "swap_ratio": 0.01}
{"acc": [0.8837660661132989, 0.8837660661132989], "network_size": 67392, "b_mse": [0.19413558874929931, 0.19413558874929931], "runtime": 377.892076086998, "alpha_mse": [2.6502774755168668, 2.6502774755168668], "prob_mse": [0.19915233949945596, 0.19915233949945596], "adv_type": "random_pgd_csl", "dataset": "enron", "sample_size": 1, "test_ratio": 0.3, "T": 10, "realization": 0, "beta_mse": [2.8638149174003367, 2.8638149174003367], "attack_edge": 10000, "u_mse": [0.023809523809523815, 0.023809523809523815], "d_mse": [0.196698997592904, 0.196698997592904], "gamma": 0.2, "swap_ratio": 0.01}
{"acc": [0.8837660661132989, 0.8837660661132989], "network_size": 67392, "b_mse": [0.19413558874929931, 0.19413558874929931], "runtime": 558.9581782579422, "alpha_mse": [2.6502774755168668, 2.6502774755168668],