{"acc": [0.4958704961180188, 0.4958704961180188], "network_size": 8078, "b_mse": [0.4531578157815781, 0.4531578157815781], "runtime": 3.7645689964294435, "alpha_mse": [5.0239273927392745, 5.0239273927392745], "prob_mse": [0.46063357335733585, 0.46063357335733585], "adv_type": "random_pgd_gcn_vae", "dataset": "facebook", "sample_size": 1, "test_ratio": 0.3, "T": 10, "realization": 0, "beta_mse": [5.574257425742574, 5.574257425742574], "attack_edge": 10000, "u_mse": [0.010989010989011005, 0.010989010989011005], "d_mse": [0.42285478547854777, 0.42285478547854777], "gamma": 0.0, "swap_ratio": 0.01}
{"acc": [0.4958704961180188, 0.4958704961180188], "network_size": 8078, "b_mse": [0.4531578157815781, 0.4531578157815781], "runtime": 3.707286500930786, "alpha_mse": [5.0239273927392745, 5.0239273927392745], "prob_mse": [0.46063357335733585, 0.46063357335733585], "adv_type": "random_pgd_gcn_vae", "dataset": "facebook", "sample_size": 1, "test_ratio": 0.3, "T": 10, "realization": 0, "beta_mse": [5.574257425742574, 5.574257425742574], "attack_edge": 10000, "u_mse": [0.010989010989011005, 0.010989010989011005], "d_mse": [0.42285478547854777, 0.42285478547854777], "gamma": 0.03, "swap_ratio": 0.01}
{"acc": [0.4958704961180188, 0.4958704961180188], "network_size": 8078, "b_mse": [0.4531578157815781, 0.4531578157815781], "runtime": 3.6829766988754273, "alpha_mse": [5.0239273927392745, 5.0239273927392745], "prob_mse": [0.46063357335733585, 0.46063357335733585], "adv_type": "random_pgd_gcn_vae", "dataset": "facebook", "sample_size": 1, "test_ratio": 0.3, "T": 10, "realization": 0, "beta_mse": [5.574257425742574, 5.574257425742574], "attack_edge": 10000, "u_mse": [0.010989010989011005, 0.010989010989011005], "d_mse": [0.42285478547854777, 0.42285478547854777], "gamma": 0.01, "swap_ratio": 0.01}
{"acc": [0.4958704961180188, 0.4958704961180188], "network_size": 8078, "b_mse": [0.4531578157815781, 0.4531578157815781], "runtime": 3.7383655309677124, "alpha_mse": [5.0239273927392745, 5.0239273927392745], "prob_mse": [0.46063357335733585, 0.46063357335733585], "adv_type": "random_pgd_gcn_vae", "dataset": "facebook", "sample_size": 1, "test_ratio": 0.3, "T": 10, "realization": 0, "beta_mse": [5.574257425742574, 5.574257425742574], "attack_edge": 10000, "u_mse": [0.010989010989011005, 0.010989010989011005], "d_mse": [0.42285478547854777, 0.42285478547854777], "gamma": 0.4, "swap_ratio": 0.01}
{"acc": [0.4958704961180188, 0.4958704961180188], "network_size": 8078, "b_mse": [0.4531578157815781, 0.4531578157815781], "runtime": 3.7274810791015627, "alpha_mse": [5.0239273927392745, 5.0239273927392745], "prob_mse": [0.46063357335733585, 0.46063357335733585], "adv_type": "random_pgd_gcn_vae", "dataset": "facebook", "sample_size": 1, "test_ratio": 0.3, "T": 10, "realization": 0, "beta_mse": [5.574257425742574, 5.574257425742574], "attack_edge": 10000, "u_mse": [0.010989010989011005, 0.010989010989011005], "d_mse": [0.42285478547854777, 0.42285478547854777], "gamma": 0.5, "swap_ratio": 0.01}
{"acc": [0.4958704961180188, 0.4958704961180188], "network_size": 8078, "b_mse": [0.4531578157815781, 0.4531578157815781], "runtime": 3.689418005943298, "alpha_mse": [5.0239273927392745, 5.0239273927392745], "prob_mse": [0.46063357335733585, 0.46063357335733585], "adv_type": "random_pgd_gcn_vae", "dataset": "facebook", "sample_size": 1, "test_ratio": 0.3, "T": 10, "realization": 0, "beta_mse": [5.574257425742574, 5.574257425742574], "attack_edge": 10000, "u_mse": [0.010989010989011005, 0.010989010989011005], "d_mse": [0.42285478547854777, 0.42285478547854777], "gamma": 0.05, "swap_ratio": 0.01}
{"acc": [0.4958704961180188, 0.4958704961180188], "network_size": 8078, "b_mse": [0.4531578157815781, 0.4531578157815781], "runtime": 3.7331016063690186, "alpha_mse": [5.0239273927392745, 5.0239273927392745], "prob_mse": [0.46063357335733585, 0.46063357335733585], "adv_type": "random_pgd_gcn_vae", "dataset": "facebook", "sample_size": 1, "test_ratio": 0.3, "T": 10, "realization": 0, "beta_mse": [5.574257425742574, 5.574257425742574], "attack_edge": 10000, "u_mse": [0.010989010989011005, 0.010989010989011005], "d_mse": [0.42285478547854777, 0.42285478547854777], "gamma": 0.09, "swap_ratio": 0.01}
{"acc": [0.4958704961180188, 0.4958704961180188], "network_size": 8078, "b_mse": [0.4531578157815781, 0.4531578157815781], "runtime": 3.6697420120239257, "alpha_mse": [5.0239273927392745, 5.0239273927392745], "prob_mse": [0.46063357335733585, 0.46063357335733585], "adv_type": "random_pgd_gcn_vae", "dataset": "facebook", "sample_size": 1, "test_ratio": 0.3, "T": 10, "realization": 0, "beta_mse": [5.574257425742574, 5.574257425742574], "attack_edge": 10000, "u_mse": [0.010989010989011005, 0.010989010989011005], "d_mse": [0.42285478547854777, 0.42285478547854777], "gamma": 0.2, "swap_ratio": 0.01}
{"acc": [0.4958704961180188, 0.4958704961180188], "network_size": 8078, "b_mse": [0.4531578157815781, 0.4531578157815781], "runtime": 3.759863257408142, "alpha_mse": [5.0239273927392745, 5.0239273927392745], "prob_mse": [0.46063357335733585, 0.46063357335733585], "adv_type": "random_pgd_gcn_vae", "dataset": "facebook", "sample_size": 1, "test_ratio": 0.3, "T": 10, "realization": 0, "beta_mse": [5.574257425742574, 5.574257425742574], "attack_edge": 10000, "u_mse": [0.010989010989011005, 0.010989010989011005], "d_mse": [0.42285478547854777, 0.42285478547854777], "gamma": 0.07, "swap_ratio": 0.01}
{"acc": [0.4958704961180188, 0.4958704961180188], "network_size": 8078, "b_mse": [0.4531578157815781, 0.4531578157815781], "runtime": 3.5479464292526246, "alpha_mse": [5.0239273927392745, 5.0239273927392745], "prob_mse": [0.46063357335733585, 0.46063357335733585], "adv_type": "random_pgd_gcn_vae", "dataset": "facebook", "sample_size": 1, "test_ratio": 0.3, "T": 10, "realization": 0, "beta_mse": [5.574257425742574, 5.574257425742574], "attack_edge": 10000, "u_mse": [0.010989010989011005, 0.010989010989011005], "d_mse": [0.42285478547854777, 0.42285478547854777], "gamma": 0.3, "swap_ratio": 0.01}
