{"acc": [0.4958704961180188, 0.4958704961180188], "network_size": 8078, "b_mse": [0.4531578157815781, 0.4531578157815781], "runtime": 3.707324910163879, "alpha_mse": [5.0239273927392745, 5.0239273927392745], "prob_mse": [0.46063357335733585, 0.46063357335733585], "adv_type": "random_pgd_csl", "dataset": "facebook", "sample_size": 1, "test_ratio": 0.3, "T": 10, "realization": 0, "beta_mse": [5.574257425742574, 5.574257425742574], "attack_edge": 10000, "u_mse": [0.010989010989011005, 0.010989010989011005], "d_mse": [0.42285478547854777, 0.42285478547854777], "gamma": 0.09, "swap_ratio": 0.01}
{"acc": [0.4958704961180188, 0.4958704961180188], "network_size": 8078, "b_mse": [0.4531578157815781, 0.4531578157815781], "runtime": 3.803364610671997, "alpha_mse": [5.0239273927392745, 5.0239273927392745], "prob_mse": [0.46063357335733585, 0.46063357335733585], "adv_type": "random_pgd_csl", "dataset": "facebook", "sample_size": 1, "test_ratio": 0.3, "T": 10, "realization": 0, "beta_mse": [5.574257425742574, 5.574257425742574], "attack_edge": 10000, "u_mse": [0.010989010989011005, 0.010989010989011005], "d_mse": [0.42285478547854777, 0.42285478547854777], "gamma": 0.5, "swap_ratio": 0.01}
{"acc": [0.4958704961180188, 0.4958704961180188], "network_size": 8078, "b_mse": [0.4531578157815781, 0.4531578157815781], "runtime": 59.08555111885071, "alpha_mse": [5.0239273927392745, 5.0239273927392745], "prob_mse": [0.46063357335733585, 0.46063357335733585], "adv_type": "random_pgd_csl", "dataset": "facebook", "sample_size": 1, "test_ratio": 0.3, "T": 10, "realization": 0, "beta_mse": [5.574257425742574, 5.574257425742574], "attack_edge": 10000, "u_mse": [0.010989010989011005, 0.010989010989011005], "d_mse": [0.42285478547854777, 0.42285478547854777], "gamma": 0.0, "swap_ratio": 0.01}
{"acc": [0.4958704961180188, 0.4958704961180188], "network_size": 8078, "b_mse": [0.4531578157815781, 0.4531578157815781], "runtime": 3.8389965057373048, "alpha_mse": [5.0239273927392745, 5.0239273927392745], "prob_mse": [0.46063357335733585, 0.46063357335733585], "adv_type": "random_pgd_csl", "dataset": "facebook", "sample_size": 1, "test_ratio": 0.3, "T": 10, "realization": 0, "beta_mse": [5.574257425742574, 5.574257425742574], "attack_edge": 10000, "u_mse": [0.010989010989011005, 0.010989010989011005], "d_mse": [0.42285478547854777, 0.42285478547854777], "gamma": 0.4, "swap_ratio": 0.01}
{"acc": [0.4958704961180188, 0.4958704961180188], "network_size": 8078, "b_mse": [0.4531578157815781, 0.4531578157815781], "runtime": 25.79115867614746, "alpha_mse": [5.0239273927392745, 5.0239273927392745], "prob_mse": [0.46063357335733585, 0.46063357335733585], "adv_type": "random_pgd_csl", "dataset": "facebook", "sample_size": 1, "test_ratio": 0.3, "T": 10, "realization": 0, "beta_mse": [5.574257425742574, 5.574257425742574], "attack_edge": 10000, "u_mse": [0.010989010989011005, 0.010989010989011005], "d_mse": [0.42285478547854777, 0.42285478547854777], "gamma": 0.01, "swap_ratio": 0.01}
{"acc": [0.4958704961180188, 0.4958704961180188], "network_size": 8078, "b_mse": [0.4531578157815781, 0.4531578157815781], "runtime": 3.8897842168807983, "alpha_mse": [5.0239273927392745, 5.0239273927392745], "prob_mse": [0.46063357335733585, 0.46063357335733585], "adv_type": "random_pgd_csl", "dataset": "facebook", "sample_size": 1, "test_ratio": 0.3, "T": 10, "realization": 0, "beta_mse": [5.574257425742574, 5.574257425742574], "attack_edge": 10000, "u_mse": [0.010989010989011005, 0.010989010989011005], "d_mse": [0.42285478547854777, 0.42285478547854777], "gamma": 0.3, "swap_ratio": 0.01}
{"acc": [0.4958704961180188, 0.4958704961180188], "network_size": 8078, "b_mse": [0.4531578157815781, 0.4531578157815781], "runtime": 3.7491451025009157, "alpha_mse": [5.0239273927392745, 5.0239273927392745], "prob_mse": [0.46063357335733585, 0.46063357335733585], "adv_type": "random_pgd_csl", "dataset": "facebook", "sample_size": 1, "test_ratio": 0.3, "T": 10, "realization": 0, "beta_mse": [5.574257425742574, 5.574257425742574], "attack_edge": 10000, "u_mse": [0.010989010989011005, 0.010989010989011005], "d_mse": [0.42285478547854777, 0.42285478547854777], "gamma": 0.2, "swap_ratio": 0.01}
{"acc": [0.4958704961180188, 0.4958704961180188], "network_size": 8078, "b_mse": [0.4531578157815781, 0.4531578157815781], "runtime": 3.729616975784302, "alpha_mse": [5.0239273927392745, 5.0239273927392745], "prob_mse": [0.46063357335733585, 0.46063357335733585], "adv_type": "random_pgd_csl", "dataset": "facebook", "sample_size": 1, "test_ratio": 0.3, "T": 10, "realization": 0, "beta_mse": [5.574257425742574, 5.574257425742574], "attack_edge": 10000, "u_mse": [0.010989010989011005, 0.010989010989011005], "d_mse": [0.42285478547854777, 0.42285478547854777], "gamma": 0.05, "swap_ratio": 0.01}
{"acc": [0.4958704961180188, 0.4958704961180188], "network_size": 8078, "b_mse": [0.4531578157815781, 0.4531578157815781], "runtime": 3.6473328828811646, "alpha_mse": [5.0239273927392745, 5.0239273927392745], "prob_mse": [0.46063357335733585, 0.46063357335733585], "adv_type": "random_pgd_csl", "dataset": "facebook", "sample_size": 1, "test_ratio": 0.3, "T": 10, "realization": 0, "beta_mse": [5.574257425742574, 5.574257425742574], "attack_edge": 10000, "u_mse": [0.010989010989011005, 0.010989010989011005], "d_mse": [0.42285478547854777, 0.42285478547854777], "gamma": 0.03, "swap_ratio": 0.01}
{"acc": [0.4958704961180188, 0.4958704961180188], "network_size": 8078, "b_mse": [0.4531578157815781, 0.4531578157815781], "runtime": 3.6833059310913088, "alpha_mse": [5.0239273927392745, 5.0239273927392745], "prob_mse": [0.46063357335733585, 0.46063357335733585], "adv_type": "random_pgd_csl", "dataset": "facebook", "sample_size": 1, "test_ratio": 0.3, "T": 10, "realization": 0, "beta_mse": [5.574257425742574, 5.574257425742574], "attack_edge": 10000, "u_mse": [0.010989010989011005, 0.010989010989011005], "d_mse": [0.42285478547854777, 0.42285478547854777], "gamma": 0.07, "swap_ratio": 0.01}
