{"acc": [0.913894152578437, 0.913894152578437], "network_size": 164336, "b_mse": [0.1776486004056795, 0.1776486004056795], "runtime": 2156.3426270484924, "alpha_mse": [2.4581973630831655, 2.4581973630831655], "prob_mse": [0.18375503448275862, 0.18375503448275862], "adv_type": "random_pgd", "dataset": "slashdot", "sample_size": 1, "test_ratio": 0.3, "T": 10, "realization": 0, "beta_mse": [2.7182492900608533, 2.7182492900608533], "attack_edge": 10000, "u_mse": [0.023809523809523815, 0.023809523809523815], "d_mse": [0.17966669371196753, 0.17966669371196753], "gamma": 0.0, "swap_ratio": 0.01}
{"acc": [0.913894152578437, 0.913894152578437], "network_size": 164336, "b_mse": [0.1776486004056795, 0.1776486004056795], "runtime": 1415.229105591774, "alpha_mse": [2.4581973630831655, 2.4581973630831655], "prob_mse": [0.18375503448275862, 0.18375503448275862], "adv_type": "random_pgd", "dataset": "slashdot", "sample_size": 1, "test_ratio": 0.3, "T": 10, "realization": 0, "beta_mse": [2.7182492900608533, 2.7182492900608533], "attack_edge": 10000, "u_mse": [0.023809523809523815, 0.023809523809523815], "d_mse": [0.17966669371196753, 0.17966669371196753], "gamma": 0.01, "swap_ratio": 0.01}
{"acc": [0.504401418092731, 0.504401418092731], "network_size": 164336, "b_mse": [0.4411175726842461, 0.4411175726842461], "runtime": 1693.4785223007202, "alpha_mse": [4.996160446247466, 4.996160446247466], "prob_mse": [0.4504499945909399, 0.4504499945909399], "adv_type": "random_pgd", "dataset": "slashdot", "sample_size": 1, "test_ratio": 0.3, "T": 10, "realization": 0, "beta_mse": [5.450549492900609, 5.450549492900609], "attack_edge": 10000, "u_mse": [0.023809523809523815, 0.023809523809523815], "d_mse": [0.4200561325219743, 0.4200561325219743], "gamma": 0.5, "swap_ratio": 0.01}
{"acc": [0.913894152578437, 0.913894152578437], "network_size": 164336, "b_mse": [0.1776486004056795, 0.1776486004056795], "runtime": 1694.8264319181442, "alpha_mse": [2.4581973630831655, 2.4581973630831655], "prob_mse": [0.18375503448275862, 0.18375503448275862], "adv_type": "random_pgd", "dataset": "slashdot", "sample_size": 1, "test_ratio": 0.3, "T": 10, "realization": 0, "beta_mse": [2.7182492900608533, 2.7182492900608533], "attack_edge": 10000, "u_mse": [0.023809523809523815, 0.023809523809523815], "d_mse": [0.17966669371196753, 0.17966669371196753], "gamma": 0.09, "swap_ratio": 0.01}
{"acc": [0.913894152578437, 0.913894152578437], "network_size": 164336, "b_mse": [0.1776486004056795, 0.1776486004056795], "runtime": 1922.976836681366, "alpha_mse": [2.4581973630831655, 2.4581973630831655], "prob_mse": [0.18375503448275862, 0.18375503448275862], "adv_type": "random_pgd", "dataset": "slashdot", "sample_size": 1, "test_ratio": 0.3, "T": 10, "realization": 0, "beta_mse": [2.7182492900608533, 2.7182492900608533], "attack_edge": 10000, "u_mse": [0.023809523809523815, 0.023809523809523815], "d_mse": [0.17966669371196753, 0.17966669371196753], "gamma": 0.05, "swap_ratio": 0.01}
{"acc": [0.913894152578437, 0.913894152578437], "network_size": 164336, "b_mse": [0.1776486004056795, 0.1776486004056795], "runtime": 1706.9432847976684, "alpha_mse": [2.4581973630831655, 2.4581973630831655], "prob_mse": [0.18375503448275862, 0.18375503448275862], "adv_type": "random_pgd", "dataset": "slashdot", "sample_size": 1, "test_ratio": 0.3, "T": 10, "realization": 0, "beta_mse": [2.7182492900608533, 2.7182492900608533], "attack_edge": 10000, "u_mse": [0.023809523809523815, 0.023809523809523815], "d_mse": [0.17966669371196753, 0.17966669371196753], "gamma": 0.4, "swap_ratio": 0.01}
{"acc": [0.913894152578437, 0.913894152578437], "network_size": 164336, "b_mse": [0.1776486004056795, 0.1776486004056795], "runtime": 1765.4120305538177, "alpha_mse": [2.4581973630831655, 2.4581973630831655], "prob_mse": [0.18375503448275862, 0.18375503448275862], "adv_type": "random_pgd", "dataset": "slashdot", "sample_size": 1, "test_ratio": 0.3, "T": 10, "realization": 0, "beta_mse": [2.7182492900608533, 2.7182492900608533], "attack_edge": 10000, "u_mse": [0.023809523809523815, 0.023809523809523815], "d_mse": [0.17966669371196753, 0.17966669371196753], "gamma": 0.03, "swap_ratio": 0.01}
{"acc": [0.913894152578437, 0.913894152578437], "network_size": 164336, "b_mse": [0.1776486004056795, 0.1776486004056795], "runtime": 2124.3408016204835, "alpha_mse": [2.4581973630831655, 2.4581973630831655], "prob_mse": [0.18375503448275862, 0.18375503448275862], "adv_type": "random_pgd", "dataset": "slashdot", "sample_size": 1, "test_ratio": 0.3, "T": 10, "realization": 0, "beta_mse": [2.7182492900608533, 2.7182492900608533], "attack_edge": 10000, "u_mse": [0.023809523809523815, 0.023809523809523815], "d_mse": [0.17966669371196753, 0.17966669371196753], "gamma": 0.3, "swap_ratio": 0.01}
{"acc": [0.913894152578437, 0.913894152578437], "network_size": 164336, "b_mse": [0.1776486004056795, 0.1776486004056795], "runtime": 2131.203275299072, "alpha_mse": [2.4581973630831655, 2.4581973630831655], "prob_mse": [0.18375503448275862, 0.18375503448275862], "adv_type": "random_pgd", "dataset": "slashdot", "sample_size": 1, "test_ratio": 0.3, "T": 10, "realization": 0, "beta_mse": [2.7182492900608533, 2.7182492900608533], "attack_edge": 10000, "u_mse": [0.023809523809523815, 0.023809523809523815], "d_mse": [0.17966669371196753, 0.17966669371196753], "gamma": 0.2, "swap_ratio": 0.01}
{"acc": [0.913894152578437, 0.913894152578437], "network_size": 164336, "b_mse": [0.1776486004056795, 0.1776486004056795], "runtime": 1575.476214981079, "alpha_mse": [2.4581973630831655, 2.4581973630831655], "prob_mse": [0.18375503448275862, 0.18375503448275862], "adv_type": "random_pgd", "dataset": "slashdot", "sample_size": 1, "test_ratio": 0.3, "T": 10, "realization": 0, "beta_mse": [2.7182492900608533, 2.7182492900608533], "attack_edge": 10000, "u_mse": [0.023809523809523815, 0.023809523809523815], "d_mse": [0.17966669371196753, 0.17966669371196753], "gamma": 0.07, "swap_ratio": 0.01}
{"acc": [0.868927817857535, 0.868927817857535], "network_size": 67392, "b_mse": [0.19792328618063112, 0.19792328618063112], "runtime": 342.7359240055084, "alpha_mse": [2.6856424967850434, 2.6856424967850434], "prob_mse": [0.20324203844758798, 0.20324203844758798], "adv_type": "random_pgd", "dataset": "enron", "sample_size": 1, "test_ratio": 0.3, "T": 10, "realization": 0, "beta_mse": [2.9093233752102097, 2.9093233752102097], "attack_edge": 10000, "u_mse": [0.023809523809523815, 0.023809523809523815], "d_mse": [0.200530665743397, 0.200530665743397], "gamma": 0.0, "swap_ratio": 0.01}
{"acc": [0.868927817857535, 0.868927817857535], "network_size": 67392, "b_mse": [0.19792328618063112, 0.19792328618063112], "runtime": 400.6502031803131, "alpha_mse": [2.6856424967850434, 2.6856424967850434], "prob_mse": [0.20324203844758798, 0.20324203844758798], "adv_type": "random_pgd", "dataset": "enron", "sample_size": 1, "test_ratio": 0.3, "T": 10, "realization": 0, "beta_mse": [2.9093233752102097, 2.9093233752102097], "attack_edge": 10000, "u_mse": [0.023809523809523815, 0.023809523809523815], "d_mse": [0.200530665743397, 0.200530665743397], "gamma": 0.3, "swap_ratio": 0.01}
{"acc": [0.5062315696591456, 0.5062315696591456], "network_size": 67392, "b_mse": [0.4377540145744716, 0.4377540145744716], "runtime": 518.8170397043228, "alpha_mse": [4.92181125729548, 4.92181125729548], "prob_mse": [0.4496926369241929, 0.4496926369241929], "adv_type": "random_pgd", "dataset": "enron", "sample_size": 1, "test_ratio": 0.3, "T": 10, "realization": 0, "beta_mse": [5.464378276783066, 5.464378276783066], "attack_edge": 10000, "u_mse": [0.023809523809523815, 0.023809523809523815], "d_mse": [0.41565568635209543, 0.41565568635209543], "gamma": 0.5, "swap_ratio": 0.01}
{"acc": [0.868927817857535, 0.868927817857535], "network_size": 67392, "b_mse": [0.19792328618063112, 0.19792328618063112], "runtime": 342.589732336998, "alpha_mse": [2.6856424967850434, 2.6856424967850434], "prob_mse": [0.20324203844758798, 0.20324203844758798],