{"acc": [0.9316441471518971, 0.9316441471518971], "network_size": 67392, "b_mse": [0.05465674151745976, 0.05465674151745976], "runtime": 335.3707977135976, "alpha_mse": [0.6363636363636361, 0.6363636363636361], "prob_mse": [0.11533153625482244, 0.11533153625482244], "adv_type": "random_pgd", "dataset": "enron", "sample_size": 1, "test_ratio": 0.3, "T": 10, "realization": 0, "beta_mse": [0.6935898704125035, 0.6935898704125035], "attack_edge": 10000, "u_mse": [0.04761904761904763, 0.04761904761904763], "d_mse": [0.05411390839845687, 0.05411390839845687], "gamma": 0.0, "swap_ratio": 0.01}
{"acc": [0.5014833302173012, 0.5014833302173012], "network_size": 67392, "b_mse": [0.3240540607379564, 0.3240540607379564], "runtime": 745.1123146216074, "alpha_mse": [1.4866455633593827, 1.4866455633593827], "prob_mse": [0.3739603917301415, 0.3739603917301415], "adv_type": "random_pgd", "dataset": "enron", "sample_size": 1, "test_ratio": 0.3, "T": 10, "realization": 0, "beta_mse": [1.9958947472549213, 1.9958947472549213], "attack_edge": 10000, "u_mse": [0.04761904761904763, 0.04761904761904763], "d_mse": [0.2992766346819664, 0.2992766346819664], "gamma": 0.5, "swap_ratio": 0.01}
{"acc": [0.9316441471518971, 0.9316441471518971], "network_size": 67392, "b_mse": [0.05465674151745976, 0.05465674151745976], "runtime": 389.69235428174335, "alpha_mse": [0.6363636363636361, 0.6363636363636361], "prob_mse": [0.11533153625482244, 0.11533153625482244], "adv_type": "random_pgd", "dataset": "enron", "sample_size": 1, "test_ratio": 0.3, "T": 10, "realization": 0, "beta_mse": [0.6935898704125035, 0.6935898704125035], "attack_edge": 10000, "u_mse": [0.04761904761904763, 0.04761904761904763], "d_mse": [0.05411390839845687, 0.05411390839845687], "gamma": 0.3, "swap_ratio": 0.01}
{"acc": [0.9316441471518971, 0.9316441471518971], "network_size": 67392, "b_mse": [0.05465674151745976, 0.05465674151745976], "runtime": 332.96917724609375, "alpha_mse": [0.6363636363636361, 0.6363636363636361], "prob_mse": [0.11533153625482244, 0.11533153625482244], "adv_type": "random_pgd", "dataset": "enron", "sample_size": 1, "test_ratio": 0.3, "T": 10, "realization": 0, "beta_mse": [0.6935898704125035, 0.6935898704125035], "attack_edge": 10000, "u_mse": [0.04761904761904763, 0.04761904761904763], "d_mse": [0.05411390839845687, 0.05411390839845687], "gamma": 0.01, "swap_ratio": 0.01}
{"acc": [0.9316441471518971, 0.9316441471518971], "network_size": 67392, "b_mse": [0.05465674151745976, 0.05465674151745976], "runtime": 339.5226089954376, "alpha_mse": [0.6363636363636361, 0.6363636363636361], "prob_mse": [0.11533153625482244, 0.11533153625482244], "adv_type": "random_pgd", "dataset": "enron", "sample_size": 1, "test_ratio": 0.3, "T": 10, "realization": 0, "beta_mse": [0.6935898704125035, 0.6935898704125035], "attack_edge": 10000, "u_mse": [0.04761904761904763, 0.04761904761904763], "d_mse": [0.05411390839845687, 0.05411390839845687], "gamma": 0.2, "swap_ratio": 0.01}
{"acc": [0.9316441471518971, 0.9316441471518971], "network_size": 67392, "b_mse": [0.05465674151745976, 0.05465674151745976], "runtime": 392.42035333315533, "alpha_mse": [0.6363636363636361, 0.6363636363636361], "prob_mse": [0.11533153625482244, 0.11533153625482244], "adv_type": "random_pgd", "dataset": "enron", "sample_size": 1, "test_ratio": 0.3, "T": 10, "realization": 0, "beta_mse": [0.6935898704125035, 0.6935898704125035], "attack_edge": 10000, "u_mse": [0.04761904761904763, 0.04761904761904763], "d_mse": [0.05411390839845687, 0.05411390839845687], "gamma": 0.4, "swap_ratio": 0.01}
{"acc": [0.9316441471518971, 0.9316441471518971], "network_size": 67392, "b_mse": [0.05465674151745976, 0.05465674151745976], "runtime": 336.3358379999797, "alpha_mse": [0.6363636363636361, 0.6363636363636361], "prob_mse": [0.11533153625482244, 0.11533153625482244], "adv_type": "random_pgd", "dataset": "enron", "sample_size": 1, "test_ratio": 0.3, "T": 10, "realization": 0, "beta_mse": [0.6935898704125035, 0.6935898704125035], "attack_edge": 10000, "u_mse": [0.04761904761904763, 0.04761904761904763], "d_mse": [0.05411390839845687, 0.05411390839845687], "gamma": 0.09, "swap_ratio": 0.01}
{"acc": [0.9316441471518971, 0.9316441471518971], "network_size": 67392, "b_mse": [0.05465674151745976, 0.05465674151745976], "runtime": 347.6245990594228, "alpha_mse": [0.6363636363636361, 0.6363636363636361], "prob_mse": [0.11533153625482244, 0.11533153625482244], "adv_type": "random_pgd", "dataset": "enron", "sample_size": 1, "test_ratio": 0.3, "T": 10, "realization": 0, "beta_mse": [0.6935898704125035, 0.6935898704125035], "attack_edge": 10000, "u_mse": [0.04761904761904763, 0.04761904761904763], "d_mse": [0.05411390839845687, 0.05411390839845687], "gamma": 0.05, "swap_ratio": 0.01}
{"acc": [0.9316441471518971, 0.9316441471518971], "network_size": 67392, "b_mse": [0.05465674151745976, 0.05465674151745976], "runtime": 335.2517640590668, "alpha_mse": [0.6363636363636361, 0.6363636363636361], "prob_mse": [0.11533153625482244, 0.11533153625482244], "adv_type": "random_pgd", "dataset": "enron", "sample_size": 1, "test_ratio": 0.3, "T": 10, "realization": 0, "beta_mse": [0.6935898704125035, 0.6935898704125035], "attack_edge": 10000, "u_mse": [0.04761904761904763, 0.04761904761904763], "d_mse": [0.05411390839845687, 0.05411390839845687], "gamma": 0.07, "swap_ratio": 0.01}
{"acc": [0.9316441471518971, 0.9316441471518971], "network_size": 67392, "b_mse": [0.05465674151745976, 0.05465674151745976], "runtime": 338.87359460194904, "alpha_mse": [0.6363636363636361, 0.6363636363636361], "prob_mse": [0.11533153625482244, 0.11533153625482244], "adv_type": "random_pgd", "dataset": "enron", "sample_size": 1, "test_ratio": 0.3, "T": 10, "realization": 0, "beta_mse": [0.6935898704125035, 0.6935898704125035], "attack_edge": 10000, "u_mse": [0.04761904761904763, 0.04761904761904763], "d_mse": [0.05411390839845687, 0.05411390839845687], "gamma": 0.03, "swap_ratio": 0.01}
