{"acc": [0.9332763544600312, 0.9332763544600312], "network_size": 67392, "b_mse": [0.05439707191611442, 0.05439707191611442], "runtime": 372.07843438784283, "alpha_mse": [0.6380453061628251, 0.6380453061628251], "prob_mse": [0.11522128796122269, 0.11522128796122269], "adv_type": "random_pgd_csl", "dataset": "enron", "sample_size": 1, "test_ratio": 0.3, "T": 10, "realization": 0, "beta_mse": [0.6899792264318922, 0.6899792264318922], "attack_edge": 10000, "u_mse": [0.04761904761904763, 0.04761904761904763], "d_mse": [0.05371080225541602, 0.05371080225541602], "gamma": 0.2, "swap_ratio": 0.01}
{"acc": [0.9332763544600312, 0.9332763544600312], "network_size": 67392, "b_mse": [0.05439707191611442, 0.05439707191611442], "runtime": 368.7826069990794, "alpha_mse": [0.6380453061628251, 0.6380453061628251], "prob_mse": [0.11522128796122269, 0.11522128796122269], "adv_type": "random_pgd_csl", "dataset": "enron", "sample_size": 1, "test_ratio": 0.3, "T": 10, "realization": 0, "beta_mse": [0.6899792264318922, 0.6899792264318922], "attack_edge": 10000, "u_mse": [0.04761904761904763, 0.04761904761904763], "d_mse": [0.05371080225541602, 0.05371080225541602], "gamma": 0.4, "swap_ratio": 0.01}
{"acc": [0.543228268643517, 0.543228268643517], "network_size": 67392, "b_mse": [0.29871030764665163, 0.29871030764665163], "runtime": 375.5800536473592, "alpha_mse": [1.3985557424077555, 1.3985557424077555], "prob_mse": [0.3491982095162727, 0.3491982095162727], "adv_type": "random_pgd_csl", "dataset": "enron", "sample_size": 1, "test_ratio": 0.3, "T": 10, "realization": 0, "beta_mse": [1.8804036007518052, 1.8804036007518052], "attack_edge": 10000, "u_mse": [0.04761904761904763, 0.04761904761904763], "d_mse": [0.2778291621327529, 0.2778291621327529], "gamma": 0.5, "swap_ratio": 0.01}
{"acc": [0.9332763544600312, 0.9332763544600312], "network_size": 67392, "b_mse": [0.05439707191611442, 0.05439707191611442], "runtime": 878.0858753522238, "alpha_mse": [0.6380453061628251, 0.6380453061628251], "prob_mse": [0.11522128796122269, 0.11522128796122269], "adv_type": "random_pgd_csl", "dataset": "enron", "sample_size": 1, "test_ratio": 0.3, "T": 10, "realization": 0, "beta_mse": [0.6899792264318922, 0.6899792264318922], "attack_edge": 10000, "u_mse": [0.04761904761904763, 0.04761904761904763], "d_mse": [0.05371080225541602, 0.05371080225541602], "gamma": 0.0, "swap_ratio": 0.01}
{"acc": [0.9332763544600312, 0.9332763544600312], "network_size": 67392, "b_mse": [0.05439707191611442, 0.05439707191611442], "runtime": 379.344765663147, "alpha_mse": [0.6380453061628251, 0.6380453061628251], "prob_mse": [0.11522128796122269, 0.11522128796122269], "adv_type": "random_pgd_csl", "dataset": "enron", "sample_size": 1, "test_ratio": 0.3, "T": 10, "realization": 0, "beta_mse": [0.6899792264318922, 0.6899792264318922], "attack_edge": 10000, "u_mse": [0.04761904761904763, 0.04761904761904763], "d_mse": [0.05371080225541602, 0.05371080225541602], "gamma": 0.09, "swap_ratio": 0.01}
{"acc": [0.9332763544600312, 0.9332763544600312], "network_size": 67392, "b_mse": [0.05439707191611442, 0.05439707191611442], "runtime": 810.5261170864105, "alpha_mse": [0.6380453061628251, 0.6380453061628251], "prob_mse": [0.11522128796122269, 0.11522128796122269], "adv_type": "random_pgd_csl", "dataset": "enron", "sample_size": 1, "test_ratio": 0.3, "T": 10, "realization": 0, "beta_mse": [0.6899792264318922, 0.6899792264318922], "attack_edge": 10000, "u_mse": [0.04761904761904763, 0.04761904761904763], "d_mse": [0.05371080225541602, 0.05371080225541602], "gamma": 0.01, "swap_ratio": 0.01}
{"acc": [0.9332763544600312, 0.9332763544600312], "network_size": 67392, "b_mse": [0.05439707191611442, 0.05439707191611442], "runtime": 456.991672595342, "alpha_mse": [0.6380453061628251, 0.6380453061628251], "prob_mse": [0.11522128796122269, 0.11522128796122269], "adv_type": "random_pgd_csl", "dataset": "enron", "sample_size": 1, "test_ratio": 0.3, "T": 10, "realization": 0, "beta_mse": [0.6899792264318922, 0.6899792264318922], "attack_edge": 10000, "u_mse": [0.04761904761904763, 0.04761904761904763], "d_mse": [0.05371080225541602, 0.05371080225541602], "gamma": 0.07, "swap_ratio": 0.01}
{"acc": [0.9332763544600312, 0.9332763544600312], "network_size": 67392, "b_mse": [0.05439707191611442, 0.05439707191611442], "runtime": 813.8210889498392, "alpha_mse": [0.6380453061628251, 0.6380453061628251], "prob_mse": [0.11522128796122269, 0.11522128796122269], "adv_type": "random_pgd_csl", "dataset": "enron", "sample_size": 1, "test_ratio": 0.3, "T": 10, "realization": 0, "beta_mse": [0.6899792264318922, 0.6899792264318922], "attack_edge": 10000, "u_mse": [0.04761904761904763, 0.04761904761904763], "d_mse": [0.05371080225541602, 0.05371080225541602], "gamma": 0.03, "swap_ratio": 0.01}
{"acc": [0.9332763544600312, 0.9332763544600312], "network_size": 67392, "b_mse": [0.05439707191611442, 0.05439707191611442], "runtime": 383.26924896240234, "alpha_mse": [0.6380453061628251, 0.6380453061628251], "prob_mse": [0.11522128796122269, 0.11522128796122269], "adv_type": "random_pgd_csl", "dataset": "enron", "sample_size": 1, "test_ratio": 0.3, "T": 10, "realization": 0, "beta_mse": [0.6899792264318922, 0.6899792264318922], "attack_edge": 10000, "u_mse": [0.04761904761904763, 0.04761904761904763], "d_mse": [0.05371080225541602, 0.05371080225541602], "gamma": 0.3, "swap_ratio": 0.01}
{"acc": [0.9332763544600312, 0.9332763544600312], "network_size": 67392, "b_mse": [0.05439707191611442, 0.05439707191611442], "runtime": 718.53355828921, "alpha_mse": [0.6380453061628251, 0.6380453061628251], "prob_mse": [0.11522128796122269, 0.11522128796122269], "adv_type": "random_pgd_csl", "dataset": "enron", "sample_size": 1, "test_ratio": 0.3, "T": 10, "realization": 0, "beta_mse": [0.6899792264318922, 0.6899792264318922], "attack_edge": 10000, "u_mse": [0.04761904761904763, 0.04761904761904763], "d_mse": [0.05371080225541602, 0.05371080225541602], "gamma": 0.05, "swap_ratio": 0.01}
