{"acc": [0.6026801833216111, 0.0], "network_size": 67392, "b_mse": [0.20598636349207414, 0.20598636349207414], "runtime": 2786.549707174301, "alpha_mse": [59852.15831074165, 0.0], "prob_mse": [0.2546115725781288, 0.0], "adv_type": "random_pgd", "dataset": "enron", "sample_size": 1, "test_ratio": 0.3, "T": 10, "realization": 0, "beta_mse": [3577.0109250214823, 0.0], "attack_edge": 10000, "u_mse": [0.18944648118100765, 0.0], "d_mse": [0.3631204299225241, 0.3631204299225241], "gamma": 0.0, "swap_ratio": 0.01}
{"acc": [0.8272818010863576, 0.0], "network_size": 67392, "b_mse": [0.20409541676661183, 0.20409541676661183], "runtime": 3624.6530458927155, "alpha_mse": [56581.56642814832, 0.0], "prob_mse": [0.18235186407346896, 0.0], "adv_type": "random_pgd", "dataset": "enron", "sample_size": 1, "test_ratio": 0.3, "T": 10, "realization": 0, "beta_mse": [3976.69984759694, 0.0], "attack_edge": 10000, "u_mse": [0.13352650348673997, 0.0], "d_mse": [0.22545055155574772, 0.22545055155574772], "gamma": 0.01, "swap_ratio": 0.01}
{"acc": [0.8320795013557213, 0.0], "network_size": 67392, "b_mse": [0.20000121026934975, 0.20000121026934975], "runtime": 3833.3902049064636, "alpha_mse": [53535.4982781597, 0.0], "prob_mse": [0.16729118869009715, 0.0], "adv_type": "random_pgd", "dataset": "enron", "sample_size": 1, "test_ratio": 0.3, "T": 10, "realization": 0, "beta_mse": [4346.195569597886, 0.0], "attack_edge": 10000, "u_mse": [0.13255422679173312, 0.0], "d_mse": [0.21120367088800654, 0.21120367088800654], "gamma": 0.03, "swap_ratio": 0.01}
{"acc": [0.8320795013557213, 0.0], "network_size": 67392, "b_mse": [0.20000121026934975, 0.20000121026934975], "runtime": 3461.7672069072723, "alpha_mse": [53535.4982781597, 0.0], "prob_mse": [0.16729118869009715, 0.0], "adv_type": "random_pgd", "dataset": "enron", "sample_size": 1, "test_ratio": 0.3, "T": 10, "realization": 0, "beta_mse": [4346.195569597886, 0.0], "attack_edge": 10000, "u_mse": [0.13255422679173312, 0.0], "d_mse": [0.21120367088800654, 0.21120367088800654], "gamma": 0.05, "swap_ratio": 0.01}
{"acc": [0.8320795013557213, 0.0], "network_size": 67392, "b_mse": [0.20000121026934975, 0.20000121026934975], "runtime": 3438.8854451179504, "alpha_mse": [53535.4982781597, 0.0], "prob_mse": [0.16729118869009715, 0.0], "adv_type": "random_pgd", "dataset": "enron", "sample_size": 1, "test_ratio": 0.3, "T": 10, "realization": 0, "beta_mse": [4346.195569597886, 0.0], "attack_edge": 10000, "u_mse": [0.13255422679173312, 0.0], "d_mse": [0.21120367088800654, 0.21120367088800654], "gamma": 0.07, "swap_ratio": 0.01}
{"acc": [0.8320795013557213, 0.0], "network_size": 67392, "b_mse": [0.20000121026934975, 0.20000121026934975], "runtime": 2991.0856771469116, "alpha_mse": [53535.4982781597, 0.0], "prob_mse": [0.16729118869009715, 0.0], "adv_type": "random_pgd", "dataset": "enron", "sample_size": 1, "test_ratio": 0.3, "T": 10, "realization": 0, "beta_mse": [4346.195569597886, 0.0], "attack_edge": 10000, "u_mse": [0.13255422679173312, 0.0], "d_mse": [0.21120367088800654, 0.21120367088800654], "gamma": 0.09, "swap_ratio": 0.01}
{"acc": [0.8320795013557213, 0.0], "network_size": 67392, "b_mse": [0.20000121026934975, 0.20000121026934975], "runtime": 2596.874475955963, "alpha_mse": [53535.4982781597, 0.0], "prob_mse": [0.16729118869009715, 0.0], "adv_type": "random_pgd", "dataset": "enron", "sample_size": 1, "test_ratio": 0.3, "T": 10, "realization": 0, "beta_mse": [4346.195569597886, 0.0], "attack_edge": 10000, "u_mse": [0.13255422679173312, 0.0], "d_mse": [0.21120367088800654, 0.21120367088800654], "gamma": 0.2, "swap_ratio": 0.01}
{"acc": [0.8320795013557213, 0.0], "network_size": 67392, "b_mse": [0.20000121026934975, 0.20000121026934975], "runtime": 2548.6779220104218, "alpha_mse": [53535.4982781597, 0.0], "prob_mse": [0.16729118869009715, 0.0], "adv_type": "random_pgd", "dataset": "enron", "sample_size": 1, "test_ratio": 0.3, "T": 10, "realization": 0, "beta_mse": [4346.195569597886, 0.0], "attack_edge": 10000, "u_mse": [0.13255422679173312, 0.0], "d_mse": [0.21120367088800654, 0.21120367088800654], "gamma": 0.3, "swap_ratio": 0.01}
{"acc": [0.8320795013557213, 0.0], "network_size": 67392, "b_mse": [0.20000121026934975, 0.20000121026934975], "runtime": 2474.8043999671936, "alpha_mse": [53535.4982781597, 0.0], "prob_mse": [0.16729118869009715, 0.0], "adv_type": "random_pgd", "dataset": "enron", "sample_size": 1, "test_ratio": 0.3, "T": 10, "realization": 0, "beta_mse": [4346.195569597886, 0.0], "attack_edge": 10000, "u_mse": [0.13255422679173312, 0.0], "d_mse": [0.21120367088800654, 0.21120367088800654], "gamma": 0.4, "swap_ratio": 0.01}
{"acc": [0.8320795013557213, 0.0], "network_size": 67392, "b_mse": [0.20000121026934975, 0.20000121026934975], "runtime": 2870.5976870059967, "alpha_mse": [53535.4982781597, 0.0], "prob_mse": [0.16729118869009715, 0.0], "adv_type": "random_pgd", "dataset": "enron", "sample_size": 1, "test_ratio": 0.3, "T": 10, "realization": 0, "beta_mse": [4346.195569597886, 0.0], "attack_edge": 10000, "u_mse": [0.13255422679173312, 0.0], "d_mse": [0.21120367088800654, 0.21120367088800654], "gamma": 0.5, "swap_ratio": 0.01}
