{"acc": [0.6018393492537845, 0.0], "network_size": 67392, "b_mse": [0.2105554041055662, 0.2105554041055662], "runtime": 2445.2849028110504, "alpha_mse": [58452.59497969828, 0.0], "prob_mse": [0.25602275184295203, 0.0], "adv_type": "random_pgd_gcn_vae", "dataset": "enron", "sample_size": 1, "test_ratio": 0.3, "T": 10, "realization": 0, "beta_mse": [3545.884346011559, 0.0], "attack_edge": 10000, "u_mse": [0.18872298182976463, 0.0], "d_mse": [0.36162446618086874, 0.36162446618086874], "gamma": 0.0, "swap_ratio": 0.01}
{"acc": [0.8368277407975657, 0.0], "network_size": 67392, "b_mse": [0.18666721448664772, 0.18666721448664772], "runtime": 2620.323900938034, "alpha_mse": [36294.38813653834, 0.0], "prob_mse": [0.17721438401027237, 0.0], "adv_type": "random_pgd_gcn_vae", "dataset": "enron", "sample_size": 1, "test_ratio": 0.3, "T": 10, "realization": 0, "beta_mse": [6033.499834427013, 0.0], "attack_edge": 10000, "u_mse": [0.1309158726636646, 0.0], "d_mse": [0.19991877869152894, 0.19991877869152894], "gamma": 0.09, "swap_ratio": 0.01}
{"acc": [0.815312280826708, 0.0], "network_size": 67392, "b_mse": [0.20847932712243328, 0.20847932712243328], "runtime": 2516.586045026779, "alpha_mse": [55279.4547556984, 0.0], "prob_mse": [0.19266553727150146, 0.0], "adv_type": "random_pgd_gcn_vae", "dataset": "enron", "sample_size": 1, "test_ratio": 0.3, "T": 10, "realization": 0, "beta_mse": [3918.9797482341714, 0.0], "attack_edge": 10000, "u_mse": [0.1350734583903257, 0.0], "d_mse": [0.23889307068684365, 0.23889307068684365], "gamma": 0.01, "swap_ratio": 0.01}
{"acc": [0.8523089798110794, 0.0], "network_size": 67392, "b_mse": [0.21959375643551293, 0.21959375643551293], "runtime": 2658.9489068984985, "alpha_mse": [21421.91613642851, 0.0], "prob_mse": [0.22372794430737733, 0.0], "adv_type": "random_pgd_gcn_vae", "dataset": "enron", "sample_size": 1, "test_ratio": 0.3, "T": 10, "realization": 0, "beta_mse": [7520.680204489678, 0.0], "attack_edge": 10000, "u_mse": [0.1311911567143834, 0.0], "d_mse": [0.22962707948041186, 0.22962707948041186], "gamma": 0.2, "swap_ratio": 0.01}
{"acc": [0.8239184648150512, 0.0], "network_size": 67392, "b_mse": [0.20173558175497508, 0.20173558175497508], "runtime": 2516.2569439411163, "alpha_mse": [49564.396941786064, 0.0], "prob_mse": [0.16929947856888322, 0.0], "adv_type": "random_pgd_gcn_vae", "dataset": "enron", "sample_size": 1, "test_ratio": 0.3, "T": 10, "realization": 0, "beta_mse": [4579.976946911184, 0.0], "attack_edge": 10000, "u_mse": [0.13256878037031614, 0.0], "d_mse": [0.21559470769823966, 0.21559470769823966], "gamma": 0.03, "swap_ratio": 0.01}
{"acc": [0.8596786431114422, 0.0], "network_size": 67392, "b_mse": [0.2750497346583214, 0.2750497346583214], "runtime": 2539.4310228824615, "alpha_mse": [13999.683005523215, 0.0], "prob_mse": [0.2768430986794931, 0.0], "adv_type": "random_pgd_gcn_vae", "dataset": "enron", "sample_size": 1, "test_ratio": 0.3, "T": 10, "realization": 0, "beta_mse": [8246.984104241947, 0.0], "attack_edge": 10000, "u_mse": [0.13203887697273717, 0.0], "d_mse": [0.28035159626204226, 0.28035159626204226], "gamma": 0.3, "swap_ratio": 0.01}
{"acc": [0.8289140083944916, 0.0], "network_size": 67392, "b_mse": [0.19574483342724663, 0.19574483342724663], "runtime": 2542.359522819519, "alpha_mse": [44568.82812869992, 0.0], "prob_mse": [0.1679564985839545, 0.0], "adv_type": "random_pgd_gcn_vae", "dataset": "enron", "sample_size": 1, "test_ratio": 0.3, "T": 10, "realization": 0, "beta_mse": [5141.287530394592, 0.0], "attack_edge": 10000, "u_mse": [0.13184147044170097, 0.0], "d_mse": [0.20762959974678796, 0.20762959974678796], "gamma": 0.05, "swap_ratio": 0.01}
{"acc": [0.8634871268304215, 0.0], "network_size": 67392, "b_mse": [0.3348717231221344, 0.3348717231221344], "runtime": 2544.7651619911194, "alpha_mse": [10203.459331510228, 0.0], "prob_mse": [0.33509557041979154, 0.0], "adv_type": "random_pgd_gcn_vae", "dataset": "enron", "sample_size": 1, "test_ratio": 0.3, "T": 10, "realization": 0, "beta_mse": [8691.43610044376, 0.0], "attack_edge": 10000, "u_mse": [0.13254769459834004, 0.0], "d_mse": [0.3368074556928351, 0.3368074556928351], "gamma": 0.4, "swap_ratio": 0.01}
{"acc": [0.8336622478363361, 0.0], "network_size": 67392, "b_mse": [0.19064278242675328, 0.19064278242675328], "runtime": 2748.1739008426666, "alpha_mse": [40176.035348490324, 0.0], "prob_mse": [0.1716146848880736, 0.0], "adv_type": "random_pgd_gcn_vae", "dataset": "enron", "sample_size": 1, "test_ratio": 0.3, "T": 10, "realization": 0, "beta_mse": [5620.957079894283, 0.0], "attack_edge": 10000, "u_mse": [0.13123510604056046, 0.0], "d_mse": [0.20279403984057404, 0.20279403984057404], "gamma": 0.07, "swap_ratio": 0.01}
{"acc": [0.5050445097986845, 0.0], "network_size": 67392, "b_mse": [0.39762498837263155, 0.39762498837263155], "runtime": 2368.27770113945, "alpha_mse": [9213.366658439074, 0.0], "prob_mse": [0.39633387466061615, 0.0], "adv_type": "random_pgd_gcn_vae", "dataset": "enron", "sample_size": 1, "test_ratio": 0.3, "T": 10, "realization": 0, "beta_mse": [8954.326405936552, 0.0], "attack_edge": 10000, "u_mse": [0.13281796216715522, 0.0], "d_mse": [0.39667512761844437, 0.39667512761844437], "gamma": 0.5, "swap_ratio": 0.01}
