{"acc": [0.6076682535622644, 0.0], "network_size": 8078, "b_mse": [0.38699361647638564, 0.38699361647638564], "runtime": 752.2350859642029, "alpha_mse": [274341.56167445093, 0.0], "prob_mse": [0.32570024287405996, 0.0], "adv_type": "random_noise", "dataset": "facebook", "sample_size": 1, "test_ratio": 0.3, "T": 10, "realization": 0, "beta_mse": [22697.457653318965, 0.0], "attack_edge": 10000, "u_mse": [0.1453040527861715, 0.0], "d_mse": [0.32535882984383396, 0.32535882984383396], "gamma": 0.0, "swap_ratio": 0.01}
{"acc": [0.6138563213174809, 0.0], "network_size": 8078, "b_mse": [0.3859387907393571, 0.3859387907393571], "runtime": 756.7933211326599, "alpha_mse": [270586.125254996, 0.0], "prob_mse": [0.3232189468329659, 0.0], "adv_type": "random_noise", "dataset": "facebook", "sample_size": 1, "test_ratio": 0.3, "T": 10, "realization": 0, "beta_mse": [23092.831747948134, 0.0], "attack_edge": 10000, "u_mse": [0.14256698288466002, 0.0], "d_mse": [0.31993620657883964, 0.31993620657883964], "gamma": 0.01, "swap_ratio": 0.01}
{"acc": [0.5990049587049612, 0.0], "network_size": 8078, "b_mse": [0.3952935642362958, 0.3952935642362958], "runtime": 870.2188789844513, "alpha_mse": [272557.49899953423, 0.0], "prob_mse": [0.3331004980157998, 0.0], "adv_type": "random_noise", "dataset": "facebook", "sample_size": 1, "test_ratio": 0.3, "T": 10, "realization": 0, "beta_mse": [23571.969899380205, 0.0], "attack_edge": 10000, "u_mse": [0.14205583885147866, 0.0], "d_mse": [0.3276654165047896, 0.3276654165047896], "gamma": 0.03, "swap_ratio": 0.01}
{"acc": [0.6027177993580911, 0.0], "network_size": 8078, "b_mse": [0.38913483457565645, 0.38913483457565645], "runtime": 868.3632869720459, "alpha_mse": [264433.5602530309, 0.0], "prob_mse": [0.3294524596531361, 0.0], "adv_type": "random_noise", "dataset": "facebook", "sample_size": 1, "test_ratio": 0.3, "T": 10, "realization": 0, "beta_mse": [24425.630660585342, 0.0], "attack_edge": 10000, "u_mse": [0.14192240729616912, 0.0], "d_mse": [0.3249341446387296, 0.3249341446387296], "gamma": 0.05, "swap_ratio": 0.01}
{"acc": [0.6047804886098299, 0.0], "network_size": 8078, "b_mse": [0.3830624998392802, 0.3830624998392802], "runtime": 864.9273850917816, "alpha_mse": [256749.9965296392, 0.0], "prob_mse": [0.32638303313280775, 0.0], "adv_type": "random_noise", "dataset": "facebook", "sample_size": 1, "test_ratio": 0.3, "T": 10, "realization": 0, "beta_mse": [25250.916830669466, 0.0], "attack_edge": 10000, "u_mse": [0.14184161377203774, 0.0], "d_mse": [0.3224222771680189, 0.3224222771680189], "gamma": 0.07, "swap_ratio": 0.01}
{"acc": [0.6138563213174809, 0.0], "network_size": 8078, "b_mse": [0.37159676415360715, 0.37159676415360715], "runtime": 902.7878630161285, "alpha_mse": [258058.9470866483, 0.0], "prob_mse": [0.3167008116464109, 0.0], "adv_type": "random_noise", "dataset": "facebook", "sample_size": 1, "test_ratio": 0.3, "T": 10, "realization": 0, "beta_mse": [28078.92762728492, 0.0], "attack_edge": 10000, "u_mse": [0.1418750698766408, 0.0], "d_mse": [0.31429181339826184, 0.31429181339826184], "gamma": 0.09, "swap_ratio": 0.01}
{"acc": [0.6200443890726974, 0.0], "network_size": 8078, "b_mse": [0.3649979827318836, 0.3649979827318836], "runtime": 891.3196430206299, "alpha_mse": [251275.79353031967, 0.0], "prob_mse": [0.3139411546210802, 0.0], "adv_type": "random_noise", "dataset": "facebook", "sample_size": 1, "test_ratio": 0.3, "T": 10, "realization": 0, "beta_mse": [28711.11294826079, 0.0], "attack_edge": 10000, "u_mse": [0.14196494691827713, 0.0], "d_mse": [0.31149994438678436, 0.31149994438678436], "gamma": 0.11, "swap_ratio": 0.01}
{"acc": [0.6245823054265229, 0.0], "network_size": 8078, "b_mse": [0.3584826399246438, 0.3584826399246438], "runtime": 901.6019020080566, "alpha_mse": [244810.3223515054, 0.0], "prob_mse": [0.3112825729015021, 0.0], "adv_type": "random_noise", "dataset": "facebook", "sample_size": 1, "test_ratio": 0.3, "T": 10, "realization": 0, "beta_mse": [29328.25919570984, 0.0], "attack_edge": 10000, "u_mse": [0.1420282943537893, 0.0], "d_mse": [0.3088205544832304, 0.3088205544832304], "gamma": 0.13, "swap_ratio": 0.01}
{"acc": [0.6221070783244362, 0.0], "network_size": 8078, "b_mse": [0.36146100934281933, 0.36146100934281933], "runtime": 883.447240114212, "alpha_mse": [248357.74857679472, 0.0], "prob_mse": [0.3190803313095748, 0.0], "adv_type": "random_noise", "dataset": "facebook", "sample_size": 1, "test_ratio": 0.3, "T": 10, "realization": 0, "beta_mse": [28744.923976090304, 0.0], "attack_edge": 10000, "u_mse": [0.14214233980631433, 0.0], "d_mse": [0.31654109399517316, 0.31654109399517316], "gamma": 0.15, "swap_ratio": 0.01}
{"acc": [0.6563477199033011, 0.0], "network_size": 8078, "b_mse": [0.33343018728938717, 0.33343018728938717], "runtime": 859.9355199337006, "alpha_mse": [227273.52724320488, 0.0], "prob_mse": [0.29841990667194546, 0.0], "adv_type": "random_noise", "dataset": "facebook", "sample_size": 1, "test_ratio": 0.3, "T": 10, "realization": 0, "beta_mse": [31030.2150332015, 0.0], "attack_edge": 10000, "u_mse": [0.14244408524705984, 0.0], "d_mse": [0.2943610838461084, 0.2943610838461084], "gamma": 0.2, "swap_ratio": 0.01}
{"acc": [0.6402587437397381, 0.0], "network_size": 8078, "b_mse": [0.3400967065107416, 0.3400967065107416], "runtime": 876.3952579498291, "alpha_mse": [218107.63327576435, 0.0], "prob_mse": [0.31351422597848044, 0.0], "adv_type": "random_noise", "dataset": "facebook", "sample_size": 1, "test_ratio": 0.3, "T": 10, "realization": 0, "beta_mse": [31894.710159863494, 0.0], "attack_edge": 10000, "u_mse": [0.14221442338496695, 0.0], "d_mse": [0.31119517085660037, 0.31119517085660037], "gamma": 0.25, "swap_ratio": 0.01}
{"acc": [0.6407705311275735, 0.0], "network_size": 164336, "b_mse": [0.17121136244254515, 0.17121136244254515], "runtime": 9105.640771865845, "alpha_mse": [101393.75915465358, 0.0], "prob_mse": [0.21936331215641844, 0.0], "adv_type": "random_noise", "dataset": "slashdot", "sample_size": 1, "test_ratio": 0.3, "T": 10, "realization": 0, "beta_mse": [5831.051564670562, 0.0], "attack_edge": 10000, "u_mse": [0.21200572367191317, 0.0], "d_mse": [0.3326925244343225, 0.3326925244343225], "gamma": 0.0, "swap_ratio": 0.01}
{"acc": [0.7881538384771446, 0.0], "network_size": 164336, "b_mse": [0.1709681193143372, 0.1709681193143372], "runtime": 8765.267575025558, "alpha_mse": [100564.91625145361, 0.0], "prob_mse": [0.18776171572136124, 0.0], "adv_type": "random_noise", "dataset": "slashdot", "sample_size": 1, "test_ratio": 0.3, "T": 10, "realization": 0, "beta_mse": [6221.198508498222, 0.0], "attack_edge": 10000, "u_mse": [0.1873930359143515, 0.0], "d_mse": [0.2708857530822076, 0.2708857530822076], "gamma": 0.01, "swap_ratio": 0.01}
{"acc": [0.7825148955314825, 0.0], "network_size": 164336, "b_mse": [0.17133303473401884, 0.17133303473401884], "runtime": 8860.142444133759, "alpha_mse": [97097.24719780812, 0.0], "prob_mse": [0.17940356473338903, 0.0], "adv_type": "random_noise", "dataset": "slashdot", "sample_size": 1, "test_ratio": 0.3, "T": 10, "realization": 0, "beta_mse": [6331.483564411157, 0.0], "attack_edge": 10000, "u_mse": [0.18225059375752703, 0.0], "d_mse": [0.2587545419633519, 0.2587545419633519], "gamma": 0.03, "swap_ratio": 0.01}
