{"acc": [0.5994005994005994, 0.0], "network_size": 8078, "perturbation": 0.0, "runtime": 838.4279670715332, "alpha_mse": [234514.67642310803, 0.0], "prob_mse": [0.27718296898781314, 0.0], "adv_type": "structure", "dataset": "facebook", "sample_size": 1, "test_ratio": 0.3, "b_mse": [0.3428290511500284, 0.3428290511500284], "T": 10, "realization": 0, "beta_mse": [20008.70729392964, 0.0], "attack_edge": 10000, "u_mse": [0.1425556655992033, 0.0], "d_mse": [0.28948610573412775, 0.28948610573412775], "swap_ratio": 0.01}
{"acc": [0.5994005994005994, 0.0], "network_size": 8078, "perturbation": 5, "runtime": 685.5360240936279, "alpha_mse": [227404.98420143494, 0.0], "prob_mse": [0.27277268811414535, 0.0], "adv_type": "structure", "dataset": "facebook", "sample_size": 1, "test_ratio": 0.3, "b_mse": [0.3382989790361691, 0.3382989790361691], "T": 10, "realization": 0, "beta_mse": [19291.088679338845, 0.0], "attack_edge": 10000, "u_mse": [0.14247356957469262, 0.0], "d_mse": [0.2845399111017326, 0.2845399111017326], "swap_ratio": 0.01}
{"acc": [0.5994005994005994, 0.0], "network_size": 8078, "perturbation": 10, "runtime": 685.4216010570526, "alpha_mse": [234367.72752129362, 0.0], "prob_mse": [0.272278480279596, 0.0], "adv_type": "structure", "dataset": "facebook", "sample_size": 1, "test_ratio": 0.3, "b_mse": [0.33788370921049654, 0.33788370921049654], "T": 10, "realization": 0, "beta_mse": [19947.84393049799, 0.0], "attack_edge": 10000, "u_mse": [0.14247417596869644, 0.0], "d_mse": [0.2846224702572254, 0.2846224702572254], "swap_ratio": 0.01}
{"acc": [0.5994005994005994, 0.0], "network_size": 8078, "perturbation": 20, "runtime": 673.5876040458679, "alpha_mse": [234366.95916736647, 0.0], "prob_mse": [0.2724350384345745, 0.0], "adv_type": "structure", "dataset": "facebook", "sample_size": 1, "test_ratio": 0.3, "b_mse": [0.3380402453180352, 0.3380402453180352], "T": 10, "realization": 0, "beta_mse": [19945.541811936688, 0.0], "attack_edge": 10000, "u_mse": [0.14247413188875901, 0.0], "d_mse": [0.28477905045964375, 0.28477905045964375], "swap_ratio": 0.01}
{"acc": [0.6493506493506493, 0.0], "network_size": 8078, "perturbation": 30, "runtime": 670.9739420413971, "alpha_mse": [217139.96875671452, 0.0], "prob_mse": [0.2140698846828884, 0.0], "adv_type": "structure", "dataset": "facebook", "sample_size": 1, "test_ratio": 0.3, "b_mse": [0.2463401100345548, 0.2463401100345548], "T": 10, "realization": 0, "beta_mse": [18383.878831149173, 0.0], "attack_edge": 10000, "u_mse": [0.15139939353661003, 0.0], "d_mse": [0.25766969625009123, 0.25766969625009123], "swap_ratio": 0.01}
{"acc": [0.5994005994005994, 0.0], "network_size": 8078, "perturbation": 40, "runtime": 817.2474551200867, "alpha_mse": [183828.94118763745, 0.0], "prob_mse": [0.2511936095660906, 0.0], "adv_type": "structure", "dataset": "facebook", "sample_size": 1, "test_ratio": 0.3, "b_mse": [0.25552463488314536, 0.25552463488314536], "T": 10, "realization": 0, "beta_mse": [14844.543400290044, 0.0], "attack_edge": 10000, "u_mse": [0.1568930680433413, 0.0], "d_mse": [0.3104899910571924, 0.3104899910571924], "swap_ratio": 0.01}
{"acc": [0.5994005994005994, 0.0], "network_size": 8078, "perturbation": 50, "runtime": 684.7316858768463, "alpha_mse": [162002.8414709575, 0.0], "prob_mse": [0.22850735279414294, 0.0], "adv_type": "structure", "dataset": "facebook", "sample_size": 1, "test_ratio": 0.3, "b_mse": [0.22474646480634225, 0.22474646480634225], "T": 10, "realization": 0, "beta_mse": [12600.70160585138, 0.0], "attack_edge": 10000, "u_mse": [0.15506615771861681, 0.0], "d_mse": [0.2961116787242587, 0.2961116787242587], "swap_ratio": 0.01}
{"acc": [0.5994005994005994, 0.0], "network_size": 8078, "perturbation": 70, "runtime": 673.2082588672638, "alpha_mse": [76477.3494273265, 0.0], "prob_mse": [0.22179556246598953, 0.0], "adv_type": "structure", "dataset": "facebook", "sample_size": 1, "test_ratio": 0.3, "b_mse": [0.16693255855318118, 0.16693255855318118], "T": 10, "realization": 0, "beta_mse": [5926.567428913489, 0.0], "attack_edge": 10000, "u_mse": [0.17657895086237177, 0.0], "d_mse": [0.33866365619216315, 0.33866365619216315], "swap_ratio": 0.01}
{"acc": [0.5994005994005994, 0.0], "network_size": 8078, "perturbation": 80, "runtime": 671.0516121387482, "alpha_mse": [76141.42755282216, 0.0], "prob_mse": [0.21889816341836385, 0.0], "adv_type": "structure", "dataset": "facebook", "sample_size": 1, "test_ratio": 0.3, "b_mse": [0.155705976683045, 0.155705976683045], "T": 10, "realization": 0, "beta_mse": [5661.253806243704, 0.0], "attack_edge": 10000, "u_mse": [0.17480153622039268, 0.0], "d_mse": [0.344095439967048, 0.344095439967048], "swap_ratio": 0.01}
{"acc": [0.5994005994005994, 0.0], "network_size": 8078, "perturbation": 90, "runtime": 660.2750909328461, "alpha_mse": [76141.42755282216, 0.0], "prob_mse": [0.21889816341836385, 0.0], "adv_type": "structure", "dataset": "facebook", "sample_size": 1, "test_ratio": 0.3, "b_mse": [0.155705976683045, 0.155705976683045], "T": 10, "realization": 0, "beta_mse": [5661.253806243704, 0.0], "attack_edge": 10000, "u_mse": [0.17480153622039268, 0.0], "d_mse": [0.344095439967048, 0.344095439967048], "swap_ratio": 0.01}
{"acc": [0.5994005994005994, 0.0], "network_size": 8078, "perturbation": 100, "runtime": 679.1366391181946, "alpha_mse": [4137.877065246437, 0.0], "prob_mse": [0.21885997886923358, 0.0], "adv_type": "structure", "dataset": "facebook", "sample_size": 1, "test_ratio": 0.3, "b_mse": [0.15566527719572132, 0.15566527719572132], "T": 10, "realization": 0, "beta_mse": [346.7401305443706, 0.0], "attack_edge": 10000, "u_mse": [0.17479650686279383, 0.0], "d_mse": [0.34413110957798476, 0.34413110957798476], "swap_ratio": 0.01}
{"acc": [0.5994005994005994, 0.0], "network_size": 8078, "perturbation": 60, "runtime": 667.734452009201, "alpha_mse": [76516.02898806924, 0.0], "prob_mse": [0.22611826889969233, 0.0], "adv_type": "structure", "dataset": "facebook", "sample_size": 1, "test_ratio": 0.3, "b_mse": [0.19621740926909206, 0.19621740926909206], "T": 10, "realization": 0, "beta_mse": [5952.82808998708, 0.0], "attack_edge": 10000, "u_mse": [0.1657890681835962, 0.0], "d_mse": [0.318024218343658, 0.318024218343658], "swap_ratio": 0.01}
