{"acc": [0.6033726349068801, 0.0], "network_size": 67392, "b_mse": [0.20653775728544344, 0.20653775728544344], "runtime": 6572.378057956696, "alpha_mse": [60028.87067933544, 0.0], "prob_mse": [0.254694115164546, 0.0], "adv_type": "random_pgd_gcn_vae", "dataset": "enron", "sample_size": 1, "test_ratio": 0.3, "T": 10, "realization": 0, "beta_mse": [3586.5375550243934, 0.0], "attack_edge": 10000, "u_mse": [0.18902649705747573, 0.0], "d_mse": [0.3626522331430616, 0.3626522331430616], "gamma": 0.0, "swap_ratio": 0.01}
{"acc": [0.6033726349068801, 0.0], "network_size": 67392, "b_mse": [0.20653775728544344, 0.20653775728544344], "runtime": 5320.0763120651245, "alpha_mse": [60028.87067933544, 0.0], "prob_mse": [0.254694115164546, 0.0], "adv_type": "random_pgd_gcn_vae", "dataset": "enron", "sample_size": 1, "test_ratio": 0.3, "T": 10, "realization": 0, "beta_mse": [3586.5375550243934, 0.0], "attack_edge": 10000, "u_mse": [0.18902649705747573, 0.0], "d_mse": [0.3626522331430616, 0.3626522331430616], "gamma": 0.01, "swap_ratio": 0.01}
{"acc": [0.6033726349068801, 0.0], "network_size": 67392, "b_mse": [0.20653775728544344, 0.20653775728544344], "runtime": 3949.3612580299377, "alpha_mse": [60028.87067933544, 0.0], "prob_mse": [0.254694115164546, 0.0], "adv_type": "random_pgd_gcn_vae", "dataset": "enron", "sample_size": 1, "test_ratio": 0.3, "T": 10, "realization": 0, "beta_mse": [3586.5375550243934, 0.0], "attack_edge": 10000, "u_mse": [0.18902649705747573, 0.0], "d_mse": [0.3626522331430616, 0.3626522331430616], "gamma": 0.03, "swap_ratio": 0.01}
{"acc": [0.6033726349068801, 0.0], "network_size": 67392, "b_mse": [0.20653775728544344, 0.20653775728544344], "runtime": 3501.004531145096, "alpha_mse": [60028.87067933544, 0.0], "prob_mse": [0.254694115164546, 0.0], "adv_type": "random_pgd_gcn_vae", "dataset": "enron", "sample_size": 1, "test_ratio": 0.3, "T": 10, "realization": 0, "beta_mse": [3586.5375550243934, 0.0], "attack_edge": 10000, "u_mse": [0.18902649705747573, 0.0], "d_mse": [0.3626522331430616, 0.3626522331430616], "gamma": 0.05, "swap_ratio": 0.01}
{"acc": [0.6033726349068801, 0.0], "network_size": 67392, "b_mse": [0.20653775728544344, 0.20653775728544344], "runtime": 3116.1993539333344, "alpha_mse": [60028.87067933544, 0.0], "prob_mse": [0.254694115164546, 0.0], "adv_type": "random_pgd_gcn_vae", "dataset": "enron", "sample_size": 1, "test_ratio": 0.3, "T": 10, "realization": 0, "beta_mse": [3586.5375550243934, 0.0], "attack_edge": 10000, "u_mse": [0.18902649705747573, 0.0], "d_mse": [0.3626522331430616, 0.3626522331430616], "gamma": 0.07, "swap_ratio": 0.01}
{"acc": [0.6033726349068801, 0.0], "network_size": 67392, "b_mse": [0.20653775728544344, 0.20653775728544344], "runtime": 3394.8132100105286, "alpha_mse": [60028.87067933544, 0.0], "prob_mse": [0.254694115164546, 0.0], "adv_type": "random_pgd_gcn_vae", "dataset": "enron", "sample_size": 1, "test_ratio": 0.3, "T": 10, "realization": 0, "beta_mse": [3586.5375550243934, 0.0], "attack_edge": 10000, "u_mse": [0.18902649705747573, 0.0], "d_mse": [0.3626522331430616, 0.3626522331430616], "gamma": 0.09, "swap_ratio": 0.01}
{"acc": [0.6033726349068801, 0.0], "network_size": 67392, "b_mse": [0.20653775728544344, 0.20653775728544344], "runtime": 3273.67963886261, "alpha_mse": [60028.87067933544, 0.0], "prob_mse": [0.254694115164546, 0.0], "adv_type": "random_pgd_gcn_vae", "dataset": "enron", "sample_size": 1, "test_ratio": 0.3, "T": 10, "realization": 0, "beta_mse": [3586.5375550243934, 0.0], "attack_edge": 10000, "u_mse": [0.18902649705747573, 0.0], "d_mse": [0.3626522331430616, 0.3626522331430616], "gamma": 0.2, "swap_ratio": 0.01}
{"acc": [0.6033726349068801, 0.0], "network_size": 67392, "b_mse": [0.20653775728544344, 0.20653775728544344], "runtime": 3213.028156042099, "alpha_mse": [60028.87067933544, 0.0], "prob_mse": [0.254694115164546, 0.0], "adv_type": "random_pgd_gcn_vae", "dataset": "enron", "sample_size": 1, "test_ratio": 0.3, "T": 10, "realization": 0, "beta_mse": [3586.5375550243934, 0.0], "attack_edge": 10000, "u_mse": [0.18902649705747573, 0.0], "d_mse": [0.3626522331430616, 0.3626522331430616], "gamma": 0.3, "swap_ratio": 0.01}
{"acc": [0.6033726349068801, 0.0], "network_size": 67392, "b_mse": [0.20653775728544344, 0.20653775728544344], "runtime": 3407.554018974304, "alpha_mse": [60028.87067933544, 0.0], "prob_mse": [0.254694115164546, 0.0], "adv_type": "random_pgd_gcn_vae", "dataset": "enron", "sample_size": 1, "test_ratio": 0.3, "T": 10, "realization": 0, "beta_mse": [3586.5375550243934, 0.0], "attack_edge": 10000, "u_mse": [0.18902649705747573, 0.0], "d_mse": [0.3626522331430616, 0.3626522331430616], "gamma": 0.4, "swap_ratio": 0.01}
{"acc": [0.6033726349068801, 0.0], "network_size": 67392, "b_mse": [0.20653775728544344, 0.20653775728544344], "runtime": 3337.4979820251465, "alpha_mse": [60028.87067933544, 0.0], "prob_mse": [0.254694115164546, 0.0], "adv_type": "random_pgd_gcn_vae", "dataset": "enron", "sample_size": 1, "test_ratio": 0.3, "T": 10, "realization": 0, "beta_mse": [3586.5375550243934, 0.0], "attack_edge": 10000, "u_mse": [0.18902649705747573, 0.0], "d_mse": [0.3626522331430616, 0.3626522331430616], "gamma": 0.5, "swap_ratio": 0.01}
