{"acc": [0.6224150535017771, 0.0], "network_size": 67392, "b_mse": [0.2059759178890079, 0.2059759178890079], "runtime": 2936.017848968506, "alpha_mse": [63797.52659615153, 0.0], "prob_mse": [0.2448141766046726, 0.0], "adv_type": "random_pgd_csl", "dataset": "enron", "sample_size": 1, "test_ratio": 0.3, "T": 10, "realization": 0, "beta_mse": [3703.5917111385947, 0.0], "attack_edge": 10000, "u_mse": [0.18659222399458084, 0.0], "d_mse": [0.3451807417680051, 0.3451807417680051], "gamma": 0.0, "swap_ratio": 0.01}
{"acc": [0.7368674083812361, 0.0], "network_size": 67392, "b_mse": [0.20505107986498286, 0.20505107986498286], "runtime": 3292.208522081375, "alpha_mse": [63405.41979342022, 0.0], "prob_mse": [0.23658299203924427, 0.0], "adv_type": "random_pgd_csl", "dataset": "enron", "sample_size": 1, "test_ratio": 0.3, "T": 10, "realization": 0, "beta_mse": [3875.8944148307432, 0.0], "attack_edge": 10000, "u_mse": [0.1811701037575605, 0.0], "d_mse": [0.3303046643874306, 0.3303046643874306], "gamma": 0.01, "swap_ratio": 0.01}
{"acc": [0.7378071641041012, 0.0], "network_size": 67392, "b_mse": [0.20257849868207678, 0.20257849868207678], "runtime": 3069.9546270370483, "alpha_mse": [62637.872729016526, 0.0], "prob_mse": [0.22762306319485892, 0.0], "adv_type": "random_pgd_csl", "dataset": "enron", "sample_size": 1, "test_ratio": 0.3, "T": 10, "realization": 0, "beta_mse": [4217.566056904319, 0.0], "attack_edge": 10000, "u_mse": [0.17504195415869683, 0.0], "d_mse": [0.3178066890933314, 0.3178066890933314], "gamma": 0.03, "swap_ratio": 0.01}
{"acc": [0.738697458999447, 0.0], "network_size": 67392, "b_mse": [0.20003887183220026, 0.20003887183220026], "runtime": 3566.2828619480133, "alpha_mse": [61890.91894997648, 0.0], "prob_mse": [0.22123328336265663, 0.0], "adv_type": "random_pgd_csl", "dataset": "enron", "sample_size": 1, "test_ratio": 0.3, "T": 10, "realization": 0, "beta_mse": [4555.52973791447, 0.0], "attack_edge": 10000, "u_mse": [0.1712165741094385, 0.0], "d_mse": [0.31064073745765564, 0.31064073745765564], "gamma": 0.05, "swap_ratio": 0.01}
{"acc": [0.7390436847920815, 0.0], "network_size": 67392, "b_mse": [0.19755890172239696, 0.19755890172239696], "runtime": 4066.9690771102905, "alpha_mse": [61162.89660169449, 0.0], "prob_mse": [0.2161154349691256, 0.0], "adv_type": "random_pgd_csl", "dataset": "enron", "sample_size": 1, "test_ratio": 0.3, "T": 10, "realization": 0, "beta_mse": [4889.962412694489, 0.0], "attack_edge": 10000, "u_mse": [0.16838511191741848, 0.0], "d_mse": [0.3056721081230548, 0.3056721081230548], "gamma": 0.07, "swap_ratio": 0.01}
{"acc": [0.7398350580323889, 0.0], "network_size": 67392, "b_mse": [0.1951733233175201, 0.1951733233175201], "runtime": 3836.6296470165253, "alpha_mse": [60452.39685794998, 0.0], "prob_mse": [0.2120738297933332, 0.0], "adv_type": "random_pgd_csl", "dataset": "enron", "sample_size": 1, "test_ratio": 0.3, "T": 10, "realization": 0, "beta_mse": [5221.039343548534, 0.0], "attack_edge": 10000, "u_mse": [0.16616017163787286, 0.0], "d_mse": [0.30200432078974304, 0.30200432078974304], "gamma": 0.09, "swap_ratio": 0.01}
{"acc": [0.7429016293385802, 0.0], "network_size": 67392, "b_mse": [0.1849746170820104, 0.1849746170820104], "runtime": 7278.553117990494, "alpha_mse": [56810.19004554507, 0.0], "prob_mse": [0.2098272026141249, 0.0], "adv_type": "random_pgd_csl", "dataset": "enron", "sample_size": 1, "test_ratio": 0.3, "T": 10, "realization": 0, "beta_mse": [6988.503682729904, 0.0], "attack_edge": 10000, "u_mse": [0.15887102851804513, 0.0], "d_mse": [0.293374200053938, 0.293374200053938], "gamma": 0.2, "swap_ratio": 0.01}
{"acc": [0.7441381500265605, 0.0], "network_size": 67392, "b_mse": [0.17950663264600314, 0.17950663264600314], "runtime": 6836.2112419605255, "alpha_mse": [53812.24595815972, 0.0], "prob_mse": [0.21714082166039503, 0.0], "adv_type": "random_pgd_csl", "dataset": "enron", "sample_size": 1, "test_ratio": 0.3, "T": 10, "realization": 0, "beta_mse": [8528.542468281294, 0.0], "attack_edge": 10000, "u_mse": [0.1555076090087934, 0.0], "d_mse": [0.29373488068639353, 0.29373488068639353], "gamma": 0.3, "swap_ratio": 0.01}
{"acc": [0.7449789840943871, 0.0], "network_size": 67392, "b_mse": [0.17833536938759856, 0.17833536938759856], "runtime": 4974.6702580451965, "alpha_mse": [51044.67183009134, 0.0], "prob_mse": [0.22739266326533555, 0.0], "adv_type": "random_pgd_csl", "dataset": "enron", "sample_size": 1, "test_ratio": 0.3, "T": 10, "realization": 0, "beta_mse": [10016.557115461737, 0.0], "attack_edge": 10000, "u_mse": [0.15372560758756854, 0.0], "d_mse": [0.29788882775433473, 0.29788882775433473], "gamma": 0.4, "swap_ratio": 0.01}
{"acc": [0.7359276526583711, 0.0], "network_size": 67392, "b_mse": [0.18866852571627238, 0.18866852571627238], "runtime": 4879.228070020676, "alpha_mse": [48463.48982458978, 0.0], "prob_mse": [0.23941714354569432, 0.0], "adv_type": "random_pgd_csl", "dataset": "enron", "sample_size": 1, "test_ratio": 0.3, "T": 10, "realization": 0, "beta_mse": [11460.788369150585, 0.0], "attack_edge": 10000, "u_mse": [0.1528568491309968, 0.0], "d_mse": [0.3046155233162488, 0.3046155233162488], "gamma": 0.5, "swap_ratio": 0.01}
