{"acc": [0.5994005994005994, 0.0], "network_size": 8078, "perturbation": 0.0, "runtime": 838.4279670715332, "alpha_mse": [234514.67642310803, 0.0], "prob_mse": [0.27718296898781314, 0.0], "adv_type": "structure", "dataset": "facebook", "sample_size": 1, "test_ratio": 0.3, "b_mse": [0.3428290511500284, 0.3428290511500284], "T": 10, "realization": 0, "beta_mse": [20008.70729392964, 0.0], "attack_edge": 10000, "u_mse": [0.1425556655992033, 0.0], "d_mse": [0.28948610573412775, 0.28948610573412775], "swap_ratio": 0.01}
{"acc": [0.5994005994005994, 0.0], "network_size": 8078, "perturbation": 5, "runtime": 685.5360240936279, "alpha_mse": [227404.98420143494, 0.0], "prob_mse": [0.27277268811414535, 0.0], "adv_type": "structure", "dataset": "facebook", "sample_size": 1, "test_ratio": 0.3, "b_mse": [0.3382989790361691, 0.3382989790361691], "T": 10, "realization": 0, "beta_mse": [19291.088679338845, 0.0], "attack_edge": 10000, "u_mse": [0.14247356957469262, 0.0], "d_mse": [0.2845399111017326, 0.2845399111017326], "swap_ratio": 0.01}
{"acc": [0.5994005994005994, 0.0], "network_size": 8078, "perturbation": 10, "runtime": 685.4216010570526, "alpha_mse": [234367.72752129362, 0.0], "prob_mse": [0.272278480279596, 0.0], "adv_type": "structure", "dataset": "facebook", "sample_size": 1, "test_ratio": 0.3, "b_mse": [0.33788370921049654, 0.33788370921049654], "T": 10, "realization": 0, "beta_mse": [19947.84393049799, 0.0], "attack_edge": 10000, "u_mse": [0.14247417596869644, 0.0], "d_mse": [0.2846224702572254, 0.2846224702572254], "swap_ratio": 0.01}
{"acc": [0.5994005994005994, 0.0], "network_size": 8078, "perturbation": 20, "runtime": 673.5876040458679, "alpha_mse": [234366.95916736647, 0.0], "prob_mse": [0.2724350384345745, 0.0], "adv_type": "structure", "dataset": "facebook", "sample_size": 1, "test_ratio": 0.3, "b_mse": [0.3380402453180352, 0.3380402453180352], "T": 10, "realization": 0, "beta_mse": [19945.541811936688, 0.0], "attack_edge": 10000, "u_mse": [0.14247413188875901, 0.0], "d_mse": [0.28477905045964375, 0.28477905045964375], "swap_ratio": 0.01}
