{"acc": [0.7581355642144978, 0.0], "network_size": 67392, "b_mse": [0.19740332482139555, 0.19740332482139555], "runtime": 3201.2734508514404, "alpha_mse": [55371.22217426894, 0.0], "prob_mse": [0.18845055326528515, 0.0], "adv_type": "random_noise", "dataset": "enron", "sample_size": 1, "test_ratio": 0.3, "T": 10, "realization": 0, "beta_mse": [4711.520647188467, 0.0], "attack_edge": 10000, "u_mse": [0.1534859634999353, 0.0], "d_mse": [0.26227685125567934, 0.26227685125567934], "gamma": 0.09, "swap_ratio": 0.01}
{"acc": [0.6133637220657612, 0.0], "network_size": 67392, "b_mse": [0.2051764881982021, 0.2051764881982021], "runtime": 3514.7893419265747, "alpha_mse": [57781.18354519176, 0.0], "prob_mse": [0.2485786531192078, 0.0], "adv_type": "random_noise", "dataset": "enron", "sample_size": 1, "test_ratio": 0.3, "T": 10, "realization": 0, "beta_mse": [3751.5409918086166, 0.0], "attack_edge": 10000, "u_mse": [0.18844998758817616, 0.0], "d_mse": [0.35580674438576293, 0.35580674438576293], "gamma": 0.0, "swap_ratio": 0.01}
{"acc": [0.7760898446039721, 0.0], "network_size": 67392, "b_mse": [0.18373551413546121, 0.18373551413546121], "runtime": 3302.0367591381073, "alpha_mse": [47515.45377301936, 0.0], "prob_mse": [0.1789401052705782, 0.0], "adv_type": "random_noise", "dataset": "enron", "sample_size": 1, "test_ratio": 0.3, "T": 10, "realization": 0, "beta_mse": [5629.658544166458, 0.0], "attack_edge": 10000, "u_mse": [0.1507482375418248, 0.0], "d_mse": [0.24504602823505858, 0.24504602823505858], "gamma": 0.2, "swap_ratio": 0.01}
{"acc": [0.7346416711428715, 0.0], "network_size": 67392, "b_mse": [0.20518685166316306, 0.20518685166316306], "runtime": 3223.9582619667053, "alpha_mse": [57034.42166765205, 0.0], "prob_mse": [0.22655800260129902, 0.0], "adv_type": "random_noise", "dataset": "enron", "sample_size": 1, "test_ratio": 0.3, "T": 10, "realization": 0, "beta_mse": [3846.730275363137, 0.0], "attack_edge": 10000, "u_mse": [0.16987898029502516, 0.0], "d_mse": [0.3111825081148407, 0.3111825081148407], "gamma": 0.01, "swap_ratio": 0.01}
{"acc": [0.7805907799082205, 0.0], "network_size": 67392, "b_mse": [0.17524050987442347, 0.17524050987442347], "runtime": 3463.468701839447, "alpha_mse": [42074.98582184795, 0.0], "prob_mse": [0.18545444543027587, 0.0], "adv_type": "random_noise", "dataset": "enron", "sample_size": 1, "test_ratio": 0.3, "T": 10, "realization": 0, "beta_mse": [6405.92573989872, 0.0], "attack_edge": 10000, "u_mse": [0.1511535304700823, 0.0], "d_mse": [0.24314336822303875, 0.24314336822303875], "gamma": 0.3, "swap_ratio": 0.01}
{"acc": [0.7371147125188322, 0.0], "network_size": 67392, "b_mse": [0.20369373506722682, 0.20369373506722682], "runtime": 3540.171763896942, "alpha_mse": [55599.06739968845, 0.0], "prob_mse": [0.2161052705201863, 0.0], "adv_type": "random_noise", "dataset": "enron", "sample_size": 1, "test_ratio": 0.3, "T": 10, "realization": 0, "beta_mse": [4033.98952134088, 0.0], "attack_edge": 10000, "u_mse": [0.1646493255256397, 0.0], "d_mse": [0.29659082878381043, 0.29659082878381043], "gamma": 0.03, "swap_ratio": 0.01}
{"acc": [0.7841519594896038, 0.0], "network_size": 67392, "b_mse": [0.16816573324292988, 0.16816573324292988], "runtime": 3583.0701718330383, "alpha_mse": [37561.703054967664, 0.0], "prob_mse": [0.19389734879576634, 0.0], "adv_type": "random_noise", "dataset": "enron", "sample_size": 1, "test_ratio": 0.3, "T": 10, "realization": 0, "beta_mse": [7101.097566394331, 0.0], "attack_edge": 10000, "u_mse": [0.1513697559191739, 0.0], "d_mse": [0.24322688607390466, 0.24322688607390466], "gamma": 0.4, "swap_ratio": 0.01}
{"acc": [0.7547722279431912, 0.0], "network_size": 67392, "b_mse": [0.20144476185496135, 0.20144476185496135], "runtime": 3494.3021721839905, "alpha_mse": [58229.949596893384, 0.0], "prob_mse": [0.19811566155336338, 0.0], "adv_type": "random_noise", "dataset": "enron", "sample_size": 1, "test_ratio": 0.3, "T": 10, "realization": 0, "beta_mse": [4311.257048319466, 0.0], "attack_edge": 10000, "u_mse": [0.15479699582028705, 0.0], "d_mse": [0.268937722912791, 0.268937722912791], "gamma": 0.05, "swap_ratio": 0.01}
{"acc": [0.7853884801775841, 0.0], "network_size": 67392, "b_mse": [0.17243908668061547, 0.17243908668061547], "runtime": 3164.0836820602417, "alpha_mse": [34039.5940447881, 0.0], "prob_mse": [0.2061749541494117, 0.0], "adv_type": "random_noise", "dataset": "enron", "sample_size": 1, "test_ratio": 0.3, "T": 10, "realization": 0, "beta_mse": [7531.478338256387, 0.0], "attack_edge": 10000, "u_mse": [0.15073567497648005, 0.0], "d_mse": [0.2473955361483156, 0.2473955361483156], "gamma": 0.5, "swap_ratio": 0.01}
{"acc": [0.7565033569063637, 0.0], "network_size": 67392, "b_mse": [0.19940703898437775, 0.19940703898437775], "runtime": 3517.026073217392, "alpha_mse": [56767.78775928974, 0.0], "prob_mse": [0.1928385522780254, 0.0], "adv_type": "random_noise", "dataset": "enron", "sample_size": 1, "test_ratio": 0.3, "T": 10, "realization": 0, "beta_mse": [4514.343631557742, 0.0], "attack_edge": 10000, "u_mse": [0.154005188951167, 0.0], "d_mse": [0.26502765091243574, 0.26502765091243574], "gamma": 0.07, "swap_ratio": 0.01}
{"acc": [0.6402634319418126, 0.0], "network_size": 164336, "b_mse": [0.17354296125429802, 0.17354296125429802], "runtime": 8902.477299928665, "alpha_mse": [99419.9666357738, 0.0], "prob_mse": [0.2220980037923502, 0.0], "adv_type": "random_noise", "dataset": "slashdot", "sample_size": 1, "test_ratio": 0.3, "T": 10, "realization": 0, "beta_mse": [5294.933387932758, 0.0], "attack_edge": 10000, "u_mse": [0.18516830636675155, 0.0], "d_mse": [0.3289501369843216, 0.3289501369843216], "gamma": 0.0, "swap_ratio": 0.01}
{"acc": [0.7939956210971111, 0.0], "network_size": 164336, "b_mse": [0.16358063705176146, 0.16358063705176146], "runtime": 8430.600906133652, "alpha_mse": [71978.04398389449, 0.0], "prob_mse": [0.15737593247632864, 0.0], "adv_type": "random_noise", "dataset": "slashdot", "sample_size": 1, "test_ratio": 0.3, "T": 10, "realization": 0, "beta_mse": [8131.679981063393, 0.0], "attack_edge": 10000, "u_mse": [0.1505998784567419, 0.0], "d_mse": [0.2321561104401623, 0.2321561104401623], "gamma": 0.2, "swap_ratio": 0.01}
{"acc": [0.7833668221635609, 0.0], "network_size": 164336, "b_mse": [0.17482672287466747, 0.17482672287466747], "runtime": 9183.164491891861, "alpha_mse": [97857.92252252236, 0.0], "prob_mse": [0.19441385139175246, 0.0], "adv_type": "random_noise", "dataset": "slashdot", "sample_size": 1, "test_ratio": 0.3, "T": 10, "realization": 0, "beta_mse": [5468.792228501303, 0.0], "attack_edge": 10000, "u_mse": [0.1622260861940659, 0.0], "d_mse": [0.2719786643657673, 0.2719786643657673], "gamma": 0.01, "swap_ratio": 0.01}
{"acc": [0.79533436294752, 0.0], "network_size": 164336, "b_mse": [0.15912388422367268, 0.15912388422367268], "runtime": 8779.082884073257, "alpha_mse": [64495.734306341, 0.0], "prob_mse": [0.16666951016916706, 0.0], "adv_type": "random_noise", "dataset": "slashdot", "sample_size": 1, "test_ratio": 0.3, "T": 10, "realization": 0, "beta_mse": [9272.979919020729, 0.0], "attack_edge": 10000, "u_mse": [0.15083971774539548, 0.0], "d_mse": [0.2309893145923633, 0.2309893145923633], "gamma": 0.3, "swap_ratio": 0.01}
{"acc": [0.7852329471671613, 0.0], "network_size": 164336, "b_mse": [0.1740568213780954, 0.1740568213780954], "runtime": 9427.267903089523, "alpha_mse": [94873.79442800564, 0.0], "prob_mse": [0.18117524467553026, 0.0], "adv_type": "random_noise", "dataset": "slashdot", "sample_size": 1, "test_ratio": 0.3, "T": 10, "realization": 0, "beta_mse": [5806.843267757619, 0.0], "attack_edge": 10000, "u_mse": [0.15453905679481686, 0.0], "d_mse": [0.25281902593133565, 0.25281902593133565], "gamma": 0.03, "swap_ratio": 0.01}
{"acc": [0.7968353765373726, 0.0], "network_size": 164336, "b_mse": [0.15511670341360786, 0.15511670341360786], "runtime": 8228.64438199997, "alpha_mse": [58225.06360855625, 0.0], "prob_mse": [0.17747797547006106, 0.0], "adv_type": "random_noise",