{"acc": [0.5845661339427892, 0.0], "network_size": 8078, "b_mse": [0.4043074554291923, 0.4043074554291923], "runtime": 967.4974188804626, "alpha_mse": [274302.5418823478, 0.0], "prob_mse": [0.3435856031455241, 0.0], "adv_type": "random_pgd", "dataset": "facebook", "sample_size": 1, "test_ratio": 0.3, "T": 10, "realization": 0, "beta_mse": [21959.504957215337, 0.0], "attack_edge": 10000, "u_mse": [0.145513529973796, 0.0], "d_mse": [0.339055107147105, 0.339055107147105], "gamma": 0.0, "swap_ratio": 0.01}
{"acc": [0.595704655902179, 0.0], "network_size": 8078, "b_mse": [0.40115142908326673, 0.40115142908326673], "runtime": 966.5831959247589, "alpha_mse": [275792.25043354125, 0.0], "prob_mse": [0.3360430272653348, 0.0], "adv_type": "random_pgd", "dataset": "facebook", "sample_size": 1, "test_ratio": 0.3, "T": 10, "realization": 0, "beta_mse": [26865.08323175137, 0.0], "attack_edge": 10000, "u_mse": [0.14091430894510198, 0.0], "d_mse": [0.32908968113597786, 0.32908968113597786], "gamma": 0.01, "swap_ratio": 0.01}
{"acc": [0.6163315484195675, 0.0], "network_size": 8078, "b_mse": [0.3797460835670413, 0.3797460835670413], "runtime": 952.4792399406433, "alpha_mse": [272069.51066690194, 0.0], "prob_mse": [0.3173490609664314, 0.0], "adv_type": "random_pgd", "dataset": "facebook", "sample_size": 1, "test_ratio": 0.3, "T": 10, "realization": 0, "beta_mse": [26662.957491883808, 0.0], "attack_edge": 10000, "u_mse": [0.1412487339428092, 0.0], "d_mse": [0.31448346715249637, 0.31448346715249637], "gamma": 0.03, "swap_ratio": 0.01}
{"acc": [0.6179816998209586, 0.0], "network_size": 8078, "b_mse": [0.3814962564590326, 0.3814962564590326], "runtime": 825.7281839847565, "alpha_mse": [275432.93034757185, 0.0], "prob_mse": [0.31991675031436123, 0.0], "adv_type": "random_pgd", "dataset": "facebook", "sample_size": 1, "test_ratio": 0.3, "T": 10, "realization": 0, "beta_mse": [26188.019106735614, 0.0], "attack_edge": 10000, "u_mse": [0.14152764156242284, 0.0], "d_mse": [0.3163204853555369, 0.3163204853555369], "gamma": 0.05, "swap_ratio": 0.01}
{"acc": [0.5985924208546134, 0.0], "network_size": 8078, "b_mse": [0.3888873773640912, 0.3888873773640912], "runtime": 920.8723919391632, "alpha_mse": [261842.10729424792, 0.0], "prob_mse": [0.32789362335506883, 0.0], "adv_type": "random_pgd", "dataset": "facebook", "sample_size": 1, "test_ratio": 0.3, "T": 10, "realization": 0, "beta_mse": [26019.988320860237, 0.0], "attack_edge": 10000, "u_mse": [0.14156814141767868, 0.0], "d_mse": [0.32420377801721445, 0.32420377801721445], "gamma": 0.07, "swap_ratio": 0.01}
{"acc": [0.6023052615077433, 0.0], "network_size": 8078, "b_mse": [0.3894483044472646, 0.3894483044472646], "runtime": 892.9039669036865, "alpha_mse": [267195.8264592591, 0.0], "prob_mse": [0.32665930414523203, 0.0], "adv_type": "random_pgd", "dataset": "facebook", "sample_size": 1, "test_ratio": 0.3, "T": 10, "realization": 0, "beta_mse": [26027.169082185763, 0.0], "attack_edge": 10000, "u_mse": [0.14164236679122624, 0.0], "d_mse": [0.3241914151621134, 0.3241914151621134], "gamma": 0.09, "swap_ratio": 0.01}
{"acc": [0.610143480664351, 0.0], "network_size": 8078, "b_mse": [0.38431828051653427, 0.38431828051653427], "runtime": 837.5532560348511, "alpha_mse": [270946.0677013525, 0.0], "prob_mse": [0.32383053984454546, 0.0], "adv_type": "random_pgd", "dataset": "facebook", "sample_size": 1, "test_ratio": 0.3, "T": 10, "realization": 0, "beta_mse": [24775.586973593236, 0.0], "attack_edge": 10000, "u_mse": [0.14118722393201427, 0.0], "d_mse": [0.31924120342289364, 0.31924120342289364], "gamma": 0.11, "swap_ratio": 0.01}
{"acc": [0.6159190105692197, 0.0], "network_size": 8078, "b_mse": [0.3785624028880173, 0.3785624028880173], "runtime": 790.5602588653564, "alpha_mse": [264471.9109397031, 0.0], "prob_mse": [0.31974001436536176, 0.0], "adv_type": "random_pgd", "dataset": "facebook", "sample_size": 1, "test_ratio": 0.3, "T": 10, "realization": 0, "beta_mse": [25947.16967928412, 0.0], "attack_edge": 10000, "u_mse": [0.14123517270721453, 0.0], "d_mse": [0.31681932841845595, 0.31681932841845595], "gamma": 0.13, "swap_ratio": 0.01}
{"acc": [0.6093184049636554, 0.0], "network_size": 8078, "b_mse": [0.385913662865437, 0.385913662865437], "runtime": 841.3165459632874, "alpha_mse": [276849.5126439078, 0.0], "prob_mse": [0.32397779954372746, 0.0], "adv_type": "random_pgd", "dataset": "facebook", "sample_size": 1, "test_ratio": 0.3, "T": 10, "realization": 0, "beta_mse": [25936.93722932545, 0.0], "attack_edge": 10000, "u_mse": [0.14173673609139678, 0.0], "d_mse": [0.32134254718521627, 0.32134254718521627], "gamma": 0.15, "swap_ratio": 0.01}
{"acc": [0.6006551101063523, 0.0], "network_size": 8078, "b_mse": [0.38885440596339776, 0.38885440596339776], "runtime": 850.4265558719635, "alpha_mse": [276654.0982284465, 0.0], "prob_mse": [0.3276005243271341, 0.0], "adv_type": "random_pgd", "dataset": "facebook", "sample_size": 1, "test_ratio": 0.3, "T": 10, "realization": 0, "beta_mse": [27140.324238641082, 0.0], "attack_edge": 10000, "u_mse": [0.14122647600990781, 0.0], "d_mse": [0.32495392466394046, 0.32495392466394046], "gamma": 0.2, "swap_ratio": 0.01}
{"acc": [0.6155064727188719, 0.0], "network_size": 8078, "b_mse": [0.38505069190493285, 0.38505069190493285], "runtime": 810.113499879837, "alpha_mse": [254858.84881256783, 0.0], "prob_mse": [0.3263214439226989, 0.0], "adv_type": "random_pgd", "dataset": "facebook", "sample_size": 1, "test_ratio": 0.3, "T": 10, "realization": 0, "beta_mse": [25947.501160639367, 0.0], "attack_edge": 10000, "u_mse": [0.1410303169394384, 0.0], "d_mse": [0.3223948049265473, 0.3223948049265473], "gamma": 0.25, "swap_ratio": 0.01}
{"acc": [0.6427380759683261, 0.0], "network_size": 164336, "b_mse": [0.17137409731622022, 0.17137409731622022], "runtime": 7991.027445793152, "alpha_mse": [99664.45870707634, 0.0], "prob_mse": [0.21916553222453816, 0.0], "adv_type": "random_pgd", "dataset": "slashdot", "sample_size": 1, "test_ratio": 0.3, "T": 10, "realization": 0, "beta_mse": [5537.367342104555, 0.0], "attack_edge": 10000, "u_mse": [0.21216046979347108, 0.0], "d_mse": [0.3314092840961034, 0.3314092840961034], "gamma": 0.0, "swap_ratio": 0.01}
{"acc": [0.8674844350975922, 0.0], "network_size": 164336, "b_mse": [0.17186887820377017, 0.17186887820377017], "runtime": 8162.954474925995, "alpha_mse": [94179.97313489094, 0.0], "prob_mse": [0.14864989537476048, 0.0], "adv_type": "random_pgd", "dataset": "slashdot", "sample_size": 1, "test_ratio": 0.3, "T": 10, "realization": 0, "beta_mse": [6472.862793748023, 0.0], "attack_edge": 10000, "u_mse": [0.16143845344556174, 0.0], "d_mse": [0.2019475569644983, 0.2019475569644983], "gamma": 0.01, "swap_ratio": 0.01}
{"acc": [0.8611152693244343, 0.0], "network_size": 164336, "b_mse": [0.17404134105701707, 0.17404134105701707], "runtime": 7021.611953020096, "alpha_mse": [88783.89378047729, 0.0], "prob_mse": [0.15628470641584372, 0.0], "adv_type": "random_pgd", "dataset": "slashdot", "sample_size": 1, "test_ratio": 0.3, "T": 10, "realization": 0, "beta_mse": [5981.767554294827, 0.0], "attack_edge": 10000, "u_mse": [0.1634538486627449, 0.0], "d_mse": [0.21087040792023498, 0.21087040792023498], "gamma": 0.03, "swap_ratio": 0.01}
