{"acc": [0.8355912201095854, 0.0], "network_size": 67392, "b_mse": [0.17998941224541587, 0.17998941224541587], "runtime": 2549.219876050949, "alpha_mse": [40932.65101419775, 0.0], "prob_mse": [0.17219079037359525, 0.0], "adv_type": "random_pgd", "dataset": "enron", "sample_size": 1, "test_ratio": 0.3, "T": 10, "realization": 0, "beta_mse": [7147.504052488986, 0.0], "attack_edge": 10000, "u_mse": [0.13371034568833817, 0.0], "d_mse": [0.19854835973440127, 0.19854835973440127], "gamma": 0.09, "swap_ratio": 0.01}
{"acc": [0.8483521136095423, 0.0], "network_size": 67392, "b_mse": [0.21681159426446803, 0.21681159426446803], "runtime": 2628.17751288414, "alpha_mse": [23683.47422009346, 0.0], "prob_mse": [0.22385528369394378, 0.0], "adv_type": "random_pgd", "dataset": "enron", "sample_size": 1, "test_ratio": 0.3, "T": 10, "realization": 0, "beta_mse": [8864.747340297046, 0.0], "attack_edge": 10000, "u_mse": [0.1335458472001991, 0.0], "d_mse": [0.23289393845170794, 0.23289393845170794], "gamma": 0.2, "swap_ratio": 0.01}
{"acc": [0.8541390304292903, 0.0], "network_size": 67392, "b_mse": [0.2753667014779212, 0.2753667014779212], "runtime": 2686.3940119743347, "alpha_mse": [15125.662472119055, 0.0], "prob_mse": [0.2803333423840207, 0.0], "adv_type": "random_pgd", "dataset": "enron", "sample_size": 1, "test_ratio": 0.3, "T": 10, "realization": 0, "beta_mse": [9505.36682103741, 0.0], "attack_edge": 10000, "u_mse": [0.13396362174810314, 0.0], "d_mse": [0.2872415258387718, 0.2872415258387718], "gamma": 0.3, "swap_ratio": 0.01}
{"acc": [0.8556228552548667, 0.0], "network_size": 67392, "b_mse": [0.33795313583628295, 0.33795313583628295], "runtime": 2644.201950073242, "alpha_mse": [10770.52554041375, 0.0], "prob_mse": [0.3415084115055711, 0.0], "adv_type": "random_pgd", "dataset": "enron", "sample_size": 1, "test_ratio": 0.3, "T": 10, "realization": 0, "beta_mse": [9712.989640541009, 0.0], "attack_edge": 10000, "u_mse": [0.1340412454057748, 0.0], "d_mse": [0.34703681322204105, 0.34703681322204105], "gamma": 0.4, "swap_ratio": 0.01}
{"acc": [0.15125121055375354, 0.0], "network_size": 67392, "b_mse": [0.4032195250413912, 0.4032195250413912], "runtime": 2674.770362854004, "alpha_mse": [9581.413880740482, 0.0], "prob_mse": [0.4055996870081551, 0.0], "adv_type": "random_pgd", "dataset": "enron", "sample_size": 1, "test_ratio": 0.3, "T": 10, "realization": 0, "beta_mse": [9661.249821917178, 0.0], "attack_edge": 10000, "u_mse": [0.13397152036301208, 0.0], "d_mse": [0.40971079874381805, 0.40971079874381805], "gamma": 0.5, "swap_ratio": 0.01}
{"acc": [0.6391328132032711, 0.0], "network_size": 67392, "b_mse": [0.20309397110048677, 0.20309397110048677], "runtime": 2208.516571998596, "alpha_mse": [66679.15529143481, 0.0], "prob_mse": [0.2349118743046965, 0.0], "adv_type": "random_pgd", "dataset": "enron", "sample_size": 1, "test_ratio": 0.3, "T": 10, "realization": 0, "beta_mse": [3990.3091997063634, 0.0], "attack_edge": 10000, "u_mse": [0.1806054932047804, 0.0], "d_mse": [0.32993049870954244, 0.32993049870954244], "gamma": 0.0, "swap_ratio": 0.01}
{"acc": [0.819269147028245, 0.0], "network_size": 67392, "b_mse": [0.2022694828099504, 0.2022694828099504], "runtime": 2357.0858240127563, "alpha_mse": [62992.76821303064, 0.0], "prob_mse": [0.17876791046463944, 0.0], "adv_type": "random_pgd", "dataset": "enron", "sample_size": 1, "test_ratio": 0.3, "T": 10, "realization": 0, "beta_mse": [4470.988235568341, 0.0], "attack_edge": 10000, "u_mse": [0.13780955437212572, 0.0], "d_mse": [0.22408181102919306, 0.22408181102919306], "gamma": 0.01, "swap_ratio": 0.01}
{"acc": [0.8293591558421646, 0.0], "network_size": 67392, "b_mse": [0.18931581845510778, 0.18931581845510778], "runtime": 2442.6077270507812, "alpha_mse": [50547.018801513375, 0.0], "prob_mse": [0.15959400982819402, 0.0], "adv_type": "random_pgd", "dataset": "enron", "sample_size": 1, "test_ratio": 0.3, "T": 10, "realization": 0, "beta_mse": [6031.917845004462, 0.0], "attack_edge": 10000, "u_mse": [0.1349841323730574, 0.0], "d_mse": [0.20405865123651706, 0.20405865123651706], "gamma": 0.05, "swap_ratio": 0.01}
{"acc": [0.8320300405282021, 0.0], "network_size": 67392, "b_mse": [0.18409182556118883, 0.18409182556118883], "runtime": 2305.9977300167084, "alpha_mse": [45442.43229426503, 0.0], "prob_mse": [0.1651429498599003, 0.0], "adv_type": "random_pgd", "dataset": "enron", "sample_size": 1, "test_ratio": 0.3, "T": 10, "realization": 0, "beta_mse": [6635.542320079203, 0.0], "attack_edge": 10000, "u_mse": [0.1342102626671161, 0.0], "d_mse": [0.20064009590240348, 0.20064009590240348], "gamma": 0.07, "swap_ratio": 0.01}
{"acc": [0.8251549855030315, 0.0], "network_size": 67392, "b_mse": [0.19531573221468052, 0.19531573221468052], "runtime": 2998.426432132721, "alpha_mse": [56352.206757248256, 0.0], "prob_mse": [0.1587811452797654, 0.0], "adv_type": "random_pgd", "dataset": "enron", "sample_size": 1, "test_ratio": 0.3, "T": 10, "realization": 0, "beta_mse": [5318.124224934836, 0.0], "attack_edge": 10000, "u_mse": [0.13598624980077853, 0.0], "d_mse": [0.20975474288684218, 0.20975474288684218], "gamma": 0.03, "swap_ratio": 0.01}
{"acc": [0.6537319863156241, 0.0], "network_size": 164336, "b_mse": [0.17355557434961844, 0.17355557434961844], "runtime": 9086.471513986588, "alpha_mse": [100715.60309173995, 0.0], "prob_mse": [0.21567888589237735, 0.0], "adv_type": "random_pgd", "dataset": "slashdot", "sample_size": 1, "test_ratio": 0.3, "T": 10, "realization": 0, "beta_mse": [5530.647417277557, 0.0], "attack_edge": 10000, "u_mse": [0.18271967723507002, 0.0], "d_mse": [0.318757211088729, 0.318757211088729], "gamma": 0.0, "swap_ratio": 0.01}
{"acc": [0.8611355532918648, 0.0], "network_size": 164336, "b_mse": [0.17580918485702873, 0.17580918485702873], "runtime": 10002.733878850937, "alpha_mse": [94840.67725686633, 0.0], "prob_mse": [0.15524254085481295, 0.0], "adv_type": "random_pgd", "dataset": "slashdot", "sample_size": 1, "test_ratio": 0.3, "T": 10, "realization": 0, "beta_mse": [6246.536572334986, 0.0], "attack_edge": 10000, "u_mse": [0.13583316561782835, 0.0], "d_mse": [0.2037925664729652, 0.2037925664729652], "gamma": 0.01, "swap_ratio": 0.01}
{"acc": [0.8645432598201785, 0.0], "network_size": 164336, "b_mse": [0.17235527929511352, 0.17235527929511352], "runtime": 10152.991605043411, "alpha_mse": [84412.69743687846, 0.0], "prob_mse": [0.13159978653308108, 0.0], "adv_type": "random_pgd", "dataset": "slashdot", "sample_size": 1, "test_ratio": 0.3, "T": 10, "realization": 0, "beta_mse": [7498.147536400495, 0.0], "attack_edge": 10000, "u_mse": [0.13173587241379078, 0.0], "d_mse": [0.1830811911846545, 0.1830811911846545], "gamma": 0.03, "swap_ratio": 0.01}
{"acc": [0.8667339283026659, 0.0], "network_size": 164336, "b_mse": [0.1690385756114522, 0.1690385756114522], "runtime": 10839.025781154633, "alpha_mse": [75423.14841978009, 0.0], "prob_mse": [0.13182374815951683, 0.0], "adv_type": "random_pgd", "dataset": "slashdot", "sample_size": 1, "test_ratio": 0.3, "T": 10, "realization": 0, "beta_mse": [8544.982931112985, 0.0], "attack_edge": 10000, "u_mse": [0.13152037069743908, 0.0], "d_mse": [0.17672494564047425, 0.17672494564047425], "gamma": 0.05, "swap_ratio": 0.01}
{"acc": [0.8684174975993924, 0.0], "network_size": 164336, "b_mse": [0.16606273431003288, 0.16606273431003288], "runtime": 12321.372794866562, "alpha_mse": [67596.39237864169, 0.0], "prob_mse": [0.13931950535473253, 0.0], "adv_type": "random_pgd", "dataset": "slashdot", "sample_size": 1, "test_ratio": 0.3, "T": 10, "realization": 0, "beta_mse": [9424.546821704938, 0.0], "attack_edge": 10000, "u_mse": [0.13169933235811795, 0.0], "d_mse": [0.17357770572079978, 0.17357770572079978], "gamma": 0.07, "swap_ratio": 0.01}
{"acc": [0.8699387951566753, 0.0], "network_size": 164336, "b_mse": [0.16340659129775875, 0.16340659129775875], "runtime": 11815.453867912292, "alpha_mse": [60732.84942367491, 0.0], "prob_mse": [0.14841793024757002, 0.0], "adv_type": "random_pgd", "dataset": "slashdot",