{"acc": [0.5969422694532224, 0.0], "network_size": 8078, "b_mse": [0.39213054731725183, 0.39213054731725183], "runtime": 756.2488989830017, "alpha_mse": [280896.1484589724, 0.0], "prob_mse": [0.33408763096958527, 0.0], "adv_type": "random_flip", "dataset": "facebook", "sample_size": 1, "test_ratio": 0.3, "T": 10, "realization": 0, "beta_mse": [23612.91497273579, 0.0], "attack_edge": 10000, "u_mse": [0.14441745597180772, 0.0], "d_mse": [0.32949900332929316, 0.32949900332929316], "gamma": 0.0, "swap_ratio": 0.01}
{"acc": [0.6002425722560045, 0.0], "network_size": 8078, "b_mse": [0.38195316084043346, 0.38195316084043346], "runtime": 760.8780272006989, "alpha_mse": [270364.26299842907, 0.0], "prob_mse": [0.32858718973541834, 0.0], "adv_type": "random_flip", "dataset": "facebook", "sample_size": 1, "test_ratio": 0.3, "T": 10, "realization": 0, "beta_mse": [26148.202992717564, 0.0], "attack_edge": 10000, "u_mse": [0.14445897879060277, 0.0], "d_mse": [0.32613077108736077, 0.32613077108736077], "gamma": 0.01, "swap_ratio": 0.01}
{"acc": [0.6105560185146988, 0.0], "network_size": 8078, "b_mse": [0.36544411251977454, 0.36544411251977454], "runtime": 761.8898220062256, "alpha_mse": [262852.9921522091, 0.0], "prob_mse": [0.3219766477205395, 0.0], "adv_type": "random_flip", "dataset": "facebook", "sample_size": 1, "test_ratio": 0.3, "T": 10, "realization": 0, "beta_mse": [28421.599921751367, 0.0], "attack_edge": 10000, "u_mse": [0.1440692650787076, 0.0], "d_mse": [0.32205903858550045, 0.32205903858550045], "gamma": 0.03, "swap_ratio": 0.01}
{"acc": [0.6344832138348694, 0.0], "network_size": 8078, "b_mse": [0.3396913434266225, 0.3396913434266225], "runtime": 758.5340700149536, "alpha_mse": [245330.70196981213, 0.0], "prob_mse": [0.3072281911425241, 0.0], "adv_type": "random_flip", "dataset": "facebook", "sample_size": 1, "test_ratio": 0.3, "T": 10, "realization": 0, "beta_mse": [34500.36055948472, 0.0], "attack_edge": 10000, "u_mse": [0.1443292744975556, 0.0], "d_mse": [0.3072451132416923, 0.3072451132416923], "gamma": 0.05, "swap_ratio": 0.01}
{"acc": [0.6485095007466936, 0.0], "network_size": 8078, "b_mse": [0.3267114303243266, 0.3267114303243266], "runtime": 767.3210680484772, "alpha_mse": [235007.34570610474, 0.0], "prob_mse": [0.30530721570581965, 0.0], "adv_type": "random_flip", "dataset": "facebook", "sample_size": 1, "test_ratio": 0.3, "T": 10, "realization": 0, "beta_mse": [36564.52746811958, 0.0], "attack_edge": 10000, "u_mse": [0.14391758993335768, 0.0], "d_mse": [0.3049244871070583, 0.3049244871070583], "gamma": 0.07, "swap_ratio": 0.01}
{"acc": [0.6650110147606043, 0.0], "network_size": 8078, "b_mse": [0.30751666011444106, 0.30751666011444106], "runtime": 752.4111680984497, "alpha_mse": [190731.63893556193, 0.0], "prob_mse": [0.30103477243197824, 0.0], "adv_type": "random_flip", "dataset": "facebook", "sample_size": 1, "test_ratio": 0.3, "T": 10, "realization": 0, "beta_mse": [44244.39765335057, 0.0], "attack_edge": 10000, "u_mse": [0.14401038251104784, 0.0], "d_mse": [0.3019681966962114, 0.3019681966962114], "gamma": 0.09, "swap_ratio": 0.01}
{"acc": [0.6988391184891214, 0.0], "network_size": 8078, "b_mse": [0.29509460181634783, 0.29509460181634783], "runtime": 764.8483040332794, "alpha_mse": [203840.8439103824, 0.0], "prob_mse": [0.29045649680970675, 0.0], "adv_type": "random_flip", "dataset": "facebook", "sample_size": 1, "test_ratio": 0.3, "T": 10, "realization": 0, "beta_mse": [44729.09936677066, 0.0], "attack_edge": 10000, "u_mse": [0.1443514845313454, 0.0], "d_mse": [0.290617933959376, 0.290617933959376], "gamma": 0.11, "swap_ratio": 0.01}
{"acc": [0.7182283974554665, 0.0], "network_size": 8078, "b_mse": [0.28959402281244384, 0.28959402281244384], "runtime": 770.2716660499573, "alpha_mse": [163447.02467784839, 0.0], "prob_mse": [0.2865858656211956, 0.0], "adv_type": "random_flip", "dataset": "facebook", "sample_size": 1, "test_ratio": 0.3, "T": 10, "realization": 0, "beta_mse": [49366.181024689606, 0.0], "attack_edge": 10000, "u_mse": [0.14450607059340306, 0.0], "d_mse": [0.28711541410117325, 0.28711541410117325], "gamma": 0.13, "swap_ratio": 0.01}
{"acc": [0.7186409353058143, 0.0], "network_size": 8078, "b_mse": [0.2888745939708612, 0.2888745939708612], "runtime": 776.5824809074402, "alpha_mse": [169543.34088658274, 0.0], "prob_mse": [0.2894093616127409, 0.0], "adv_type": "random_flip", "dataset": "facebook", "sample_size": 1, "test_ratio": 0.3, "T": 10, "realization": 0, "beta_mse": [55438.22836950751, 0.0], "attack_edge": 10000, "u_mse": [0.14445787847265373, 0.0], "d_mse": [0.29239495012314587, 0.29239495012314587], "gamma": 0.15, "swap_ratio": 0.01}
{"acc": [0.7202910867072054, 0.0], "network_size": 8078, "b_mse": [0.30294222583882424, 0.30294222583882424], "runtime": 767.6515810489655, "alpha_mse": [179948.9885219541, 0.0], "prob_mse": [0.30192747466585834, 0.0], "adv_type": "random_flip", "dataset": "facebook", "sample_size": 1, "test_ratio": 0.3, "T": 10, "realization": 0, "beta_mse": [59558.01705068795, 0.0], "attack_edge": 10000, "u_mse": [0.14391850974294668, 0.0], "d_mse": [0.3031865180091586, 0.3031865180091586], "gamma": 0.2, "swap_ratio": 0.01}
{"acc": [0.8040362703278026, 0.0], "network_size": 8078, "b_mse": [0.2917220337579327, 0.2917220337579327], "runtime": 751.3637149333954, "alpha_mse": [145966.2104742858, 0.0], "prob_mse": [0.29025471995020574, 0.0], "adv_type": "random_flip", "dataset": "facebook", "sample_size": 1, "test_ratio": 0.3, "T": 10, "realization": 0, "beta_mse": [66245.29241415246, 0.0], "attack_edge": 10000, "u_mse": [0.14336932149914336, 0.0], "d_mse": [0.2906620439324033, 0.2906620439324033], "gamma": 0.25, "swap_ratio": 0.01}
{"acc": [0.5996630728429391, 0.0], "network_size": 67392, "b_mse": [0.20805010883767366, 0.20805010883767366], "runtime": 2713.813672065735, "alpha_mse": [56024.23211375414, 0.0], "prob_mse": [0.25425900713831867, 0.0], "adv_type": "random_flip", "dataset": "enron", "sample_size": 1, "test_ratio": 0.3, "T": 10, "realization": 0, "beta_mse": [3403.720338390221, 0.0], "attack_edge": 10000, "u_mse": [0.20882682342555697, 0.0], "d_mse": [0.364480720367383, 0.364480720367383], "gamma": 0.0, "swap_ratio": 0.01}
{"acc": [0.604510233939822, 0.0], "network_size": 67392, "b_mse": [0.2037918122961753, 0.2037918122961753], "runtime": 2432.3185172080994, "alpha_mse": [54958.87946347652, 0.0], "prob_mse": [0.24884145916302358, 0.0], "adv_type": "random_flip", "dataset": "enron", "sample_size": 1, "test_ratio": 0.3, "T": 10, "realization": 0, "beta_mse": [3841.9026824791417, 0.0], "attack_edge": 10000, "u_mse": [0.20830397036945236, 0.0], "d_mse": [0.3629546797701853, 0.3629546797701853], "gamma": 0.01, "swap_ratio": 0.01}
{"acc": [0.6157873026142026, 0.0], "network_size": 67392, "b_mse": [0.1964629141439468, 0.1964629141439468], "runtime": 2446.7857480049133, "alpha_mse": [51973.07356645702, 0.0], "prob_mse": [0.23819662055355134, 0.0], "adv_type": "random_flip", "dataset": "enron", "sample_size": 1, "test_ratio": 0.3, "T": 10, "realization": 0, "beta_mse": [4743.640797691867, 0.0], "attack_edge": 10000, "u_mse": [0.20656701687745688, 0.0], "d_mse": [0.3584288135178102, 0.3584288135178102], "gamma": 0.03, "swap_ratio": 0.01}
{"acc": [0.6463486221709444, 0.0], "network_size": 164336, "b_mse": [0.17373860634741486, 0.17373860634741486], "runtime": 7629.655390024185, "alpha_mse": [102187.56738992968, 0.0], "prob_mse": [0.21922068213790427, 0.0], "adv_type": "random_flip", "dataset": "slashdot", "sample_size": 1, "test_ratio": 0.3, "T": 10, "realization": 0, "beta_mse": [5452.932406038732, 0.0], "attack_edge": 10000, "u_mse": [0.21200407422707615, 0.0], "d_mse": [0.32776868250293795, 0.32776868250293795], "gamma": 0.0, "swap_ratio": 0.01}
{"acc": [0.6234537308796806, 0.0], "network_size": 67392, "b_mse": [0.19119336737531636, 0.19119336737531636], "runtime": 3429.4318509101868, "alpha_mse": [49010.99179683202, 0.0], "prob_mse": [0.2382194434130388, 0.0], "adv_type": "random_flip", "dataset": "enron",