{"acc": [0.5994005994005994, 0.0], "network_size": 8078, "perturbation": 0.0, "runtime": 647.9395279884338, "alpha_mse": [234514.67642310186, 0.0], "prob_mse": [0.2771829689878124, 0.0], "adv_type": "structure", "dataset": "facebook", "sample_size": 1, "test_ratio": 0.3, "b_mse": [0.34282905115002754, 0.34282905115002754], "T": 10, "realization": 0, "beta_mse": [20008.70729392931, 0.0], "attack_edge": 10000, "u_mse": [0.1425556655992033, 0.0], "d_mse": [0.2894861057341267, 0.2894861057341267], "swap_ratio": 0.01}
{"acc": [0.5994005994005994, 0.0], "network_size": 8078, "perturbation": 5, "runtime": 684.4381880760193, "alpha_mse": [227536.70600224944, 0.0], "prob_mse": [0.27756463890015515, 0.0], "adv_type": "structure", "dataset": "facebook", "sample_size": 1, "test_ratio": 0.3, "b_mse": [0.3431322906078169, 0.3431322906078169], "T": 10, "realization": 0, "beta_mse": [19347.73492062445, 0.0], "attack_edge": 10000, "u_mse": [0.14255264869838108, 0.0], "d_mse": [0.2892921538795931, 0.2892921538795931], "swap_ratio": 0.01}
{"acc": [0.5994005994005994, 0.0], "network_size": 8078, "perturbation": 10, "runtime": 665.3527660369873, "alpha_mse": [234500.98657534257, 0.0], "prob_mse": [0.2769662370949709, 0.0], "adv_type": "structure", "dataset": "facebook", "sample_size": 1, "test_ratio": 0.3, "b_mse": [0.3426152692782013, 0.3426152692782013], "T": 10, "realization": 0, "beta_mse": [20005.390772689032, 0.0], "attack_edge": 10000, "u_mse": [0.1425533801660031, 0.0], "d_mse": [0.2892683715425131, 0.2892683715425131], "swap_ratio": 0.01}
{"acc": [0.5994005994005994, 0.0], "network_size": 8078, "perturbation": 20, "runtime": 665.9348518848419, "alpha_mse": [234507.19346988862, 0.0], "prob_mse": [0.27552594004724285, 0.0], "adv_type": "structure", "dataset": "facebook", "sample_size": 1, "test_ratio": 0.3, "b_mse": [0.3411791575148261, 0.3411791575148261], "T": 10, "realization": 0, "beta_mse": [20013.98164661298, 0.0], "attack_edge": 10000, "u_mse": [0.14255473702907162, 0.0], "d_mse": [0.28782606641783837, 0.28782606641783837], "swap_ratio": 0.01}
{"acc": [0.5994005994005994, 0.0], "network_size": 8078, "perturbation": 30, "runtime": 701.3415701389313, "alpha_mse": [217535.98781501432, 0.0], "prob_mse": [0.24059994800915202, 0.0], "adv_type": "structure", "dataset": "facebook", "sample_size": 1, "test_ratio": 0.3, "b_mse": [0.27288595205688104, 0.27288595205688104], "T": 10, "realization": 0, "beta_mse": [18480.20391118986, 0.0], "attack_edge": 10000, "u_mse": [0.15149775006438945, 0.0], "d_mse": [0.2841711212027895, 0.2841711212027895], "swap_ratio": 0.01}
{"acc": [0.5994005994005994, 0.0], "network_size": 8078, "perturbation": 40, "runtime": 668.2817950248718, "alpha_mse": [183828.94118763116, 0.0], "prob_mse": [0.2511936095660917, 0.0], "adv_type": "structure", "dataset": "facebook", "sample_size": 1, "test_ratio": 0.3, "b_mse": [0.25552463488314625, 0.25552463488314625], "T": 10, "realization": 0, "beta_mse": [14844.543400289713, 0.0], "attack_edge": 10000, "u_mse": [0.1568930680433413, 0.0], "d_mse": [0.3104899910571936, 0.3104899910571936], "swap_ratio": 0.01}
{"acc": [0.5994005994005994, 0.0], "network_size": 8078, "perturbation": 50, "runtime": 671.4953470230103, "alpha_mse": [162002.84147095337, 0.0], "prob_mse": [0.22850735279414355, 0.0], "adv_type": "structure", "dataset": "facebook", "sample_size": 1, "test_ratio": 0.3, "b_mse": [0.22474646480634308, 0.22474646480634308], "T": 10, "realization": 0, "beta_mse": [12600.701605851416, 0.0], "attack_edge": 10000, "u_mse": [0.15506615771861681, 0.0], "d_mse": [0.29611167872425986, 0.29611167872425986], "swap_ratio": 0.01}
{"acc": [0.5994005994005994, 0.0], "network_size": 8078, "perturbation": 60, "runtime": 707.7606289386749, "alpha_mse": [76516.02898806924, 0.0], "prob_mse": [0.22611826889969233, 0.0], "adv_type": "structure", "dataset": "facebook", "sample_size": 1, "test_ratio": 0.3, "b_mse": [0.19621740926909206, 0.19621740926909206], "T": 10, "realization": 0, "beta_mse": [5952.82808998708, 0.0], "attack_edge": 10000, "u_mse": [0.1657890681835962, 0.0], "d_mse": [0.318024218343658, 0.318024218343658], "swap_ratio": 0.01}
{"acc": [0.5994005994005994, 0.0], "network_size": 8078, "perturbation": 70, "runtime": 665.3508369922638, "alpha_mse": [76477.3494273265, 0.0], "prob_mse": [0.22179556246598953, 0.0], "adv_type": "structure", "dataset": "facebook", "sample_size": 1, "test_ratio": 0.3, "b_mse": [0.16693255855318118, 0.16693255855318118], "T": 10, "realization": 0, "beta_mse": [5926.567428913489, 0.0], "attack_edge": 10000, "u_mse": [0.17657895086237177, 0.0], "d_mse": [0.33866365619216315, 0.33866365619216315], "swap_ratio": 0.01}
{"acc": [0.5994005994005994, 0.0], "network_size": 8078, "perturbation": 80, "runtime": 663.6246290206909, "alpha_mse": [76141.42755282216, 0.0], "prob_mse": [0.21889816341836385, 0.0], "adv_type": "structure", "dataset": "facebook", "sample_size": 1, "test_ratio": 0.3, "b_mse": [0.155705976683045, 0.155705976683045], "T": 10, "realization": 0, "beta_mse": [5661.253806243704, 0.0], "attack_edge": 10000, "u_mse": [0.17480153622039268, 0.0], "d_mse": [0.344095439967048, 0.344095439967048], "swap_ratio": 0.01}
{"acc": [0.5994005994005994, 0.0], "network_size": 8078, "perturbation": 90, "runtime": 676.2740950584412, "alpha_mse": [76141.42755282216, 0.0], "prob_mse": [0.21889816341836385, 0.0], "adv_type": "structure", "dataset": "facebook", "sample_size": 1, "test_ratio": 0.3, "b_mse": [0.155705976683045, 0.155705976683045], "T": 10, "realization": 0, "beta_mse": [5661.253806243704, 0.0], "attack_edge": 10000, "u_mse": [0.17480153622039268, 0.0], "d_mse": [0.344095439967048, 0.344095439967048], "swap_ratio": 0.01}
{"acc": [0.5994005994005994, 0.0], "network_size": 8078, "perturbation": 100, "runtime": 660.2600140571594, "alpha_mse": [4137.877065246437, 0.0], "prob_mse": [0.21885997886923358, 0.0], "adv_type": "structure", "dataset": "facebook", "sample_size": 1, "test_ratio": 0.3, "b_mse": [0.15566527719572132, 0.15566527719572132], "T": 10, "realization": 0, "beta_mse": [346.7401305443706, 0.0], "attack_edge": 10000, "u_mse": [0.17479650686279383, 0.0], "d_mse": [0.34413110957798476, 0.34413110957798476], "swap_ratio": 0.01}
