{"acc": [0.5936419666504402, 0.0], "network_size": 8078, "b_mse": [0.39440853095605827, 0.39440853095605827], "runtime": 950.6173901557922, "alpha_mse": [288486.9644095976, 0.0], "prob_mse": [0.33908866197819826, 0.0], "adv_type": "random_noise", "dataset": "enron", "sample_size": 1, "test_ratio": 0.3, "T": 10, "realization": 0, "beta_mse": [21957.71742380371, 0.0], "attack_edge": 10000, "u_mse": [0.1453737867539383, 0.0], "d_mse": [0.33427924804874354, 0.33427924804874354], "gamma": 0.0, "swap_ratio": 0.01}
{"acc": [0.5952921180518312, 0.0], "network_size": 8078, "b_mse": [0.393653746977286, 0.393653746977286], "runtime": 955.0610737800598, "alpha_mse": [284476.3336640525, 0.0], "prob_mse": [0.3372523371421972, 0.0], "adv_type": "random_noise", "dataset": "enron", "sample_size": 1, "test_ratio": 0.3, "T": 10, "realization": 0, "beta_mse": [22338.86228877706, 0.0], "attack_edge": 10000, "u_mse": [0.14306337731709207, 0.0], "d_mse": [0.330598246028309, 0.330598246028309], "gamma": 0.01, "swap_ratio": 0.01}
{"acc": [0.5981798830042656, 0.0], "network_size": 8078, "b_mse": [0.38900651608600556, 0.38900651608600556], "runtime": 907.36985206604, "alpha_mse": [276783.80454674683, 0.0], "prob_mse": [0.3340075835042245, 0.0], "adv_type": "random_noise", "dataset": "enron", "sample_size": 1, "test_ratio": 0.3, "T": 10, "realization": 0, "beta_mse": [23084.92078410964, 0.0], "attack_edge": 10000, "u_mse": [0.14193419659311504, 0.0], "d_mse": [0.32804761251735504, 0.32804761251735504], "gamma": 0.03, "swap_ratio": 0.01}
{"acc": [0.6018927236573955, 0.0], "network_size": 8078, "b_mse": [0.38399659869941355, 0.38399659869941355], "runtime": 913.6309580802917, "alpha_mse": [269493.3123736026, 0.0], "prob_mse": [0.33094459268029075, 0.0], "adv_type": "random_noise", "dataset": "enron", "sample_size": 1, "test_ratio": 0.3, "T": 10, "realization": 0, "beta_mse": [23810.461998000756, 0.0], "attack_edge": 10000, "u_mse": [0.1416620581291669, 0.0], "d_mse": [0.3259756370690041, 0.3259756370690041], "gamma": 0.05, "swap_ratio": 0.01}
{"acc": [0.6047804886098299, 0.0], "network_size": 8078, "b_mse": [0.37897413704332555, 0.37897413704332555], "runtime": 912.8528590202332, "alpha_mse": [262567.21624060656, 0.0], "prob_mse": [0.3280571505474701, 0.0], "adv_type": "random_noise", "dataset": "enron", "sample_size": 1, "test_ratio": 0.3, "T": 10, "realization": 0, "beta_mse": [24516.853782414575, 0.0], "attack_edge": 10000, "u_mse": [0.14162937820178068, 0.0], "d_mse": [0.3240736210259123, 0.3240736210259123], "gamma": 0.07, "swap_ratio": 0.01}
{"acc": [0.6084933292629598, 0.0], "network_size": 8078, "b_mse": [0.37399757199326494, 0.37399757199326494], "runtime": 932.0330209732056, "alpha_mse": [255973.29664588295, 0.0], "prob_mse": [0.32537081005994445, 0.0], "adv_type": "random_noise", "dataset": "enron", "sample_size": 1, "test_ratio": 0.3, "T": 10, "realization": 0, "beta_mse": [25205.37255388732, 0.0], "attack_edge": 10000, "u_mse": [0.14166300641460924, 0.0], "d_mse": [0.3222551986458389, 0.3222551986458389], "gamma": 0.09, "swap_ratio": 0.01}
{"acc": [0.6307703731817395, 0.0], "network_size": 8078, "b_mse": [0.34856511481865315, 0.34856511481865315], "runtime": 921.4214270114899, "alpha_mse": [224559.30974031592, 0.0], "prob_mse": [0.3155191251671947, 0.0], "adv_type": "random_noise", "dataset": "enron", "sample_size": 1, "test_ratio": 0.3, "T": 10, "realization": 0, "beta_mse": [28721.170200611174, 0.0], "attack_edge": 10000, "u_mse": [0.14194608941570008, 0.0], "d_mse": [0.3135908024377699, 0.3135908024377699], "gamma": 0.2, "swap_ratio": 0.01}
{"acc": [0.6522223413998235, 0.0], "network_size": 8078, "b_mse": [0.32989914559426153, 0.32989914559426153], "runtime": 918.7920899391174, "alpha_mse": [201429.00200947557, 0.0], "prob_mse": [0.3094170769356426, 0.0], "adv_type": "random_noise", "dataset": "enron", "sample_size": 1, "test_ratio": 0.3, "T": 10, "realization": 0, "beta_mse": [31606.65903693236, 0.0], "attack_edge": 10000, "u_mse": [0.1421859235630999, 0.0], "d_mse": [0.3077808279091738, 0.3077808279091738], "gamma": 0.3, "swap_ratio": 0.01}
{"acc": [0.6654235526109521, 0.0], "network_size": 8078, "b_mse": [0.3156872574764574, 0.3156872574764574], "runtime": 935.7039928436279, "alpha_mse": [182042.42178923095, 0.0], "prob_mse": [0.3052542791626906, 0.0], "adv_type": "random_noise", "dataset": "enron", "sample_size": 1, "test_ratio": 0.3, "T": 10, "realization": 0, "beta_mse": [34284.12641400699, 0.0], "attack_edge": 10000, "u_mse": [0.14233539080401436, 0.0], "d_mse": [0.30390336641280563, 0.30390336641280563], "gamma": 0.4, "swap_ratio": 0.01}
{"acc": [0.6806874530738195, 0.0], "network_size": 8078, "b_mse": [0.3072214381819751, 0.3072214381819751], "runtime": 906.4140949249268, "alpha_mse": [165539.7033835256, 0.0], "prob_mse": [0.30282586006809237, 0.0], "adv_type": "random_noise", "dataset": "enron", "sample_size": 1, "test_ratio": 0.3, "T": 10, "realization": 0, "beta_mse": [36820.8610957821, 0.0], "attack_edge": 10000, "u_mse": [0.14244792043876614, 0.0], "d_mse": [0.3019869310975743, 0.3019869310975743], "gamma": 0.5, "swap_ratio": 0.01}
