{"acc": [0.815312280826708, 0.0], "network_size": 67392, "b_mse": [0.1957994559140724, 0.1957994559140724], "runtime": 2294.558408021927, "alpha_mse": [44020.632779657055, 0.0], "prob_mse": [0.17235889621034176, 0.0], "adv_type": "random_pgd_csl", "dataset": "enron", "sample_size": 1, "test_ratio": 0.3, "T": 10, "realization": 0, "beta_mse": [5765.749450254941, 0.0], "attack_edge": 10000, "u_mse": [0.13427154494961302, 0.0], "d_mse": [0.20802455871274153, 0.20802455871274153], "gamma": 0.09, "swap_ratio": 0.01}
{"acc": [0.6020371925638613, 0.0], "network_size": 67392, "b_mse": [0.2094868478265672, 0.2094868478265672], "runtime": 2541.1840929985046, "alpha_mse": [58502.785432536046, 0.0], "prob_mse": [0.255274909882304, 0.0], "adv_type": "random_pgd_csl", "dataset": "enron", "sample_size": 1, "test_ratio": 0.3, "T": 10, "realization": 0, "beta_mse": [3550.449730978518, 0.0], "attack_edge": 10000, "u_mse": [0.18925556897560072, 0.0], "d_mse": [0.36144242359835516, 0.36144242359835516], "gamma": 0.0, "swap_ratio": 0.01}
{"acc": [0.7977042262298681, 0.0], "network_size": 67392, "b_mse": [0.21136063348604442, 0.21136063348604442], "runtime": 2578.1914269924164, "alpha_mse": [56592.217993240374, 0.0], "prob_mse": [0.20278220627763485, 0.0], "adv_type": "random_pgd_csl", "dataset": "enron", "sample_size": 1, "test_ratio": 0.3, "T": 10, "realization": 0, "beta_mse": [3838.4910649708568, 0.0], "attack_edge": 10000, "u_mse": [0.14304934067009042, 0.0], "d_mse": [0.2535143282683731, 0.2535143282683731], "gamma": 0.01, "swap_ratio": 0.01}
{"acc": [0.8283699392917803, 0.0], "network_size": 67392, "b_mse": [0.18768283195078383, 0.18768283195078383], "runtime": 3008.7069280147552, "alpha_mse": [32095.914079345443, 0.0], "prob_mse": [0.1946139647327397, 0.0], "adv_type": "random_pgd_csl", "dataset": "enron", "sample_size": 1, "test_ratio": 0.3, "T": 10, "realization": 0, "beta_mse": [7664.415217769735, 0.0], "attack_edge": 10000, "u_mse": [0.13607206151032322, 0.0], "d_mse": [0.2069033032726121, 0.2069033032726121], "gamma": 0.2, "swap_ratio": 0.01}
{"acc": [0.8047771245651156, 0.0], "network_size": 67392, "b_mse": [0.20754479794477643, 0.20754479794477643], "runtime": 2825.8697299957275, "alpha_mse": [53028.5858947741, 0.0], "prob_mse": [0.17959702933736682, 0.0], "adv_type": "random_pgd_csl", "dataset": "enron", "sample_size": 1, "test_ratio": 0.3, "T": 10, "realization": 0, "beta_mse": [4380.082174146471, 0.0], "attack_edge": 10000, "u_mse": [0.13475108490499255, 0.0], "d_mse": [0.2244044014187414, 0.2244044014187414], "gamma": 0.03, "swap_ratio": 0.01}
{"acc": [0.8367288191425273, 0.0], "network_size": 67392, "b_mse": [0.21581376731350008, 0.21581376731350008], "runtime": 3144.8629150390625, "alpha_mse": [24642.468931796713, 0.0], "prob_mse": [0.22264815435635565, 0.0], "adv_type": "random_pgd_csl", "dataset": "enron", "sample_size": 1, "test_ratio": 0.3, "T": 10, "realization": 0, "beta_mse": [8953.396880833487, 0.0], "attack_edge": 10000, "u_mse": [0.13732603786631067, 0.0], "d_mse": [0.2329903945625284, 0.2329903945625284], "gamma": 0.3, "swap_ratio": 0.01}
{"acc": [0.8087834515941719, 0.0], "network_size": 67392, "b_mse": [0.20336725617320403, 0.20336725617320403], "runtime": 2791.544237136841, "alpha_mse": [49769.74801668944, 0.0], "prob_mse": [0.17080996142955196, 0.0], "adv_type": "random_pgd_csl", "dataset": "enron", "sample_size": 1, "test_ratio": 0.3, "T": 10, "realization": 0, "beta_mse": [4878.642816415048, 0.0], "attack_edge": 10000, "u_mse": [0.13464387139645972, 0.0], "d_mse": [0.2164506882693626, 0.2164506882693626], "gamma": 0.05, "swap_ratio": 0.01}
{"acc": [0.8433071092025827, 0.0], "network_size": 67392, "b_mse": [0.24817834601345032, 0.24817834601345032], "runtime": 3169.024612903595, "alpha_mse": [19414.54994912683, 0.0], "prob_mse": [0.2542250974299017, 0.0], "adv_type": "random_pgd_csl", "dataset": "enron", "sample_size": 1, "test_ratio": 0.3, "T": 10, "realization": 0, "beta_mse": [9998.465577864965, 0.0], "attack_edge": 10000, "u_mse": [0.13813741633444906, 0.0], "d_mse": [0.26339171674359263, 0.26339171674359263], "gamma": 0.4, "swap_ratio": 0.01}
{"acc": [0.8120973270379592, 0.0], "network_size": 67392, "b_mse": [0.19945109116645998, 0.19945109116645998], "runtime": 2840.6506991386414, "alpha_mse": [46777.48810733681, 0.0], "prob_mse": [0.1706100137817007, 0.0], "adv_type": "random_pgd_csl", "dataset": "enron", "sample_size": 1, "test_ratio": 0.3, "T": 10, "realization": 0, "beta_mse": [5338.978435039448, 0.0], "attack_edge": 10000, "u_mse": [0.1343285070407279, 0.0], "d_mse": [0.21161278735183792, 0.21161278735183792], "gamma": 0.07, "swap_ratio": 0.01}
{"acc": [0.8483026527820231, 0.0], "network_size": 67392, "b_mse": [0.2826192161387267, 0.2826192161387267], "runtime": 3269.767119884491, "alpha_mse": [15926.724741001213, 0.0], "prob_mse": [0.28791331676327864, 0.0], "adv_type": "random_pgd_csl", "dataset": "enron", "sample_size": 1, "test_ratio": 0.3, "T": 10, "realization": 0, "beta_mse": [10895.040282528173, 0.0], "attack_edge": 10000, "u_mse": [0.13860027571376052, 0.0], "d_mse": [0.29612266467549614, 0.29612266467549614], "gamma": 0.5, "swap_ratio": 0.01}
{"acc": [0.6566325936581769, 0.0], "network_size": 164336, "b_mse": [0.16914846737404587, 0.16914846737404587], "runtime": 9673.082300901413, "alpha_mse": [101663.31094715143, 0.0], "prob_mse": [0.2132717666241165, 0.0], "adv_type": "random_pgd_csl", "dataset": "slashdot", "sample_size": 1, "test_ratio": 0.3, "T": 10, "realization": 0, "beta_mse": [5751.329161267418, 0.0], "attack_edge": 10000, "u_mse": [0.18408560203491683, 0.0], "d_mse": [0.31993656257403247, 0.31993656257403247], "gamma": 0.0, "swap_ratio": 0.01}
{"acc": [0.8448272434777916, 0.0], "network_size": 164336, "b_mse": [0.17204759718664064, 0.17204759718664064], "runtime": 9581.052998065948, "alpha_mse": [97580.07748148765, 0.0], "prob_mse": [0.15359268281494448, 0.0], "adv_type": "random_pgd_csl", "dataset": "slashdot", "sample_size": 1, "test_ratio": 0.3, "T": 10, "realization": 0, "beta_mse": [6286.325180044231, 0.0], "attack_edge": 10000, "u_mse": [0.13622781718221313, 0.0], "d_mse": [0.2030398800827279, 0.2030398800827279], "gamma": 0.01, "swap_ratio": 0.01}
{"acc": [0.8484580736478402, 0.0], "network_size": 164336, "b_mse": [0.16978497460462968, 0.16978497460462968], "runtime": 10133.303293943405, "alpha_mse": [90066.85347112613, 0.0], "prob_mse": [0.13415222808608868, 0.0], "adv_type": "random_pgd_csl", "dataset": "slashdot", "sample_size": 1, "test_ratio": 0.3, "T": 10, "realization": 0, "beta_mse": [7267.564758880184, 0.0], "attack_edge": 10000, "u_mse": [0.13486783445905784, 0.0], "d_mse": [0.1876172108319046, 0.1876172108319046], "gamma": 0.03, "swap_ratio": 0.01}
{"acc": [0.8500199391399841, 0.0], "network_size": 164336, "b_mse": [0.16735186448134548, 0.16735186448134548], "runtime": 10405.751107931137, "alpha_mse": [83308.9700957566, 0.0], "prob_mse": [0.12651181535025494, 0.0], "adv_type": "random_pgd_csl", "dataset": "slashdot", "sample_size": 1, "test_ratio": 0.3, "T": 10, "realization": 0, "beta_mse": [8140.492490796283, 0.0], "attack_edge": 10000, "u_mse": [0.1359942354256784, 0.0], "d_mse": [0.1832247323958851, 0.1832247323958851], "gamma": 0.05, "swap_ratio": 0.01}
