{"47676_0.1_0.0_0_10_0.1_0.1": 96138.5874080658}
{"47676_0.1_0.0_0_10_0.1_0.2": 25.040471076965332}
{"47676_0.1_0.0_0_10_0.1_0.3": 25.546052932739258}
{"47676_0.1_0.0_0_10_0.1_0.4": 26.44833207130432}
{"47676_0.1_0.0_0_10_0.1_0.5": 28.506623029708862}
{"47676_0.1_0.0_0_10_0.1_0.6": 27.89202618598938}
{"47676_0.1_0.0_0_10_0.2_0.1": 27.785444021224976}
{"47676_0.1_0.0_0_10_0.2_0.2": 26.441014051437378}
{"47676_0.1_0.0_0_10_0.2_0.3": 26.545977115631104}
{"47676_0.1_0.0_0_10_0.2_0.4": 26.972633123397827}
{"47676_0.1_0.0_0_10_0.2_0.5": 26.953672170639038}
{"47676_0.1_0.0_0_10_0.2_0.6": 27.2148118019104}
{"47676_0.1_0.0_0_10_0.3_0.1": 26.621232986450195}
{"47676_0.1_0.0_0_10_0.3_0.2": 29.632072925567627}
{"47676_0.1_0.0_0_10_0.3_0.3": 27.77101492881775}
{"47676_0.1_0.0_0_10_0.3_0.4": 26.70890498161316}
{"47676_0.1_0.0_0_10_0.3_0.5": 30.485827207565308}
{"47676_0.1_0.0_0_10_0.3_0.6": 29.721012115478516}
{"47676_0.1_0.0_0_10_0.4_0.1": 27.037503004074097}
{"47676_0.1_0.0_0_10_0.4_0.2": 27.198511838912964}
{"47676_0.1_0.0_0_10_0.4_0.3": 27.42801594734192}
{"47676_0.1_0.0_0_10_0.4_0.4": 27.09173083305359}
{"47676_0.1_0.0_0_10_0.4_0.5": 27.430622100830078}
{"47676_0.1_0.0_0_10_0.4_0.6": 27.17084789276123}
{"47676_0.1_0.0_0_10_0.5_0.1": 27.205059051513672}
{"47676_0.1_0.0_0_10_0.5_0.2": 28.24577522277832}
{"47676_0.1_0.0_0_10_0.5_0.3": 26.941843032836914}
{"47676_0.1_0.0_0_10_0.5_0.4": 26.964372873306274}
{"47676_0.1_0.0_0_10_0.5_0.5": 27.109158039093018}
{"47676_0.1_0.0_0_10_0.5_0.6": 27.5866961479187}
{"47676_0.1_0.0_0_10_0.1_0.1": 75354.16265296936}
{"47676_0.1_0.0_0_10_0.1_0.1": 20.839788913726807}
{"47676_0.1_0.0_0_10_0.1_0.1": 23.873077869415283}
{"47676_0.1_0.0_0_10_0.1_0.1": 27.82252788543701}
{"47676_0.1_0.0_0_10_0.1_0.1": 27.099485874176025}
{"47676_0.1_0.0_0_10_0.1_0.1": 28.862924098968506}
{"47676_0.1_0.0_0_10_0.1_0.1": 27.85294508934021}
{"47676_0.1_0.0_0_10_0.1_0.1": 28.58020305633545}
{"47676_0.1_0.0_0_10_0.1_0.1": 28.66236686706543}
{"47676_0.1_0.0_0_10_0.1_0.1": 27.373467206954956}
{"47676_0.1_0.0_0_10_0.1_0.1": 58144.36143088341}
