{"acc": [0.7288241045240423, 0.0], "network_size": 5000, "b_mse": [0.22315185185185182, 0.22315185185185182], "alpha_mse": [2.6778222222222228, 0.0], "positive_ratio": 0.2, "d_mse": [0.22315185185185188, 0.22315185185185188], "adv_type": "random_flip", "prob_mse": [0.2231096296296296, 0.0], "sample_size": 1, "test_ratio": 0.1, "T": 10, "realization": 0, "beta_mse": [2.677822222222223, 0.0], "runtime": 117.41727495193481, "u_mse": [0.0, 0.0], "gamma": 0.2}
{"acc": [0.7110479068527242, 0.0], "network_size": 5000, "b_mse": [0.24639259259259258, 0.24639259259259258], "alpha_mse": [2.9567111111111117, 0.0], "positive_ratio": 0.2, "d_mse": [0.24639259259259266, 0.24639259259259266], "adv_type": "random_flip", "prob_mse": [0.24635037037037036, 0.0], "sample_size": 1, "test_ratio": 0.1, "T": 10, "realization": 0, "beta_mse": [2.9567111111111126, 0.0], "runtime": 113.03010988235474, "u_mse": [0.0, 0.0], "gamma": 0.25}
{"acc": [0.7594316511513964, 0.0], "network_size": 5000, "b_mse": [0.2105438010393467, 0.2105438010393467], "alpha_mse": [2.526525612472161, 0.0], "positive_ratio": 0.2, "d_mse": [0.21054380103934675, 0.21054380103934675], "adv_type": "random_flip", "prob_mse": [0.2104941351150705, 0.0], "sample_size": 1, "test_ratio": 0.2, "T": 10, "realization": 0, "beta_mse": [2.5265256124721622, 0.0], "runtime": 130.6746690273285, "u_mse": [0.0, 0.0], "gamma": 0.2}
{"acc": [0.726025566789898, 0.0], "network_size": 5000, "b_mse": [0.22698960653303638, 0.22698960653303638], "alpha_mse": [2.723875278396437, 0.0], "positive_ratio": 0.2, "d_mse": [0.2269896065330364, 0.2269896065330364], "adv_type": "random_flip", "prob_mse": [0.22694038604305863, 0.0], "sample_size": 1, "test_ratio": 0.2, "T": 10, "realization": 0, "beta_mse": [2.723875278396438, 0.0], "runtime": 138.2229619026184, "u_mse": [0.0, 0.0], "gamma": 0.25}
{"acc": [0.696407845004613, 0.0], "network_size": 5000, "b_mse": [0.2356934523809524, 0.2356934523809524], "alpha_mse": [2.828321428571429, 0.0], "positive_ratio": 0.2, "d_mse": [0.2356934523809524, 0.2356934523809524], "adv_type": "random_flip", "prob_mse": [0.23565119047619046, 0.0], "sample_size": 1, "test_ratio": 0.3, "T": 10, "realization": 0, "beta_mse": [2.82832142857143, 0.0], "runtime": 133.26174783706665, "u_mse": [0.0, 0.0], "gamma": 0.2}
{"acc": [0.6993839469063421, 0.0], "network_size": 5000, "b_mse": [0.23710615079365083, 0.23710615079365083], "alpha_mse": [2.84527380952381, 0.0], "positive_ratio": 0.2, "d_mse": [0.23710615079365083, 0.23710615079365083], "adv_type": "random_flip", "prob_mse": [0.23706388888888888, 0.0], "sample_size": 1, "test_ratio": 0.3, "T": 10, "realization": 0, "beta_mse": [2.845273809523811, 0.0], "runtime": 212.87631106376648, "u_mse": [0.0, 0.0], "gamma": 0.25}
{"acc": [0.7031093055958573, 0.0], "network_size": 5000, "b_mse": [0.23687127976190478, 0.23687127976190478], "alpha_mse": [2.8424553571428577, 0.0], "positive_ratio": 0.2, "d_mse": [0.23687127976190483, 0.23687127976190483], "adv_type": "random_flip", "prob_mse": [0.23682953869047618, 0.0], "sample_size": 1, "test_ratio": 0.4, "T": 10, "realization": 0, "beta_mse": [2.842455357142859, 0.0], "runtime": 154.3538420200348, "u_mse": [0.0, 0.0], "gamma": 0.2}
{"acc": [0.7053413986294949, 0.0], "network_size": 5000, "b_mse": [0.24316871279761912, 0.24316871279761912], "alpha_mse": [2.918024553571429, 0.0], "positive_ratio": 0.2, "d_mse": [0.24316871279761912, 0.24316871279761912], "adv_type": "random_flip", "prob_mse": [0.2431267485119048, 0.0], "sample_size": 1, "test_ratio": 0.4, "T": 10, "realization": 0, "beta_mse": [2.91802455357143, 0.0], "runtime": 158.60359001159668, "u_mse": [0.0, 0.0], "gamma": 0.25}
{"acc": [0.7151658006107033, 0.0], "network_size": 5000, "b_mse": [0.2310550595238095, 0.2310550595238095], "alpha_mse": [2.7726607142857147, 0.0], "positive_ratio": 0.2, "d_mse": [0.23105505952380959, 0.23105505952380959], "adv_type": "random_flip", "prob_mse": [0.23101309523809524, 0.0], "sample_size": 1, "test_ratio": 0.5, "T": 10, "realization": 0, "beta_mse": [2.7726607142857156, 0.0], "runtime": 134.1781370639801, "u_mse": [0.0, 0.0], "gamma": 0.2}
{"acc": [0.7008803414224746, 0.0], "network_size": 5000, "b_mse": [0.24579486607142859, 0.24579486607142859], "alpha_mse": [2.9495383928571437, 0.0], "positive_ratio": 0.2, "d_mse": [0.24579486607142864, 0.24579486607142864], "adv_type": "random_flip", "prob_mse": [0.24575308035714286, 0.0], "sample_size": 1, "test_ratio": 0.5, "T": 10, "realization": 0, "beta_mse": [2.9495383928571437, 0.0], "runtime": 155.78672695159912, "u_mse": [0.0, 0.0], "gamma": 0.25}
