{"acc": [0.7544418320883307, 0.0], "network_size": 5000, "b_mse": [0.19971478174603172, 0.19971478174603172], "alpha_mse": [2.396577380952382, 0.0], "positive_ratio": 0.2, "d_mse": [0.1997147817460318, 0.1997147817460318], "adv_type": "random_pgd", "prob_mse": [0.19966478174603175, 0.0], "sample_size": 1, "test_ratio": 0.3, "T": 10, "realization": 1, "beta_mse": [2.3965773809523823, 0.0], "runtime": 15.33585000038147, "u_mse": [0.0, 0.0], "gamma": 0.0}
{"acc": [0.6368858069700307, 0.0], "network_size": 5000, "b_mse": [0.30082118055555557, 0.30082118055555557], "alpha_mse": [3.609854166666667, 0.0], "positive_ratio": 0.2, "d_mse": [0.30082118055555557, 0.30082118055555557], "adv_type": "random_pgd", "prob_mse": [0.3007705853174603, 0.0], "sample_size": 1, "test_ratio": 0.3, "T": 10, "realization": 1, "beta_mse": [3.6098541666666684, 0.0], "runtime": 15.720484018325806, "u_mse": [0.0, 0.0], "gamma": 0.01}
{"acc": [0.6398619088717598, 0.0], "network_size": 5000, "b_mse": [0.29923276289682543, 0.29923276289682543], "alpha_mse": [3.590793154761905, 0.0], "positive_ratio": 0.2, "d_mse": [0.29923276289682543, 0.29923276289682543], "adv_type": "random_pgd", "prob_mse": [0.2991824652777778, 0.0], "sample_size": 1, "test_ratio": 0.3, "T": 10, "realization": 1, "beta_mse": [3.590793154761906, 0.0], "runtime": 15.455599069595337, "u_mse": [0.0, 0.0], "gamma": 0.03}
{"acc": [0.6413499598226243, 0.0], "network_size": 5000, "b_mse": [0.2984153025793651, 0.2984153025793651], "alpha_mse": [3.5809836309523813, 0.0], "positive_ratio": 0.2, "d_mse": [0.2984153025793651, 0.2984153025793651], "adv_type": "random_pgd", "prob_mse": [0.2983650049603175, 0.0], "sample_size": 1, "test_ratio": 0.3, "T": 10, "realization": 1, "beta_mse": [3.5809836309523826, 0.0], "runtime": 15.680001974105835, "u_mse": [0.0, 0.0], "gamma": 0.05}
{"acc": [0.6383738579208952, 0.0], "network_size": 5000, "b_mse": [0.2988268849206349, 0.2988268849206349], "alpha_mse": [3.5859226190476194, 0.0], "positive_ratio": 0.2, "d_mse": [0.29882688492063497, 0.29882688492063497], "adv_type": "random_pgd", "prob_mse": [0.2987765873015873, 0.0], "sample_size": 1, "test_ratio": 0.3, "T": 10, "realization": 1, "beta_mse": [3.58592261904762, 0.0], "runtime": 15.65504789352417, "u_mse": [0.0, 0.0], "gamma": 0.07}
{"acc": [0.6353977560191661, 0.0], "network_size": 5000, "b_mse": [0.3013974454365079, 0.3013974454365079], "alpha_mse": [3.616769345238095, 0.0], "positive_ratio": 0.2, "d_mse": [0.3013974454365079, 0.3013974454365079], "adv_type": "random_pgd", "prob_mse": [0.30134714781746036, 0.0], "sample_size": 1, "test_ratio": 0.3, "T": 10, "realization": 1, "beta_mse": [3.6167693452380965, 0.0], "runtime": 15.656879186630249, "u_mse": [0.0, 0.0], "gamma": 0.09}
{"acc": [0.6294455522157079, 0.0], "network_size": 5000, "b_mse": [0.30344233630952383, 0.30344233630952383], "alpha_mse": [3.641308035714286, 0.0], "positive_ratio": 0.2, "d_mse": [0.3034423363095239, 0.3034423363095239], "adv_type": "random_pgd", "prob_mse": [0.3033917410714285, 0.0], "sample_size": 1, "test_ratio": 0.3, "T": 10, "realization": 1, "beta_mse": [3.6413080357142866, 0.0], "runtime": 15.657658100128174, "u_mse": [0.0, 0.0], "gamma": 0.2}
{"acc": [0.6413499598226243, 0.0], "network_size": 5000, "b_mse": [0.3035693204365079, 0.3035693204365079], "alpha_mse": [3.6428318452380957, 0.0], "positive_ratio": 0.2, "d_mse": [0.303569320436508, 0.303569320436508], "adv_type": "random_pgd", "prob_mse": [0.3035187251984127, 0.0], "sample_size": 1, "test_ratio": 0.3, "T": 10, "realization": 1, "beta_mse": [3.642831845238097, 0.0], "runtime": 15.44295597076416, "u_mse": [0.0, 0.0], "gamma": 0.3}
{"acc": [0.6398619088717598, 0.0], "network_size": 5000, "b_mse": [0.30037462797619047, 0.30037462797619047], "alpha_mse": [3.6044955357142863, 0.0], "positive_ratio": 0.2, "d_mse": [0.3003746279761905, 0.3003746279761905], "adv_type": "random_pgd", "prob_mse": [0.3003240327380952, 0.0], "sample_size": 1, "test_ratio": 0.3, "T": 10, "realization": 1, "beta_mse": [3.604495535714287, 0.0], "runtime": 15.717595100402832, "u_mse": [0.0, 0.0], "gamma": 0.4}
{"acc": [0.7544418320883307, 0.0], "network_size": 5000, "b_mse": [0.19971478174603172, 0.19971478174603172], "alpha_mse": [2.396577380952382, 0.0], "positive_ratio": 0.2, "d_mse": [0.1997147817460318, 0.1997147817460318], "adv_type": "random_pgd", "prob_mse": [0.19966478174603175, 0.0], "sample_size": 1, "test_ratio": 0.3, "T": 10, "realization": 1, "beta_mse": [2.3965773809523823, 0.0], "runtime": 15.56361198425293, "u_mse": [0.0, 0.0], "gamma": 0.5}
{"acc": [0.7559298830391953, 0.0], "network_size": 5000, "b_mse": [0.19804935515873018, 0.19804935515873018], "alpha_mse": [2.376592261904763, 0.0], "positive_ratio": 0.2, "d_mse": [0.1980493551587302, 0.1980493551587302], "adv_type": "random_pgd", "prob_mse": [0.19799935515873016, 0.0], "sample_size": 1, "test_ratio": 0.3, "T": 10, "realization": 1, "beta_mse": [2.3765922619047632, 0.0], "runtime": 15.945895910263062, "u_mse": [0.0, 0.0], "gamma": 0.0}
{"acc": [0.7574179339900599, 0.0], "network_size": 5000, "b_mse": [0.19711929563492067, 0.19711929563492067], "alpha_mse": [2.3654315476190484, 0.0], "positive_ratio": 0.2, "d_mse": [0.19711929563492067, 0.19711929563492067], "adv_type": "random_pgd", "prob_mse": [0.19706929563492062, 0.0], "sample_size": 1, "test_ratio": 0.3, "T": 10, "realization": 1, "beta_mse": [2.365431547619049, 0.0], "runtime": 17.06537103652954, "u_mse": [0.0, 0.0], "gamma": 0.01}
{"acc": [0.7574179339900599, 0.0], "network_size": 5000, "b_mse": [0.19729290674603175, 0.19729290674603175], "alpha_mse": [2.3675148809523816, 0.0], "positive_ratio": 0.2, "d_mse": [0.1972929067460318, 0.1972929067460318], "adv_type": "random_pgd", "prob_mse": [0.19724290674603176, 0.0], "sample_size": 1, "test_ratio": 0.3, "T": 10, "realization": 1, "beta_mse": [2.367514880952382, 0.0], "runtime": 16.449896097183228, "u_mse": [0.0, 0.0], "gamma": 0.03}
{"acc": [0.7574179339900599, 0.0], "network_size": 5000, "b_mse": [0.19736607142857143, 0.19736607142857143], "alpha_mse": [2.3683928571428576, 0.0], "positive_ratio": 0.2, "d_mse": [0.19736607142857152, 0.19736607142857152], "adv_type": "random_pgd", "prob_mse": [0.19731607142857147, 0.0], "sample_size": 1, "test_ratio": 0.3, "T": 10, "realization": 1, "beta_mse": [2.3683928571428585, 0.0], "runtime": 15.453564882278442, "u_mse": [0.0, 0.0], "gamma": 0.05}
{"acc": [0.7574179339900599, 0.0], "network_size": 5000, "b_mse": [0.19697780257936506, 0.19697780257936506], "alpha_mse": [2.3637336309523818, 0.0], "positive_ratio": 0.2, "d_mse": [0.19697780257936515, 0.19697780257936515], "adv_type": "random_pgd", "prob_mse": [0.1969278025793651, 0.0], "sample_size": 1, "test_ratio": 0.3, "T": 10, "realization": 1, "beta_mse": [2.3637336309523826, 0.0], "runtime": 17.253189086914062, "u_mse": [0.0, 0.0], "gamma": 0.07}
{"acc": [0.7574179339900599, 0.0], "network_size": 5000, "b_mse": [0.19689595734126986, 0.19689595734126986], "alpha_mse": [2.3627514880952383, 0.0], "positive_ratio": 0.2, "d_mse": [0.1968959573412699, 0.1968959573412699], "adv_type": "random_pgd", "prob_mse": [0.19684595734126983, 0.0], "sample_size": 1, "test_ratio": 0.3, "T": 10, "realization": 1, "beta_mse": [2.362751488095239, 0.0], "runtime": 15.457753896713257, "u_mse": [0.0, 0.0], "gamma": 0.09}
{"acc": [0.7574179339900599, 0.0], "network_size": 5000, "b_mse": [0.19687239583333332, 0.19687239583333332], "alpha_mse": [2.3624687500000006, 0.0], "positive_ratio": 0.2, "d_mse": [0.19687239583333338, 0.19687239583333338], "adv_type": "random_pgd", "prob_mse": [0.19682239583333333, 0.0], "sample_size": 1, "test_ratio": 0.3, "T": 10, "realization": 1, "beta_mse": [2.3624687500000014, 0.0], "runtime": 15.204849004745483, "u_mse": [0.0, 0.0], "gamma": 0.2}
{"acc": [0.7529537811374661, 0.0], "network_size": 5000, "b_mse": [0.20175979662698412, 0.20175979662698412], "alpha_mse": [2.42111755952381, 0.0], "positive_ratio": 0.2,