{"acc": [0.7544418320883307, 0.0], "network_size": 5000, "b_mse": [0.19971478174603177, 0.19971478174603177], "alpha_mse": [2.396577380952382, 0.0], "positive_ratio": 0.2, "d_mse": [0.1997147817460318, 0.1997147817460318], "adv_type": "random_pgd_csl", "prob_mse": [0.19966478174603175, 0.0], "sample_size": 1, "test_ratio": 0.3, "T": 10, "realization": 1, "beta_mse": [2.3965773809523823, 0.0], "runtime": 15.215800046920776, "u_mse": [0.0, 0.0], "gamma": 0.0}
{"acc": [0.6294455522157079, 0.0], "network_size": 5000, "b_mse": [0.3044702380952381, 0.3044702380952381], "alpha_mse": [3.653642857142858, 0.0], "positive_ratio": 0.2, "d_mse": [0.30447023809523815, 0.30447023809523815], "adv_type": "random_pgd_csl", "prob_mse": [0.3044199404761905, 0.0], "sample_size": 1, "test_ratio": 0.3, "T": 10, "realization": 1, "beta_mse": [3.653642857142858, 0.0], "runtime": 15.795328140258789, "u_mse": [0.0, 0.0], "gamma": 0.01}
{"acc": [0.6279575012648433, 0.0], "network_size": 5000, "b_mse": [0.3036021825396825, 0.3036021825396825], "alpha_mse": [3.643226190476191, 0.0], "positive_ratio": 0.2, "d_mse": [0.3036021825396826, 0.3036021825396826], "adv_type": "random_pgd_csl", "prob_mse": [0.30355188492063495, 0.0], "sample_size": 1, "test_ratio": 0.3, "T": 10, "realization": 1, "beta_mse": [3.643226190476191, 0.0], "runtime": 15.495410919189453, "u_mse": [0.0, 0.0], "gamma": 0.03}
{"acc": [0.6294455522157079, 0.0], "network_size": 5000, "b_mse": [0.30172842261904764, 0.30172842261904764], "alpha_mse": [3.6207410714285726, 0.0], "positive_ratio": 0.2, "d_mse": [0.30172842261904764, 0.30172842261904764], "adv_type": "random_pgd_csl", "prob_mse": [0.30167812499999996, 0.0], "sample_size": 1, "test_ratio": 0.3, "T": 10, "realization": 1, "beta_mse": [3.6207410714285726, 0.0], "runtime": 15.570116996765137, "u_mse": [0.0, 0.0], "gamma": 0.05}
{"acc": [0.6279575012648433, 0.0], "network_size": 5000, "b_mse": [0.30086396329365084, 0.30086396329365084], "alpha_mse": [3.61036755952381, 0.0], "positive_ratio": 0.2, "d_mse": [0.30086396329365084, 0.30086396329365084], "adv_type": "random_pgd_csl", "prob_mse": [0.3008136656746032, 0.0], "sample_size": 1, "test_ratio": 0.3, "T": 10, "realization": 1, "beta_mse": [3.61036755952381, 0.0], "runtime": 15.666447877883911, "u_mse": [0.0, 0.0], "gamma": 0.07}
{"acc": [0.6220052974613851, 0.0], "network_size": 5000, "b_mse": [0.30273524305555555, 0.30273524305555555], "alpha_mse": [3.6328229166666675, 0.0], "positive_ratio": 0.2, "d_mse": [0.30273524305555555, 0.30273524305555555], "adv_type": "random_pgd_csl", "prob_mse": [0.3026849454365079, 0.0], "sample_size": 1, "test_ratio": 0.3, "T": 10, "realization": 1, "beta_mse": [3.632822916666668, 0.0], "runtime": 15.543882131576538, "u_mse": [0.0, 0.0], "gamma": 0.09}
{"acc": [0.619029195559656, 0.0], "network_size": 5000, "b_mse": [0.30484300595238095, 0.30484300595238095], "alpha_mse": [3.658116071428572, 0.0], "positive_ratio": 0.2, "d_mse": [0.304843005952381, 0.304843005952381], "adv_type": "random_pgd_csl", "prob_mse": [0.3047924107142857, 0.0], "sample_size": 1, "test_ratio": 0.3, "T": 10, "realization": 1, "beta_mse": [3.6581160714285725, 0.0], "runtime": 15.468755006790161, "u_mse": [0.0, 0.0], "gamma": 0.2}
{"acc": [0.6383738579208952, 0.0], "network_size": 5000, "b_mse": [0.3027591765873016, 0.3027591765873016], "alpha_mse": [3.6331101190476196, 0.0], "positive_ratio": 0.2, "d_mse": [0.30275917658730167, 0.30275917658730167], "adv_type": "random_pgd_csl", "prob_mse": [0.302708878968254, 0.0], "sample_size": 1, "test_ratio": 0.3, "T": 10, "realization": 1, "beta_mse": [3.63311011904762, 0.0], "runtime": 15.793883085250854, "u_mse": [0.0, 0.0], "gamma": 0.3}
{"acc": [0.6353977560191661, 0.0], "network_size": 5000, "b_mse": [0.30145920138888893, 0.30145920138888893], "alpha_mse": [3.6175104166666676, 0.0], "positive_ratio": 0.2, "d_mse": [0.30145920138888893, 0.30145920138888893], "adv_type": "random_pgd_csl", "prob_mse": [0.30140890376984125, 0.0], "sample_size": 1, "test_ratio": 0.3, "T": 10, "realization": 1, "beta_mse": [3.617510416666668, 0.0], "runtime": 16.165652990341187, "u_mse": [0.0, 0.0], "gamma": 0.4}
{"acc": [0.7544418320883307, 0.0], "network_size": 5000, "b_mse": [0.19971478174603177, 0.19971478174603177], "alpha_mse": [2.396577380952382, 0.0], "positive_ratio": 0.2, "d_mse": [0.1997147817460318, 0.1997147817460318], "adv_type": "random_pgd_csl", "prob_mse": [0.19966478174603175, 0.0], "sample_size": 1, "test_ratio": 0.3, "T": 10, "realization": 1, "beta_mse": [2.3965773809523823, 0.0], "runtime": 15.41086220741272, "u_mse": [0.0, 0.0], "gamma": 0.5}
{"acc": [0.7559298830391953, 0.0], "network_size": 5000, "b_mse": [0.19804935515873018, 0.19804935515873018], "alpha_mse": [2.3765922619047624, 0.0], "positive_ratio": 0.2, "d_mse": [0.1980493551587302, 0.1980493551587302], "adv_type": "random_pgd_csl", "prob_mse": [0.19799935515873016, 0.0], "sample_size": 1, "test_ratio": 0.3, "T": 10, "realization": 1, "beta_mse": [2.3765922619047632, 0.0], "runtime": 13.321415901184082, "u_mse": [0.0, 0.0], "gamma": 0.0}
{"acc": [0.7559298830391953, 0.0], "network_size": 5000, "b_mse": [0.19804935515873018, 0.19804935515873018], "alpha_mse": [2.3765922619047624, 0.0], "positive_ratio": 0.2, "d_mse": [0.1980493551587302, 0.1980493551587302], "adv_type": "random_pgd_csl", "prob_mse": [0.19799935515873016, 0.0], "sample_size": 1, "test_ratio": 0.3, "T": 10, "realization": 1, "beta_mse": [2.3765922619047632, 0.0], "runtime": 13.524131059646606, "u_mse": [0.0, 0.0], "gamma": 0.01}
{"acc": [0.7559298830391953, 0.0], "network_size": 5000, "b_mse": [0.1975533234126984, 0.1975533234126984], "alpha_mse": [2.3706398809523814, 0.0], "positive_ratio": 0.2, "d_mse": [0.19755332341269843, 0.19755332341269843], "adv_type": "random_pgd_csl", "prob_mse": [0.19750332341269844, 0.0], "sample_size": 1, "test_ratio": 0.3, "T": 10, "realization": 1, "beta_mse": [2.3706398809523823, 0.0], "runtime": 14.314726114273071, "u_mse": [0.0, 0.0], "gamma": 0.03}
{"acc": [0.7559298830391953, 0.0], "network_size": 5000, "b_mse": [0.1975533234126984, 0.1975533234126984], "alpha_mse": [2.3706398809523814, 0.0], "positive_ratio": 0.2, "d_mse": [0.19755332341269843, 0.19755332341269843], "adv_type": "random_pgd_csl", "prob_mse": [0.19750332341269844, 0.0], "sample_size": 1, "test_ratio": 0.3, "T": 10, "realization": 1, "beta_mse": [2.3706398809523823, 0.0], "runtime": 14.535156011581421, "u_mse": [0.0, 0.0], "gamma": 0.05}
{"acc": [0.7559298830391953, 0.0], "network_size": 5000, "b_mse": [0.1975533234126984, 0.1975533234126984], "alpha_mse": [2.3706398809523814, 0.0], "positive_ratio": 0.2, "d_mse": [0.19755332341269843, 0.19755332341269843], "adv_type": "random_pgd_csl", "prob_mse": [0.19750332341269844, 0.0], "sample_size": 1, "test_ratio": 0.3, "T": 10, "realization": 1, "beta_mse": [2.3706398809523823, 0.0], "runtime": 14.304708003997803, "u_mse": [0.0, 0.0], "gamma": 0.07}
{"acc": [0.7559298830391953, 0.0], "network_size": 5000, "b_mse": [0.1975533234126984, 0.1975533234126984], "alpha_mse": [2.3706398809523814, 0.0], "positive_ratio": 0.2, "d_mse": [0.19755332341269843, 0.19755332341269843], "adv_type": "random_pgd_csl", "prob_mse": [0.19750332341269844, 0.0], "sample_size": 1, "test_ratio": 0.3, "T": 10, "realization": 1, "beta_mse": [2.3706398809523823, 0.0], "runtime": 14.088283061981201, "u_mse": [0.0, 0.0], "gamma": 0.09}
{"acc": [0.7559298830391953, 0.0], "network_size": 5000, "b_mse": [0.1975533234126984, 0.1975533234126984], "alpha_mse": [2.3706398809523814, 0.0], "positive_ratio": 0.2, "d_mse": [0.19755332341269843, 0.19755332341269843], "adv_type": "random_pgd_csl", "prob_mse": [0.19750332341269838, 0.0], "sample_size": 1, "test_ratio": 0.3, "T": 10, "realization": 1, "beta_mse": [2.3706398809523823, 0.0], "runtime": 12.307197093963623, "u_mse": [0.0, 0.0], "gamma": 0.2}
{"acc": [0.7559298830391953, 0.0], "network_size": 5000, "b_mse": [0.19767733134920634, 0.19767733134920634],