{"acc": [0.7544418320883307, 0.0], "network_size": 5000, "b_mse": [0.19971478174603172, 0.19971478174603172], "alpha_mse": [2.396577380952382, 0.0], "positive_ratio": 0.2, "d_mse": [0.1997147817460318, 0.1997147817460318], "adv_type": "random_pgd_gcn_vae", "prob_mse": [0.19966478174603175, 0.0], "sample_size": 1, "test_ratio": 0.3, "T": 10, "realization": 1, "beta_mse": [2.3965773809523823, 0.0], "runtime": 15.36625599861145, "u_mse": [0.0, 0.0], "gamma": 0.0}
{"acc": [0.6428380107734889, 0.0], "network_size": 5000, "b_mse": [0.2991470734126984, 0.2991470734126984], "alpha_mse": [3.589764880952381, 0.0], "positive_ratio": 0.2, "d_mse": [0.2991470734126984, 0.2991470734126984], "adv_type": "random_pgd_gcn_vae", "prob_mse": [0.2990964781746032, 0.0], "sample_size": 1, "test_ratio": 0.3, "T": 10, "realization": 1, "beta_mse": [3.5897648809523823, 0.0], "runtime": 16.002401113510132, "u_mse": [0.0, 0.0], "gamma": 0.01}
{"acc": [0.645814112675218, 0.0], "network_size": 5000, "b_mse": [0.29800992063492066, 0.29800992063492066], "alpha_mse": [3.5761190476190485, 0.0], "positive_ratio": 0.2, "d_mse": [0.29800992063492066, 0.29800992063492066], "adv_type": "random_pgd_gcn_vae", "prob_mse": [0.29795932539682535, 0.0], "sample_size": 1, "test_ratio": 0.3, "T": 10, "realization": 1, "beta_mse": [3.576119047619049, 0.0], "runtime": 16.32500410079956, "u_mse": [0.0, 0.0], "gamma": 0.03}
{"acc": [0.645814112675218, 0.0], "network_size": 5000, "b_mse": [0.2972446676587302, 0.2972446676587302], "alpha_mse": [3.566936011904762, 0.0], "positive_ratio": 0.2, "d_mse": [0.2972446676587302, 0.2972446676587302], "adv_type": "random_pgd_gcn_vae", "prob_mse": [0.2971940724206349, 0.0], "sample_size": 1, "test_ratio": 0.3, "T": 10, "realization": 1, "beta_mse": [3.5669360119047635, 0.0], "runtime": 15.980627059936523, "u_mse": [0.0, 0.0], "gamma": 0.05}
{"acc": [0.6413499598226243, 0.0], "network_size": 5000, "b_mse": [0.2975818452380953, 0.2975818452380953], "alpha_mse": [3.5709821428571438, 0.0], "positive_ratio": 0.2, "d_mse": [0.2975818452380953, 0.2975818452380953], "adv_type": "random_pgd_gcn_vae", "prob_mse": [0.29753124999999997, 0.0], "sample_size": 1, "test_ratio": 0.3, "T": 10, "realization": 1, "beta_mse": [3.5709821428571447, 0.0], "runtime": 16.091230869293213, "u_mse": [0.0, 0.0], "gamma": 0.07}
{"acc": [0.6383738579208952, 0.0], "network_size": 5000, "b_mse": [0.3005120287698413, 0.3005120287698413], "alpha_mse": [3.6061443452380955, 0.0], "positive_ratio": 0.2, "d_mse": [0.30051202876984134, 0.30051202876984134], "adv_type": "random_pgd_gcn_vae", "prob_mse": [0.30046143353174604, 0.0], "sample_size": 1, "test_ratio": 0.3, "T": 10, "realization": 1, "beta_mse": [3.606144345238097, 0.0], "runtime": 16.085840940475464, "u_mse": [0.0, 0.0], "gamma": 0.09}
{"acc": [0.6294455522157079, 0.0], "network_size": 5000, "b_mse": [0.3023151041666667, 0.3023151041666667], "alpha_mse": [3.627781250000001, 0.0], "positive_ratio": 0.2, "d_mse": [0.3023151041666667, 0.3023151041666667], "adv_type": "random_pgd_gcn_vae", "prob_mse": [0.30226450892857143, 0.0], "sample_size": 1, "test_ratio": 0.3, "T": 10, "realization": 1, "beta_mse": [3.627781250000001, 0.0], "runtime": 15.869034051895142, "u_mse": [0.0, 0.0], "gamma": 0.2}
{"acc": [0.6413499598226243, 0.0], "network_size": 5000, "b_mse": [0.3030171130952381, 0.3030171130952381], "alpha_mse": [3.6362053571428574, 0.0], "positive_ratio": 0.2, "d_mse": [0.30301711309523816, 0.30301711309523816], "adv_type": "random_pgd_gcn_vae", "prob_mse": [0.30296651785714285, 0.0], "sample_size": 1, "test_ratio": 0.3, "T": 10, "realization": 1, "beta_mse": [3.6362053571428588, 0.0], "runtime": 15.9394850730896, "u_mse": [0.0, 0.0], "gamma": 0.3}
{"acc": [0.6398619088717598, 0.0], "network_size": 5000, "b_mse": [0.2993401537698413, 0.2993401537698413], "alpha_mse": [3.592081845238096, 0.0], "positive_ratio": 0.2, "d_mse": [0.29934015376984136, 0.29934015376984136], "adv_type": "random_pgd_gcn_vae", "prob_mse": [0.299289558531746, 0.0], "sample_size": 1, "test_ratio": 0.3, "T": 10, "realization": 1, "beta_mse": [3.5920818452380963, 0.0], "runtime": 16.166588068008423, "u_mse": [0.0, 0.0], "gamma": 0.4}
{"acc": [0.5654593613285319, 0.0], "network_size": 5000, "b_mse": [0.35064236111111113, 0.35064236111111113], "alpha_mse": [4.207708333333334, 0.0], "positive_ratio": 0.2, "d_mse": [0.3506423611111112, 0.3506423611111112], "adv_type": "random_pgd_gcn_vae", "prob_mse": [0.3505917658730159, 0.0], "sample_size": 1, "test_ratio": 0.3, "T": 10, "realization": 1, "beta_mse": [4.2077083333333345, 0.0], "runtime": 15.679210186004639, "u_mse": [0.0, 0.0], "gamma": 0.5}
{"acc": [0.7559298830391953, 0.0], "network_size": 5000, "b_mse": [0.19804935515873018, 0.19804935515873018], "alpha_mse": [2.376592261904763, 0.0], "positive_ratio": 0.2, "d_mse": [0.1980493551587302, 0.1980493551587302], "adv_type": "random_pgd_gcn_vae", "prob_mse": [0.19799935515873016, 0.0], "sample_size": 1, "test_ratio": 0.3, "T": 10, "realization": 1, "beta_mse": [2.3765922619047632, 0.0], "runtime": 13.462578058242798, "u_mse": [0.0, 0.0], "gamma": 0.0}
{"acc": [0.7574179339900599, 0.0], "network_size": 5000, "b_mse": [0.1969828869047619, 0.1969828869047619], "alpha_mse": [2.3637946428571435, 0.0], "positive_ratio": 0.2, "d_mse": [0.19698288690476196, 0.19698288690476196], "adv_type": "random_pgd_gcn_vae", "prob_mse": [0.1969328869047619, 0.0], "sample_size": 1, "test_ratio": 0.3, "T": 10, "realization": 1, "beta_mse": [2.363794642857144, 0.0], "runtime": 14.048244953155518, "u_mse": [0.0, 0.0], "gamma": 0.01}
{"acc": [0.7574179339900599, 0.0], "network_size": 5000, "b_mse": [0.1973053075396826, 0.1973053075396826], "alpha_mse": [2.367663690476191, 0.0], "positive_ratio": 0.2, "d_mse": [0.1973053075396826, 0.1973053075396826], "adv_type": "random_pgd_gcn_vae", "prob_mse": [0.19725530753968254, 0.0], "sample_size": 1, "test_ratio": 0.3, "T": 10, "realization": 1, "beta_mse": [2.3676636904761916, 0.0], "runtime": 14.320014953613281, "u_mse": [0.0, 0.0], "gamma": 0.03}
{"acc": [0.7574179339900599, 0.0], "network_size": 5000, "b_mse": [0.1972557043650794, 0.1972557043650794], "alpha_mse": [2.3670684523809533, 0.0], "positive_ratio": 0.2, "d_mse": [0.19725570436507942, 0.19725570436507942], "adv_type": "random_pgd_gcn_vae", "prob_mse": [0.19720570436507937, 0.0], "sample_size": 1, "test_ratio": 0.3, "T": 10, "realization": 1, "beta_mse": [2.3670684523809538, 0.0], "runtime": 14.486337900161743, "u_mse": [0.0, 0.0], "gamma": 0.05}
{"acc": [0.7574179339900599, 0.0], "network_size": 5000, "b_mse": [0.19696044146825398, 0.19696044146825398], "alpha_mse": [2.363525297619048, 0.0], "positive_ratio": 0.2, "d_mse": [0.19696044146825406, 0.19696044146825406], "adv_type": "random_pgd_gcn_vae", "prob_mse": [0.19691044146825395, 0.0], "sample_size": 1, "test_ratio": 0.3, "T": 10, "realization": 1, "beta_mse": [2.363525297619049, 0.0], "runtime": 16.741286039352417, "u_mse": [0.0, 0.0], "gamma": 0.07}
{"acc": [0.7574179339900599, 0.0], "network_size": 5000, "b_mse": [0.19685999503968254, 0.19685999503968254], "alpha_mse": [2.3623199404761914, 0.0], "positive_ratio": 0.2, "d_mse": [0.19685999503968254, 0.19685999503968254], "adv_type": "random_pgd_gcn_vae", "prob_mse": [0.19680999503968252, 0.0], "sample_size": 1, "test_ratio": 0.3, "T": 10, "realization": 1, "beta_mse": [2.3623199404761914, 0.0], "runtime": 12.56155800819397, "u_mse": [0.0, 0.0], "gamma": 0.09}
{"acc": [0.7574179339900599, 0.0], "network_size": 5000, "b_mse": [0.19686123511904763, 0.19686123511904763], "alpha_mse": [2.362334821428572, 0.0], "positive_ratio": 0.2, "d_mse": [0.19686123511904766, 0.19686123511904766], "adv_type": "random_pgd_gcn_vae", "prob_mse": [0.1968112351190476, 0.0], "sample_size": 1, "test_ratio": 0.3, "T": 10, "realization": 1, "beta_mse": [2.362334821428573, 0.0], "runtime": 15.44949722290039, "u_mse": [0.0, 0.0], "gamma": 0.2}
{"acc": [0.7529537811374661, 0.0], "network_size": 5000,