{"acc": [0.6799395609279175, 0.0], "network_size": 5000, "b_mse": [0.2527444444444445, 0.2527444444444445], "alpha_mse": [3.0329333333333337, 0.0], "positive_ratio": 0.2, "d_mse": [0.2527444444444445, 0.2527444444444445], "adv_type": "random_noise", "prob_mse": [0.25270133333333333, 0.0], "sample_size": 1, "test_ratio": 0.1, "T": 10, "realization": 0, "beta_mse": [3.0329333333333346, 0.0], "runtime": 126.84437918663025, "u_mse": [0.0, 0.0], "gamma": 0.2}
{"acc": [0.675495511510088, 0.0], "network_size": 5000, "b_mse": [0.25418518518518524, 0.25418518518518524], "alpha_mse": [3.0502222222222226, 0.0], "positive_ratio": 0.2, "d_mse": [0.25418518518518524, 0.25418518518518524], "adv_type": "random_noise", "prob_mse": [0.254142074074074, 0.0], "sample_size": 1, "test_ratio": 0.1, "T": 10, "realization": 0, "beta_mse": [3.050222222222223, 0.0], "runtime": 127.39283490180969, "u_mse": [0.0, 0.0], "gamma": 0.25}
{"acc": [0.7349338559529642, 0.0], "network_size": 5000, "b_mse": [0.2076299183370453, 0.2076299183370453], "alpha_mse": [2.491559020044544, 0.0], "positive_ratio": 0.2, "d_mse": [0.20762991833704533, 0.20762991833704533], "adv_type": "random_noise", "prob_mse": [0.20757357089829245, 0.0], "sample_size": 1, "test_ratio": 0.2, "T": 10, "realization": 0, "beta_mse": [2.491559020044545, 0.0], "runtime": 170.6252989768982, "u_mse": [0.0, 0.0], "gamma": 0.2}
{"acc": [0.7349338559529642, 0.0], "network_size": 5000, "b_mse": [0.2077561247216036, 0.2077561247216036], "alpha_mse": [2.4930734966592434, 0.0], "positive_ratio": 0.2, "d_mse": [0.20775612472160362, 0.20775612472160362], "adv_type": "random_noise", "prob_mse": [0.20769977728285074, 0.0], "sample_size": 1, "test_ratio": 0.2, "T": 10, "realization": 0, "beta_mse": [2.4930734966592447, 0.0], "runtime": 187.07079100608826, "u_mse": [0.0, 0.0], "gamma": 0.25}
{"acc": [0.7157525073658523, 0.0], "network_size": 5000, "b_mse": [0.22314856150793652, 0.22314856150793652], "alpha_mse": [2.6777827380952384, 0.0], "positive_ratio": 0.2, "d_mse": [0.22314856150793658, 0.22314856150793658], "adv_type": "random_noise", "prob_mse": [0.22309915674603173, 0.0], "sample_size": 1, "test_ratio": 0.3, "T": 10, "realization": 0, "beta_mse": [2.6777827380952393, 0.0], "runtime": 158.06932520866394, "u_mse": [0.0, 0.0], "gamma": 0.2}
{"acc": [0.7172405583167167, 0.0], "network_size": 5000, "b_mse": [0.2235218253968254, 0.2235218253968254], "alpha_mse": [2.6822619047619054, 0.0], "positive_ratio": 0.2, "d_mse": [0.22352182539682547, 0.22352182539682547], "adv_type": "random_noise", "prob_mse": [0.22347242063492062, 0.0], "sample_size": 1, "test_ratio": 0.3, "T": 10, "realization": 0, "beta_mse": [2.6822619047619063, 0.0], "runtime": 148.13354897499084, "u_mse": [0.0, 0.0], "gamma": 0.25}
{"acc": [0.6930648869444879, 0.0], "network_size": 5000, "b_mse": [0.2427052641369048, 0.2427052641369048], "alpha_mse": [2.9124631696428582, 0.0], "positive_ratio": 0.2, "d_mse": [0.2427052641369048, 0.2427052641369048], "adv_type": "random_noise", "prob_mse": [0.24266218377976193, 0.0], "sample_size": 1, "test_ratio": 0.4, "T": 10, "realization": 0, "beta_mse": [2.9124631696428587, 0.0], "runtime": 155.2663140296936, "u_mse": [0.0, 0.0], "gamma": 0.2}
{"acc": [0.691948840427669, 0.0], "network_size": 5000, "b_mse": [0.24334700520833336, 0.24334700520833336], "alpha_mse": [2.9201640625000005, 0.0], "positive_ratio": 0.2, "d_mse": [0.24334700520833336, 0.24334700520833336], "adv_type": "random_noise", "prob_mse": [0.24330392485119048, 0.0], "sample_size": 1, "test_ratio": 0.4, "T": 10, "realization": 0, "beta_mse": [2.920164062500002, 0.0], "runtime": 153.76139879226685, "u_mse": [0.0, 0.0], "gamma": 0.25}
{"acc": [0.6946304530276245, 0.0], "network_size": 5000, "b_mse": [0.24381845238095243, 0.24381845238095243], "alpha_mse": [2.925821428571429, 0.0], "positive_ratio": 0.2, "d_mse": [0.24381845238095243, 0.24381845238095243], "adv_type": "random_noise", "prob_mse": [0.24377505952380948, 0.0], "sample_size": 1, "test_ratio": 0.5, "T": 10, "realization": 0, "beta_mse": [2.92582142857143, 0.0], "runtime": 152.53311705589294, "u_mse": [0.0, 0.0], "gamma": 0.2}
{"acc": [0.6937376118283602, 0.0], "network_size": 5000, "b_mse": [0.24414010416666665, 0.24414010416666665], "alpha_mse": [2.9296812500000007, 0.0], "positive_ratio": 0.2, "d_mse": [0.2441401041666667, 0.2441401041666667], "adv_type": "random_noise", "prob_mse": [0.24409671130952384, 0.0], "sample_size": 1, "test_ratio": 0.5, "T": 10, "realization": 0, "beta_mse": [2.9296812500000016, 0.0], "runtime": 154.19179105758667, "u_mse": [0.0, 0.0], "gamma": 0.25}
