{"acc": [0.7217047111693105, 0.0], "network_size": 5000, "b_mse": [0.22331969246031744, 0.22331969246031744], "alpha_mse": [2.67983630952381, 0.0], "positive_ratio": 0.2, "d_mse": [0.2233196924603175, 0.2233196924603175], "adv_type": "random_pgd", "prob_mse": [0.22327415674603174, 0.0], "sample_size": 1, "test_ratio": 0.3, "T": 10, "realization": 0, "beta_mse": [2.679836309523811, 0.0], "runtime": 29.244858980178833, "u_mse": [0.0, 0.0], "gamma": 0.0}
{"acc": [0.6666468259873218, 0.0], "network_size": 5000, "b_mse": [0.28512400793650794, 0.28512400793650794], "alpha_mse": [3.4214880952380957, 0.0], "positive_ratio": 0.2, "d_mse": [0.285124007936508, 0.285124007936508], "adv_type": "random_pgd", "prob_mse": [0.2850731150793651, 0.0], "sample_size": 1, "test_ratio": 0.3, "T": 10, "realization": 0, "beta_mse": [3.421488095238096, 0.0], "runtime": 38.490171909332275, "u_mse": [0.0, 0.0], "gamma": 0.01}
{"acc": [0.632421654117437, 0.0], "network_size": 5000, "b_mse": [0.30972222222222223, 0.30972222222222223], "alpha_mse": [3.7166666666666672, 0.0], "positive_ratio": 0.2, "d_mse": [0.30972222222222223, 0.30972222222222223], "adv_type": "random_pgd", "prob_mse": [0.30967728174603176, 0.0], "sample_size": 1, "test_ratio": 0.3, "T": 10, "realization": 0, "beta_mse": [3.7166666666666686, 0.0], "runtime": 40.028696060180664, "u_mse": [0.0, 0.0], "gamma": 0.03}
{"acc": [0.6666468259873218, 0.0], "network_size": 5000, "b_mse": [0.283078125, 0.283078125], "alpha_mse": [3.3969375000000004, 0.0], "positive_ratio": 0.2, "d_mse": [0.283078125, 0.283078125], "adv_type": "random_pgd", "prob_mse": [0.2830331845238095, 0.0], "sample_size": 1, "test_ratio": 0.3, "T": 10, "realization": 0, "beta_mse": [3.3969375000000017, 0.0], "runtime": 40.8360059261322, "u_mse": [0.0, 0.0], "gamma": 0.05}
{"acc": [0.6681348769381864, 0.0], "network_size": 5000, "b_mse": [0.28489831349206346, 0.28489831349206346], "alpha_mse": [3.4187797619047626, 0.0], "positive_ratio": 0.2, "d_mse": [0.2848983134920635, 0.2848983134920635], "adv_type": "random_pgd", "prob_mse": [0.2848527777777778, 0.0], "sample_size": 1, "test_ratio": 0.3, "T": 10, "realization": 0, "beta_mse": [3.4187797619047626, 0.0], "runtime": 39.94520807266235, "u_mse": [0.0, 0.0], "gamma": 0.07}
{"acc": [0.6874795392994256, 0.0], "network_size": 5000, "b_mse": [0.2739670138888889, 0.2739670138888889], "alpha_mse": [3.287604166666667, 0.0], "positive_ratio": 0.2, "d_mse": [0.2739670138888889, 0.2739670138888889], "adv_type": "random_pgd", "prob_mse": [0.27391999007936507, 0.0], "sample_size": 1, "test_ratio": 0.3, "T": 10, "realization": 0, "beta_mse": [3.287604166666668, 0.0], "runtime": 41.86986207962036, "u_mse": [0.0, 0.0], "gamma": 0.09}
{"acc": [0.6487902145769471, 0.0], "network_size": 5000, "b_mse": [0.3041418650793651, 0.3041418650793651], "alpha_mse": [3.6497023809523816, 0.0], "positive_ratio": 0.2, "d_mse": [0.30414186507936514, 0.30414186507936514], "adv_type": "random_pgd", "prob_mse": [0.3040972222222222, 0.0], "sample_size": 1, "test_ratio": 0.3, "T": 10, "realization": 0, "beta_mse": [3.649702380952383, 0.0], "runtime": 39.52968406677246, "u_mse": [0.0, 0.0], "gamma": 0.11}
{"acc": [0.6904556412011548, 0.0], "network_size": 5000, "b_mse": [0.27051587301587304, 0.27051587301587304], "alpha_mse": [3.2461904761904767, 0.0], "positive_ratio": 0.2, "d_mse": [0.27051587301587304, 0.27051587301587304], "adv_type": "random_pgd", "prob_mse": [0.27046557539682536, 0.0], "sample_size": 1, "test_ratio": 0.3, "T": 10, "realization": 0, "beta_mse": [3.2461904761904776, 0.0], "runtime": 38.77963399887085, "u_mse": [0.0, 0.0], "gamma": 0.13}
{"acc": [0.6740870807416446, 0.0], "network_size": 5000, "b_mse": [0.2818142361111111, 0.2818142361111111], "alpha_mse": [3.3817708333333343, 0.0], "positive_ratio": 0.2, "d_mse": [0.28181423611111117, 0.28181423611111117], "adv_type": "random_pgd", "prob_mse": [0.28176691468253967, 0.0], "sample_size": 1, "test_ratio": 0.3, "T": 10, "realization": 0, "beta_mse": [3.381770833333335, 0.0], "runtime": 39.209283113479614, "u_mse": [0.0, 0.0], "gamma": 0.15}
{"acc": [0.6577185202821345, 0.0], "network_size": 5000, "b_mse": [0.29501488095238093, 0.29501488095238093], "alpha_mse": [3.540178571428572, 0.0], "positive_ratio": 0.2, "d_mse": [0.295014880952381, 0.295014880952381], "adv_type": "random_pgd", "prob_mse": [0.29496428571428573, 0.0], "sample_size": 1, "test_ratio": 0.3, "T": 10, "realization": 0, "beta_mse": [3.540178571428573, 0.0], "runtime": 39.411559104919434, "u_mse": [0.0, 0.0], "gamma": 0.2}
{"acc": [0.6339097050683016, 0.0], "network_size": 5000, "b_mse": [0.3088355654761905, 0.3088355654761905], "alpha_mse": [3.706026785714286, 0.0], "positive_ratio": 0.2, "d_mse": [0.3088355654761905, 0.3088355654761905], "adv_type": "random_pgd", "prob_mse": [0.308788244047619, 0.0], "sample_size": 1, "test_ratio": 0.3, "T": 10, "realization": 0, "beta_mse": [3.706026785714287, 0.0], "runtime": 39.335777044296265, "u_mse": [0.0, 0.0], "gamma": 0.25}
