{"acc": [0.2529686616469748, 0.0], "network_size": 5000, "b_mse": [0.20448908730158732, 0.20448908730158732], "alpha_mse": [2.453869047619048, 0.0], "positive_ratio": 0.2, "d_mse": [0.628844246031746, 0.628844246031746], "adv_type": "random_pgd", "prob_mse": [0.40756468253968253, 0.0], "sample_size": 1, "test_ratio": 0.3, "T": 10, "realization": 0, "beta_mse": [7.5461309523809526, 0.0], "runtime": 0.015058040618896484, "u_mse": [0.35714285714285715, 0.0], "gamma": 0.0}
{"acc": [0.2529686616469748, 0.0], "network_size": 5000, "b_mse": [0.20448908730158732, 0.20448908730158732], "alpha_mse": [2.453869047619048, 0.0], "positive_ratio": 0.2, "d_mse": [0.628844246031746, 0.628844246031746], "adv_type": "random_pgd", "prob_mse": [0.40756468253968253, 0.0], "sample_size": 1, "test_ratio": 0.3, "T": 10, "realization": 0, "beta_mse": [7.5461309523809526, 0.0], "runtime": 0.01499485969543457, "u_mse": [0.35714285714285715, 0.0], "gamma": 0.01}
{"acc": [0.2529686616469748, 0.0], "network_size": 5000, "b_mse": [0.20448908730158732, 0.20448908730158732], "alpha_mse": [2.453869047619048, 0.0], "positive_ratio": 0.2, "d_mse": [0.628844246031746, 0.628844246031746], "adv_type": "random_pgd", "prob_mse": [0.40756468253968253, 0.0], "sample_size": 1, "test_ratio": 0.3, "T": 10, "realization": 0, "beta_mse": [7.5461309523809526, 0.0], "runtime": 0.01503610610961914, "u_mse": [0.35714285714285715, 0.0], "gamma": 0.03}
{"acc": [0.2529686616469748, 0.0], "network_size": 5000, "b_mse": [0.20448908730158732, 0.20448908730158732], "alpha_mse": [2.453869047619048, 0.0], "positive_ratio": 0.2, "d_mse": [0.628844246031746, 0.628844246031746], "adv_type": "random_pgd", "prob_mse": [0.40756468253968253, 0.0], "sample_size": 1, "test_ratio": 0.3, "T": 10, "realization": 0, "beta_mse": [7.5461309523809526, 0.0], "runtime": 0.014919042587280273, "u_mse": [0.35714285714285715, 0.0], "gamma": 0.05}
{"acc": [0.2529686616469748, 0.0], "network_size": 5000, "b_mse": [0.20448908730158732, 0.20448908730158732], "alpha_mse": [2.453869047619048, 0.0], "positive_ratio": 0.2, "d_mse": [0.628844246031746, 0.628844246031746], "adv_type": "random_pgd", "prob_mse": [0.40756468253968253, 0.0], "sample_size": 1, "test_ratio": 0.3, "T": 10, "realization": 0, "beta_mse": [7.5461309523809526, 0.0], "runtime": 0.01577591896057129, "u_mse": [0.35714285714285715, 0.0], "gamma": 0.07}
{"acc": [0.2529686616469748, 0.0], "network_size": 5000, "b_mse": [0.20448908730158732, 0.20448908730158732], "alpha_mse": [2.453869047619048, 0.0], "positive_ratio": 0.2, "d_mse": [0.628844246031746, 0.628844246031746], "adv_type": "random_pgd", "prob_mse": [0.40756468253968253, 0.0], "sample_size": 1, "test_ratio": 0.3, "T": 10, "realization": 0, "beta_mse": [7.5461309523809526, 0.0], "runtime": 0.014178037643432617, "u_mse": [0.35714285714285715, 0.0], "gamma": 0.09}
{"acc": [0.2529686616469748, 0.0], "network_size": 5000, "b_mse": [0.20448908730158732, 0.20448908730158732], "alpha_mse": [2.453869047619048, 0.0], "positive_ratio": 0.2, "d_mse": [0.628844246031746, 0.628844246031746], "adv_type": "random_pgd", "prob_mse": [0.40756468253968253, 0.0], "sample_size": 1, "test_ratio": 0.3, "T": 10, "realization": 0, "beta_mse": [7.5461309523809526, 0.0], "runtime": 0.014464139938354492, "u_mse": [0.35714285714285715, 0.0], "gamma": 0.2}
{"acc": [0.2529686616469748, 0.0], "network_size": 5000, "b_mse": [0.20448908730158732, 0.20448908730158732], "alpha_mse": [2.453869047619048, 0.0], "positive_ratio": 0.2, "d_mse": [0.628844246031746, 0.628844246031746], "adv_type": "random_pgd", "prob_mse": [0.40756468253968253, 0.0], "sample_size": 1, "test_ratio": 0.3, "T": 10, "realization": 0, "beta_mse": [7.5461309523809526, 0.0], "runtime": 0.015358924865722656, "u_mse": [0.35714285714285715, 0.0], "gamma": 0.3}
{"acc": [0.2529686616469748, 0.0], "network_size": 5000, "b_mse": [0.20448908730158732, 0.20448908730158732], "alpha_mse": [2.453869047619048, 0.0], "positive_ratio": 0.2, "d_mse": [0.628844246031746, 0.628844246031746], "adv_type": "random_pgd", "prob_mse": [0.40756468253968253, 0.0], "sample_size": 1, "test_ratio": 0.3, "T": 10, "realization": 0, "beta_mse": [7.5461309523809526, 0.0], "runtime": 0.014189004898071289, "u_mse": [0.35714285714285715, 0.0], "gamma": 0.4}
{"acc": [0.2529686616469748, 0.0], "network_size": 5000, "b_mse": [0.20448908730158732, 0.20448908730158732], "alpha_mse": [2.453869047619048, 0.0], "positive_ratio": 0.2, "d_mse": [0.628844246031746, 0.628844246031746], "adv_type": "random_pgd", "prob_mse": [0.40756468253968253, 0.0], "sample_size": 1, "test_ratio": 0.3, "T": 10, "realization": 0, "beta_mse": [7.5461309523809526, 0.0], "runtime": 0.01442098617553711, "u_mse": [0.35714285714285715, 0.0], "gamma": 0.5}
