{"acc": [0.2604089164012976, 0.0], "network_size": 5000, "b_mse": [0.21416170634920637, 0.21416170634920637], "alpha_mse": [2.5699404761904767, 0.0], "positive_ratio": 0.2, "d_mse": [0.6191716269841269, 0.6191716269841269], "adv_type": "random_noise", "prob_mse": [0.4097983134920635, 0.0], "sample_size": 1, "test_ratio": 0.3, "T": 10, "realization": 0, "beta_mse": [7.430059523809524, 0.0], "runtime": 0.015107870101928711, "u_mse": [0.35714285714285715, 0.0], "gamma": 0.0}
{"acc": [0.2604089164012976, 0.0], "network_size": 5000, "b_mse": [0.21416170634920637, 0.21416170634920637], "alpha_mse": [2.5699404761904767, 0.0], "positive_ratio": 0.2, "d_mse": [0.6191716269841269, 0.6191716269841269], "adv_type": "random_noise", "prob_mse": [0.4097983134920635, 0.0], "sample_size": 1, "test_ratio": 0.3, "T": 10, "realization": 0, "beta_mse": [7.430059523809524, 0.0], "runtime": 0.01618480682373047, "u_mse": [0.35714285714285715, 0.0], "gamma": 0.01}
{"acc": [0.2604089164012976, 0.0], "network_size": 5000, "b_mse": [0.21416170634920637, 0.21416170634920637], "alpha_mse": [2.5699404761904767, 0.0], "positive_ratio": 0.2, "d_mse": [0.6191716269841269, 0.6191716269841269], "adv_type": "random_noise", "prob_mse": [0.4097983134920635, 0.0], "sample_size": 1, "test_ratio": 0.3, "T": 10, "realization": 0, "beta_mse": [7.430059523809524, 0.0], "runtime": 0.015146970748901367, "u_mse": [0.35714285714285715, 0.0], "gamma": 0.03}
{"acc": [0.2604089164012976, 0.0], "network_size": 5000, "b_mse": [0.21416170634920637, 0.21416170634920637], "alpha_mse": [2.5699404761904767, 0.0], "positive_ratio": 0.2, "d_mse": [0.6191716269841269, 0.6191716269841269], "adv_type": "random_noise", "prob_mse": [0.4097983134920635, 0.0], "sample_size": 1, "test_ratio": 0.3, "T": 10, "realization": 0, "beta_mse": [7.430059523809524, 0.0], "runtime": 0.01517796516418457, "u_mse": [0.35714285714285715, 0.0], "gamma": 0.05}
{"acc": [0.2604089164012976, 0.0], "network_size": 5000, "b_mse": [0.21416170634920637, 0.21416170634920637], "alpha_mse": [2.5699404761904767, 0.0], "positive_ratio": 0.2, "d_mse": [0.6191716269841269, 0.6191716269841269], "adv_type": "random_noise", "prob_mse": [0.4097983134920635, 0.0], "sample_size": 1, "test_ratio": 0.3, "T": 10, "realization": 0, "beta_mse": [7.430059523809524, 0.0], "runtime": 0.015041112899780273, "u_mse": [0.35714285714285715, 0.0], "gamma": 0.07}
{"acc": [0.2604089164012976, 0.0], "network_size": 5000, "b_mse": [0.21416170634920637, 0.21416170634920637], "alpha_mse": [2.5699404761904767, 0.0], "positive_ratio": 0.2, "d_mse": [0.6191716269841269, 0.6191716269841269], "adv_type": "random_noise", "prob_mse": [0.4097983134920635, 0.0], "sample_size": 1, "test_ratio": 0.3, "T": 10, "realization": 0, "beta_mse": [7.430059523809524, 0.0], "runtime": 0.015014171600341797, "u_mse": [0.35714285714285715, 0.0], "gamma": 0.09}
{"acc": [0.2604089164012976, 0.0], "network_size": 5000, "b_mse": [0.21416170634920637, 0.21416170634920637], "alpha_mse": [2.5699404761904767, 0.0], "positive_ratio": 0.2, "d_mse": [0.619171626984127, 0.619171626984127], "adv_type": "random_noise", "prob_mse": [0.40979831349206347, 0.0], "sample_size": 1, "test_ratio": 0.3, "T": 10, "realization": 0, "beta_mse": [7.430059523809524, 0.0], "runtime": 0.015192031860351562, "u_mse": [0.35714285714285715, 0.0], "gamma": 0.2}
{"acc": [0.2604089164012976, 0.0], "network_size": 5000, "b_mse": [0.21416170634920637, 0.21416170634920637], "alpha_mse": [2.5699404761904767, 0.0], "positive_ratio": 0.2, "d_mse": [0.619171626984127, 0.619171626984127], "adv_type": "random_noise", "prob_mse": [0.40979831349206347, 0.0], "sample_size": 1, "test_ratio": 0.3, "T": 10, "realization": 0, "beta_mse": [7.430059523809524, 0.0], "runtime": 0.015072822570800781, "u_mse": [0.35714285714285715, 0.0], "gamma": 0.3}
{"acc": [0.2604089164012976, 0.0], "network_size": 5000, "b_mse": [0.21416170634920637, 0.21416170634920637], "alpha_mse": [2.5699404761904767, 0.0], "positive_ratio": 0.2, "d_mse": [0.619171626984127, 0.619171626984127], "adv_type": "random_noise", "prob_mse": [0.40979831349206347, 0.0], "sample_size": 1, "test_ratio": 0.3, "T": 10, "realization": 0, "beta_mse": [7.430059523809524, 0.0], "runtime": 0.015065908432006836, "u_mse": [0.35714285714285715, 0.0], "gamma": 0.4}
{"acc": [0.2604089164012976, 0.0], "network_size": 5000, "b_mse": [0.21416170634920637, 0.21416170634920637], "alpha_mse": [2.5699404761904767, 0.0], "positive_ratio": 0.2, "d_mse": [0.619171626984127, 0.619171626984127], "adv_type": "random_noise", "prob_mse": [0.40979831349206347, 0.0], "sample_size": 1, "test_ratio": 0.3, "T": 10, "realization": 0, "beta_mse": [7.430059523809524, 0.0], "runtime": 0.015018939971923828, "u_mse": [0.35714285714285715, 0.0], "gamma": 0.5}
