{"acc": [0.2529686616469748, 0.0], "network_size": 5000, "b_mse": [0.20448908730158732, 0.20448908730158732], "alpha_mse": [2.453869047619048, 0.0], "positive_ratio": 0.2, "d_mse": [0.6288442460317459, 0.6288442460317459], "adv_type": "random_pgd_csl", "prob_mse": [0.40756468253968253, 0.0], "sample_size": 1, "test_ratio": 0.3, "T": 10, "realization": 0, "beta_mse": [7.5461309523809526, 0.0], "runtime": 0.015262126922607422, "u_mse": [0.35714285714285715, 0.0], "gamma": 0.0}
{"acc": [0.2529686616469748, 0.0], "network_size": 5000, "b_mse": [0.20448908730158732, 0.20448908730158732], "alpha_mse": [2.453869047619048, 0.0], "positive_ratio": 0.2, "d_mse": [0.6288442460317459, 0.6288442460317459], "adv_type": "random_pgd_csl", "prob_mse": [0.40756468253968253, 0.0], "sample_size": 1, "test_ratio": 0.3, "T": 10, "realization": 0, "beta_mse": [7.5461309523809526, 0.0], "runtime": 0.014991998672485352, "u_mse": [0.35714285714285715, 0.0], "gamma": 0.01}
{"acc": [0.2529686616469748, 0.0], "network_size": 5000, "b_mse": [0.20448908730158732, 0.20448908730158732], "alpha_mse": [2.453869047619048, 0.0], "positive_ratio": 0.2, "d_mse": [0.6288442460317459, 0.6288442460317459], "adv_type": "random_pgd_csl", "prob_mse": [0.40756468253968253, 0.0], "sample_size": 1, "test_ratio": 0.3, "T": 10, "realization": 0, "beta_mse": [7.5461309523809526, 0.0], "runtime": 0.014947891235351562, "u_mse": [0.35714285714285715, 0.0], "gamma": 0.03}
{"acc": [0.2529686616469748, 0.0], "network_size": 5000, "b_mse": [0.20448908730158732, 0.20448908730158732], "alpha_mse": [2.453869047619048, 0.0], "positive_ratio": 0.2, "d_mse": [0.6288442460317459, 0.6288442460317459], "adv_type": "random_pgd_csl", "prob_mse": [0.40756468253968253, 0.0], "sample_size": 1, "test_ratio": 0.3, "T": 10, "realization": 0, "beta_mse": [7.5461309523809526, 0.0], "runtime": 0.015657901763916016, "u_mse": [0.35714285714285715, 0.0], "gamma": 0.05}
{"acc": [0.2529686616469748, 0.0], "network_size": 5000, "b_mse": [0.20448908730158732, 0.20448908730158732], "alpha_mse": [2.453869047619048, 0.0], "positive_ratio": 0.2, "d_mse": [0.6288442460317459, 0.6288442460317459], "adv_type": "random_pgd_csl", "prob_mse": [0.40756468253968253, 0.0], "sample_size": 1, "test_ratio": 0.3, "T": 10, "realization": 0, "beta_mse": [7.5461309523809526, 0.0], "runtime": 0.014845848083496094, "u_mse": [0.35714285714285715, 0.0], "gamma": 0.07}
{"acc": [0.2529686616469748, 0.0], "network_size": 5000, "b_mse": [0.20448908730158732, 0.20448908730158732], "alpha_mse": [2.453869047619048, 0.0], "positive_ratio": 0.2, "d_mse": [0.6288442460317459, 0.6288442460317459], "adv_type": "random_pgd_csl", "prob_mse": [0.40756468253968253, 0.0], "sample_size": 1, "test_ratio": 0.3, "T": 10, "realization": 0, "beta_mse": [7.5461309523809526, 0.0], "runtime": 0.014739990234375, "u_mse": [0.35714285714285715, 0.0], "gamma": 0.09}
{"acc": [0.2529686616469748, 0.0], "network_size": 5000, "b_mse": [0.20448908730158732, 0.20448908730158732], "alpha_mse": [2.453869047619048, 0.0], "positive_ratio": 0.2, "d_mse": [0.6288442460317459, 0.6288442460317459], "adv_type": "random_pgd_csl", "prob_mse": [0.40756468253968253, 0.0], "sample_size": 1, "test_ratio": 0.3, "T": 10, "realization": 0, "beta_mse": [7.5461309523809526, 0.0], "runtime": 0.014150142669677734, "u_mse": [0.35714285714285715, 0.0], "gamma": 0.2}
{"acc": [0.2529686616469748, 0.0], "network_size": 5000, "b_mse": [0.20448908730158732, 0.20448908730158732], "alpha_mse": [2.453869047619048, 0.0], "positive_ratio": 0.2, "d_mse": [0.6288442460317459, 0.6288442460317459], "adv_type": "random_pgd_csl", "prob_mse": [0.40756468253968253, 0.0], "sample_size": 1, "test_ratio": 0.3, "T": 10, "realization": 0, "beta_mse": [7.5461309523809526, 0.0], "runtime": 0.014153003692626953, "u_mse": [0.35714285714285715, 0.0], "gamma": 0.3}
{"acc": [0.2529686616469748, 0.0], "network_size": 5000, "b_mse": [0.20448908730158732, 0.20448908730158732], "alpha_mse": [2.453869047619048, 0.0], "positive_ratio": 0.2, "d_mse": [0.6288442460317459, 0.6288442460317459], "adv_type": "random_pgd_csl", "prob_mse": [0.40756468253968253, 0.0], "sample_size": 1, "test_ratio": 0.3, "T": 10, "realization": 0, "beta_mse": [7.5461309523809526, 0.0], "runtime": 0.014075994491577148, "u_mse": [0.35714285714285715, 0.0], "gamma": 0.4}
{"acc": [0.2529686616469748, 0.0], "network_size": 5000, "b_mse": [0.20448908730158732, 0.20448908730158732], "alpha_mse": [2.453869047619048, 0.0], "positive_ratio": 0.2, "d_mse": [0.6288442460317459, 0.6288442460317459], "adv_type": "random_pgd_csl", "prob_mse": [0.40756468253968253, 0.0], "sample_size": 1, "test_ratio": 0.3, "T": 10, "realization": 0, "beta_mse": [7.5461309523809526, 0.0], "runtime": 0.014277935028076172, "u_mse": [0.35714285714285715, 0.0], "gamma": 0.5}
