{"acc": [0.4844013865434184, 0.0], "network_size": 5000, "b_mse": [0.4117777777777778, 0.4117777777777778], "alpha_mse": [4.786977777777778, 0.0], "positive_ratio": 0.2, "d_mse": [0.4107299663299663, 0.4107299663299663], "adv_type": "random_flip", "prob_mse": [0.4278597306397306, 0.0], "sample_size": 1, "test_ratio": 0.1, "T": 10, "realization": 0, "beta_mse": [5.153822222222224, 0.0], "runtime": 4.748714923858643, "u_mse": [0.010989010989011005, 0.0], "gamma": 0.2}
{"acc": [0.45773709003644125, 0.0], "network_size": 5000, "b_mse": [0.43718235690235696, 0.43718235690235696], "alpha_mse": [5.047657777777777, 0.0], "positive_ratio": 0.2, "d_mse": [0.4336483501683502, 0.4336483501683502], "adv_type": "random_flip", "prob_mse": [0.45122218181818186, 0.0], "sample_size": 1, "test_ratio": 0.1, "T": 10, "realization": 0, "beta_mse": [5.444813333333335, 0.0], "runtime": 5.074037075042725, "u_mse": [0.010989010989011005, 0.0], "gamma": 0.25}
{"acc": [0.46323103647944414, 0.0], "network_size": 5000, "b_mse": [0.43075993790915845, 0.43075993790915845], "alpha_mse": [4.985011135857461, 0.0], "positive_ratio": 0.2, "d_mse": [0.43050954984139844, 0.43050954984139844], "adv_type": "random_flip", "prob_mse": [0.4466307147195788, 0.0], "sample_size": 1, "test_ratio": 0.2, "T": 10, "realization": 0, "beta_mse": [5.394587973273945, 0.0], "runtime": 6.064774990081787, "u_mse": [0.010989010989011005, 0.0], "gamma": 0.2}
{"acc": [0.42982495211794575, 0.0], "network_size": 5000, "b_mse": [0.45865559829925084, 0.45865559829925084], "alpha_mse": [5.273229398663697, 0.0], "positive_ratio": 0.2, "d_mse": [0.4570722818384289, 0.4570722818384289], "adv_type": "random_flip", "prob_mse": [0.4727114193156509, 0.0], "sample_size": 1, "test_ratio": 0.2, "T": 10, "realization": 0, "beta_mse": [5.716302895322942, 0.0], "runtime": 6.130213975906372, "u_mse": [0.010989010989011005, 0.0], "gamma": 0.25}
{"acc": [0.501473170441356, 0.0], "network_size": 5000, "b_mse": [0.40879031385281384, 0.40879031385281384], "alpha_mse": [4.791708333333334, 0.0], "positive_ratio": 0.2, "d_mse": [0.41077444083694087, 0.41077444083694087], "adv_type": "random_flip", "prob_mse": [0.42634125180375176, 0.0], "sample_size": 1, "test_ratio": 0.3, "T": 10, "realization": 0, "beta_mse": [5.113077380952383, 0.0], "runtime": 6.589256048202515, "u_mse": [0.010989010989011005, 0.0], "gamma": 0.2}
{"acc": [0.44343918335763816, 0.0], "network_size": 5000, "b_mse": [0.4573098845598845, 0.4573098845598845], "alpha_mse": [5.2724077380952385, 0.0], "positive_ratio": 0.2, "d_mse": [0.45541819985569987, 0.45541819985569987], "adv_type": "random_flip", "prob_mse": [0.47154117965367964, 0.0], "sample_size": 1, "test_ratio": 0.3, "T": 10, "realization": 0, "beta_mse": [5.675562500000002, 0.0], "runtime": 6.847131967544556, "u_mse": [0.010989010989011005, 0.0], "gamma": 0.25}
{"acc": [0.4821320952657307, 0.0], "network_size": 5000, "b_mse": [0.4157427286255412, 0.4157427286255412], "alpha_mse": [4.843835937500001, 0.0], "positive_ratio": 0.2, "d_mse": [0.4158665110930736, 0.4158665110930736], "adv_type": "random_flip", "prob_mse": [0.4310394345238095, 0.0], "sample_size": 1, "test_ratio": 0.4, "T": 10, "realization": 0, "beta_mse": [5.197318080357143, 0.0], "runtime": 8.036604166030884, "u_mse": [0.010989010989011005, 0.0], "gamma": 0.2}
{"acc": [0.46650744403026717, 0.0], "network_size": 5000, "b_mse": [0.4363764880952381, 0.4363764880952381], "alpha_mse": [5.068214285714286, 0.0], "positive_ratio": 0.2, "d_mse": [0.4353814935064935, 0.4353814935064935], "adv_type": "random_flip", "prob_mse": [0.4521656926406926, 0.0], "sample_size": 1, "test_ratio": 0.4, "T": 10, "realization": 0, "beta_mse": [5.43288392857143, 0.0], "runtime": 7.892035007476807, "u_mse": [0.010989010989011005, 0.0], "gamma": 0.25}
{"acc": [0.5124908483777075, 0.0], "network_size": 5000, "b_mse": [0.40066447510822517, 0.40066447510822517], "alpha_mse": [4.715715178571429, 0.0], "positive_ratio": 0.2, "d_mse": [0.4036395562770563, 0.4036395562770563], "adv_type": "random_flip", "prob_mse": [0.41813267857142855, 0.0], "sample_size": 1, "test_ratio": 0.5, "T": 10, "realization": 0, "beta_mse": [5.017581250000002, 0.0], "runtime": 8.797672986984253, "u_mse": [0.010989010989011005, 0.0], "gamma": 0.2}
{"acc": [0.4857056123997786, 0.0], "network_size": 5000, "b_mse": [0.42824596861471864, 0.42824596861471864], "alpha_mse": [4.9836848214285725, 0.0], "positive_ratio": 0.2, "d_mse": [0.42739718614718614, 0.42739718614718614], "adv_type": "random_flip", "prob_mse": [0.4440892857142857, 0.0], "sample_size": 1, "test_ratio": 0.5, "T": 10, "realization": 0, "beta_mse": [5.339906250000001, 0.0], "runtime": 9.04688310623169, "u_mse": [0.010989010989011005, 0.0], "gamma": 0.25}
