{"acc": [0.3733001510976802, 0.0], "network_size": 5000, "b_mse": [0.49703245791245787, 0.49703245791245787], "alpha_mse": [5.6052977777777775, 0.0], "positive_ratio": 0.2, "d_mse": [0.49332525252525256, 0.49332525252525256], "adv_type": "random_noise", "prob_mse": [0.5056444848484849, 0.0], "sample_size": 1, "test_ratio": 0.1, "T": 10, "realization": 0, "beta_mse": [6.15560888888889, 0.0], "runtime": 6.714350938796997, "u_mse": [0.010989010989011005, 0.0], "gamma": 0.2}
{"acc": [0.3733001510976802, 0.0], "network_size": 5000, "b_mse": [0.49844134680134683, 0.49844134680134683], "alpha_mse": [5.6207955555555555, 0.0], "positive_ratio": 0.2, "d_mse": [0.4948634343434344, 0.4948634343434344], "adv_type": "random_noise", "prob_mse": [0.5070165521885522, 0.0], "sample_size": 1, "test_ratio": 0.1, "T": 10, "realization": 0, "beta_mse": [6.169951111111113, 0.0], "runtime": 6.451630115509033, "u_mse": [0.010989010989011005, 0.0], "gamma": 0.25}
{"acc": [0.30956304841655163, 0.0], "network_size": 5000, "b_mse": [0.5433151110211244, 0.5433151110211244], "alpha_mse": [6.116971046770602, 0.0], "positive_ratio": 0.2, "d_mse": [0.539443882027401, 0.539443882027401], "adv_type": "random_noise", "prob_mse": [0.5534965310116757, 0.0], "sample_size": 1, "test_ratio": 0.2, "T": 10, "realization": 0, "beta_mse": [6.722543429844099, 0.0], "runtime": 7.642391920089722, "u_mse": [0.010989010989011005, 0.0], "gamma": 0.2}
{"acc": [0.30956304841655163, 0.0], "network_size": 5000, "b_mse": [0.5420753188904637, 0.5420753188904637], "alpha_mse": [6.104026726057907, 0.0], "positive_ratio": 0.2, "d_mse": [0.5387247081055545, 0.5387247081055545], "adv_type": "random_noise", "prob_mse": [0.5522873793615442, 0.0], "sample_size": 1, "test_ratio": 0.2, "T": 10, "realization": 0, "beta_mse": [6.709153674832963, 0.0], "runtime": 7.48487401008606, "u_mse": [0.010989010989011005, 0.0], "gamma": 0.25}
{"acc": [0.33629951489539, 0.0], "network_size": 5000, "b_mse": [0.5156993596681096, 0.5156993596681096], "alpha_mse": [5.82366517857143, 0.0], "positive_ratio": 0.2, "d_mse": [0.5137873827561328, 0.5137873827561328], "adv_type": "random_noise", "prob_mse": [0.5252524621212122, 0.0], "sample_size": 1, "test_ratio": 0.3, "T": 10, "realization": 0, "beta_mse": [6.392415178571429, 0.0], "runtime": 8.401205062866211, "u_mse": [0.010989010989011005, 0.0], "gamma": 0.2}
{"acc": [0.33629951489539, 0.0], "network_size": 5000, "b_mse": [0.5172957251082251, 0.5172957251082251], "alpha_mse": [5.839032738095239, 0.0], "positive_ratio": 0.2, "d_mse": [0.5154387626262626, 0.5154387626262626], "adv_type": "random_noise", "prob_mse": [0.5268933261183261, 0.0], "sample_size": 1, "test_ratio": 0.3, "T": 10, "realization": 0, "beta_mse": [6.410967261904763, 0.0], "runtime": 8.78770112991333, "u_mse": [0.010989010989011005, 0.0], "gamma": 0.25}
{"acc": [0.380571862235218, 0.0], "network_size": 5000, "b_mse": [0.4901325757575758, 0.4901325757575758], "alpha_mse": [5.588091517857143, 0.0], "positive_ratio": 0.2, "d_mse": [0.4877654897186147, 0.4877654897186147], "adv_type": "random_noise", "prob_mse": [0.5012512378246753, 0.0], "sample_size": 1, "test_ratio": 0.4, "T": 10, "realization": 0, "beta_mse": [6.070078125000001, 0.0], "runtime": 9.301818132400513, "u_mse": [0.010989010989011005, 0.0], "gamma": 0.2}
{"acc": [0.380571862235218, 0.0], "network_size": 5000, "b_mse": [0.4922112757034632, 0.4922112757034632], "alpha_mse": [5.6088962053571425, 0.0], "positive_ratio": 0.2, "d_mse": [0.48995704816017316, 0.48995704816017316], "adv_type": "random_noise", "prob_mse": [0.5033373782467533, 0.0], "sample_size": 1, "test_ratio": 0.4, "T": 10, "realization": 0, "beta_mse": [6.0930256696428575, 0.0], "runtime": 9.354016065597534, "u_mse": [0.010989010989011005, 0.0], "gamma": 0.25}
{"acc": [0.370529097694684, 0.0], "network_size": 5000, "b_mse": [0.4965166396103896, 0.4965166396103896], "alpha_mse": [5.649352678571428, 0.0], "positive_ratio": 0.2, "d_mse": [0.49391112012987026, 0.49391112012987026], "adv_type": "random_noise", "prob_mse": [0.5064522835497834, 0.0], "sample_size": 1, "test_ratio": 0.5, "T": 10, "realization": 0, "beta_mse": [6.142245535714287, 0.0], "runtime": 10.54871392250061, "u_mse": [0.010989010989011005, 0.0], "gamma": 0.2}
{"acc": [0.370529097694684, 0.0], "network_size": 5000, "b_mse": [0.4975999729437229, 0.4975999729437229], "alpha_mse": [5.661225892857143, 0.0], "positive_ratio": 0.2, "d_mse": [0.4949662337662338, 0.4949662337662338], "adv_type": "random_noise", "prob_mse": [0.5075489664502163, 0.0], "sample_size": 1, "test_ratio": 0.5, "T": 10, "realization": 0, "beta_mse": [6.154459821428572, 0.0], "runtime": 10.497282981872559, "u_mse": [0.010989010989011005, 0.0], "gamma": 0.25}
