{"acc": [0.0, 0.0], "network_size": 5000, "b_mse": [0.2315, 0.2315], "alpha_mse": [0.0, 0.0], "positive_ratio": 0.2, "d_mse": [0.537, 0.537], "adv_type": "random_noise", "prob_mse": [0.23, 0.23], "sample_size": 1, "test_ratio": 0.1, "T": 10, "realization": 0, "beta_mse": [0.0, 0.0], "runtime": 177.34302592277527, "u_mse": [0.2315, 0.2315], "gamma": 0.0}
{"acc": [0.0, 0.0], "network_size": 5000, "b_mse": [0.2397, 0.2397], "alpha_mse": [0.0, 0.0], "positive_ratio": 0.2, "d_mse": [0.5206, 0.5206], "adv_type": "random_noise", "prob_mse": [0.2662, 0.2662], "sample_size": 1, "test_ratio": 0.1, "T": 10, "realization": 0, "beta_mse": [0.0, 0.0], "runtime": 177.61161613464355, "u_mse": [0.2397, 0.2397], "gamma": 0.01}
{"acc": [0.0, 0.0], "network_size": 5000, "b_mse": [0.2405, 0.2405], "alpha_mse": [0.0, 0.0], "positive_ratio": 0.2, "d_mse": [0.519, 0.519], "adv_type": "random_noise", "prob_mse": [0.2838, 0.2838], "sample_size": 1, "test_ratio": 0.1, "T": 10, "realization": 0, "beta_mse": [0.0, 0.0], "runtime": 235.23941087722778, "u_mse": [0.2405, 0.2405], "gamma": 0.03}
{"acc": [0.0, 0.0], "network_size": 5000, "b_mse": [0.2406, 0.2406], "alpha_mse": [0.0, 0.0], "positive_ratio": 0.2, "d_mse": [0.5188, 0.5188], "adv_type": "random_noise", "prob_mse": [0.2711, 0.2711], "sample_size": 1, "test_ratio": 0.1, "T": 10, "realization": 0, "beta_mse": [0.0, 0.0], "runtime": 177.5553240776062, "u_mse": [0.2406, 0.2406], "gamma": 0.05}
{"acc": [0.0, 0.0], "network_size": 5000, "b_mse": [0.2424, 0.2424], "alpha_mse": [0.0, 0.0], "positive_ratio": 0.2, "d_mse": [0.5152, 0.5152], "adv_type": "random_noise", "prob_mse": [0.2737, 0.2737], "sample_size": 1, "test_ratio": 0.1, "T": 10, "realization": 0, "beta_mse": [0.0, 0.0], "runtime": 177.57296085357666, "u_mse": [0.2424, 0.2424], "gamma": 0.07}
{"acc": [0.0, 0.0], "network_size": 5000, "b_mse": [0.242, 0.242], "alpha_mse": [0.0, 0.0], "positive_ratio": 0.2, "d_mse": [0.516, 0.516], "adv_type": "random_noise", "prob_mse": [0.2915, 0.2915], "sample_size": 1, "test_ratio": 0.1, "T": 10, "realization": 0, "beta_mse": [0.0, 0.0], "runtime": 177.72036409378052, "u_mse": [0.242, 0.242], "gamma": 0.09}
{"acc": [0.0, 0.0], "network_size": 5000, "b_mse": [0.2452, 0.2452], "alpha_mse": [0.0, 0.0], "positive_ratio": 0.2, "d_mse": [0.5096, 0.5096], "adv_type": "random_noise", "prob_mse": [0.284, 0.284], "sample_size": 1, "test_ratio": 0.1, "T": 10, "realization": 0, "beta_mse": [0.0, 0.0], "runtime": 177.90810894966125, "u_mse": [0.2452, 0.2452], "gamma": 0.11}
{"acc": [0.0, 0.0], "network_size": 5000, "b_mse": [0.244, 0.244], "alpha_mse": [0.0, 0.0], "positive_ratio": 0.2, "d_mse": [0.512, 0.512], "adv_type": "random_noise", "prob_mse": [0.2836, 0.2836], "sample_size": 1, "test_ratio": 0.1, "T": 10, "realization": 0, "beta_mse": [0.0, 0.0], "runtime": 178.09118390083313, "u_mse": [0.244, 0.244], "gamma": 0.13}
{"acc": [0.0, 0.0], "network_size": 5000, "b_mse": [0.243, 0.243], "alpha_mse": [0.0, 0.0], "positive_ratio": 0.2, "d_mse": [0.514, 0.514], "adv_type": "random_noise", "prob_mse": [0.2863, 0.2863], "sample_size": 1, "test_ratio": 0.1, "T": 10, "realization": 0, "beta_mse": [0.0, 0.0], "runtime": 177.91758799552917, "u_mse": [0.243, 0.243], "gamma": 0.15}
{"acc": [0.0, 0.0], "network_size": 5000, "b_mse": [0.241, 0.241], "alpha_mse": [0.0, 0.0], "positive_ratio": 0.2, "d_mse": [0.518, 0.518], "adv_type": "random_noise", "prob_mse": [0.2705, 0.2705], "sample_size": 1, "test_ratio": 0.1, "T": 10, "realization": 0, "beta_mse": [0.0, 0.0], "runtime": 213.71599912643433, "u_mse": [0.241, 0.241], "gamma": 0.2}
{"acc": [0.0, 0.0], "network_size": 5000, "b_mse": [0.2412, 0.2412], "alpha_mse": [0.0, 0.0], "positive_ratio": 0.2, "d_mse": [0.5176, 0.5176], "adv_type": "random_noise", "prob_mse": [0.2804, 0.2804], "sample_size": 1, "test_ratio": 0.1, "T": 10, "realization": 0, "beta_mse": [0.0, 0.0], "runtime": 178.41434001922607, "u_mse": [0.2412, 0.2412], "gamma": 0.25}
{"acc": [0.0, 0.0], "network_size": 5000, "b_mse": [0.2487, 0.2487], "alpha_mse": [0.0, 0.0], "positive_ratio": 0.2, "d_mse": [0.5026, 0.5026], "adv_type": "random_noise", "prob_mse": [0.2487, 0.2487], "sample_size": 1, "test_ratio": 0.2, "T": 10, "realization": 0, "beta_mse": [0.0, 0.0], "runtime": 178.54664516448975, "u_mse": [0.2487, 0.2487], "gamma": 0.0}
{"acc": [0.0, 0.0], "network_size": 5000, "b_mse": [0.2584, 0.2584], "alpha_mse": [0.0, 0.0], "positive_ratio": 0.2, "d_mse": [0.4832, 0.4832], "adv_type": "random_noise", "prob_mse": [0.2949, 0.2949], "sample_size": 1, "test_ratio": 0.2, "T": 10, "realization": 0, "beta_mse": [0.0, 0.0], "runtime": 178.9951741695404, "u_mse": [0.2584, 0.2584], "gamma": 0.01}
{"acc": [0.0, 0.0], "network_size": 5000, "b_mse": [0.2609, 0.2609], "alpha_mse": [0.0, 0.0], "positive_ratio": 0.2, "d_mse": [0.4782, 0.4782], "adv_type": "random_noise", "prob_mse": [0.3042, 0.3042], "sample_size": 1, "test_ratio": 0.2, "T": 10, "realization": 0, "beta_mse": [0.0, 0.0], "runtime": 194.92860293388367, "u_mse": [0.2609, 0.2609], "gamma": 0.03}
{"acc": [0.0, 0.0], "network_size": 5000, "b_mse": [0.2616, 0.2616], "alpha_mse": [0.0, 0.0], "positive_ratio": 0.2, "d_mse": [0.4768, 0.4768], "adv_type": "random_noise", "prob_mse": [0.2895, 0.2895], "sample_size": 1, "test_ratio": 0.2, "T": 10, "realization": 0, "beta_mse": [0.0, 0.0], "runtime": 226.4350140094757, "u_mse": [0.2616, 0.2616], "gamma": 0.05}
{"acc": [0.0, 0.0], "network_size": 5000, "b_mse": [0.2593, 0.2593], "alpha_mse": [0.0, 0.0], "positive_ratio": 0.2, "d_mse": [0.4814, 0.4814], "adv_type": "random_noise", "prob_mse": [0.2976, 0.2976], "sample_size": 1, "test_ratio": 0.2, "T": 10, "realization": 0, "beta_mse": [0.0, 0.0], "runtime": 178.75449895858765, "u_mse": [0.2593, 0.2593], "gamma": 0.07}
{"acc": [0.0, 0.0], "network_size": 5000, "b_mse": [0.2635, 0.2635], "alpha_mse": [0.0, 0.0], "positive_ratio": 0.2, "d_mse": [0.473, 0.473], "adv_type": "random_noise", "prob_mse": [0.2929, 0.2929], "sample_size": 1, "test_ratio": 0.2, "T": 10, "realization": 0, "beta_mse": [0.0, 0.0], "runtime": 189.1722629070282, "u_mse": [0.2635, 0.2635], "gamma": 0.09}
{"acc": [0.0, 0.0], "network_size": 5000, "b_mse": [0.2612, 0.2612], "alpha_mse": [0.0, 0.0], "positive_ratio": 0.2, "d_mse": [0.4776, 0.4776], "adv_type": "random_noise", "prob_mse": [0.2929, 0.2929], "sample_size": 1, "test_ratio": 0.2, "T": 10, "realization": 0, "beta_mse": [0.0, 0.0], "runtime": 320.3399860858917, "u_mse": [0.2612, 0.2612], "gamma": 0.11}
{"acc": [0.0, 0.0], "network_size": 5000, "b_mse": [0.2618, 0.2618], "alpha_mse": [0.0, 0.0], "positive_ratio": 0.2, "d_mse": [0.4764, 0.4764], "adv_type": "random_noise", "prob_mse": [0.2947, 0.2947], "sample_size": 1, "test_ratio": 0.2, "T": 10, "realization": 0, "beta_mse": [0.0, 0.0], "runtime": 179.30794501304626, "u_mse": [0.2618, 0.2618], "gamma": 0.13}
{"acc": [0.0, 0.0], "network_size": 5000, "b_mse": [0.2568, 0.2568], "alpha_mse": [0.0, 0.0], "positive_ratio": 0.2, "d_mse": [0.4864, 0.4864], "adv_type": "random_noise", "prob_mse": [0.3025, 0.3025], "sample_size": 1, "test_ratio": 0.2, "T": 10, "realization": 0, "beta_mse": [0.0, 0.0], "runtime": 179.422945022583, "u_mse": [0.2568, 0.2568], "gamma": 0.15}
{"acc": [0.0, 0.0], "network_size": 5000, "b_mse": [0.2597, 0.2597], "alpha_mse": [0.0, 0.0], "positive_ratio": 0.2, "d_mse": [0.4806, 0.4806], "adv_type": "random_noise", "prob_mse": [0.2996, 0.2996], "sample_size": 1, "test_ratio": 0.2, "T": 10, "realization": 0, "beta_mse": [0.0, 0.0], "runtime": 179.2941038608551, "u_mse": [0.2597, 0.2597], "gamma": 0.2}
{"acc": [0.0, 0.0], "network_size": 5000, "b_mse": [0.2483, 0.2483], "alpha_mse": [0.0, 0.0], "positive_ratio": 0.2, "d_mse": [0.5034, 0.5034], "adv_type": "random_noise", "prob_mse": [0.3129, 0.3129], "sample_size": 1, "test_ratio": 0.2, "T": 10, "realization": 0, "beta_mse": [0.0, 0.0], "runtime": 179.23692989349365, "u_mse": [0.2483, 0.2483], "gamma": 0.25}
{"acc": [0.0, 0.0], "network_size": 5000,