{"acc": [0.0, 0.0], "network_size": 5000, "b_mse": [0.2261, 0.2261], "alpha_mse": [0.0, 0.0], "positive_ratio": 0.2, "d_mse": [0.5478, 0.5478], "adv_type": "random_pgd", "prob_mse": [0.2251, 0.2251], "sample_size": 1, "test_ratio": 0.1, "T": 10, "realization": 0, "beta_mse": [0.0, 0.0], "runtime": 177.94143986701965, "u_mse": [0.2261, 0.2261], "gamma": 0.0}
{"acc": [0.0, 0.0], "network_size": 5000, "b_mse": [0.2426, 0.2426], "alpha_mse": [0.0, 0.0], "positive_ratio": 0.2, "d_mse": [0.5148, 0.5148], "adv_type": "random_pgd", "prob_mse": [0.2991, 0.2991], "sample_size": 1, "test_ratio": 0.1, "T": 10, "realization": 0, "beta_mse": [0.0, 0.0], "runtime": 235.12657403945923, "u_mse": [0.2426, 0.2426], "gamma": 0.01}
{"acc": [0.0, 0.0], "network_size": 5000, "b_mse": [0.252, 0.252], "alpha_mse": [0.0, 0.0], "positive_ratio": 0.2, "d_mse": [0.496, 0.496], "adv_type": "random_pgd", "prob_mse": [0.335, 0.335], "sample_size": 1, "test_ratio": 0.1, "T": 10, "realization": 0, "beta_mse": [0.0, 0.0], "runtime": 177.7822699546814, "u_mse": [0.252, 0.252], "gamma": 0.03}
{"acc": [0.0, 0.0], "network_size": 5000, "b_mse": [0.2766, 0.2766], "alpha_mse": [0.0, 0.0], "positive_ratio": 0.2, "d_mse": [0.4468, 0.4468], "adv_type": "random_pgd", "prob_mse": [0.3171, 0.3171], "sample_size": 1, "test_ratio": 0.1, "T": 10, "realization": 0, "beta_mse": [0.0, 0.0], "runtime": 177.46764707565308, "u_mse": [0.2766, 0.2766], "gamma": 0.05}
{"acc": [0.0, 0.0], "network_size": 5000, "b_mse": [0.2741, 0.2741], "alpha_mse": [0.0, 0.0], "positive_ratio": 0.2, "d_mse": [0.4518, 0.4518], "adv_type": "random_pgd", "prob_mse": [0.3239, 0.3239], "sample_size": 1, "test_ratio": 0.1, "T": 10, "realization": 0, "beta_mse": [0.0, 0.0], "runtime": 179.438570022583, "u_mse": [0.2741, 0.2741], "gamma": 0.07}
{"acc": [0.0, 0.0], "network_size": 5000, "b_mse": [0.2431, 0.2431], "alpha_mse": [0.0, 0.0], "positive_ratio": 0.2, "d_mse": [0.5138, 0.5138], "adv_type": "random_pgd", "prob_mse": [0.3441, 0.3441], "sample_size": 1, "test_ratio": 0.1, "T": 10, "realization": 0, "beta_mse": [0.0, 0.0], "runtime": 179.00676798820496, "u_mse": [0.2431, 0.2431], "gamma": 0.09}
{"acc": [0.0, 0.0], "network_size": 5000, "b_mse": [0.264, 0.264], "alpha_mse": [0.0, 0.0], "positive_ratio": 0.2, "d_mse": [0.472, 0.472], "adv_type": "random_pgd", "prob_mse": [0.3418, 0.3418], "sample_size": 1, "test_ratio": 0.1, "T": 10, "realization": 0, "beta_mse": [0.0, 0.0], "runtime": 178.85936498641968, "u_mse": [0.264, 0.264], "gamma": 0.11}
{"acc": [0.0, 0.0], "network_size": 5000, "b_mse": [0.2723, 0.2723], "alpha_mse": [0.0, 0.0], "positive_ratio": 0.2, "d_mse": [0.4554, 0.4554], "adv_type": "random_pgd", "prob_mse": [0.3477, 0.3477], "sample_size": 1, "test_ratio": 0.1, "T": 10, "realization": 0, "beta_mse": [0.0, 0.0], "runtime": 178.13605904579163, "u_mse": [0.2723, 0.2723], "gamma": 0.13}
{"acc": [0.0, 0.0], "network_size": 5000, "b_mse": [0.2559, 0.2559], "alpha_mse": [0.0, 0.0], "positive_ratio": 0.2, "d_mse": [0.4882, 0.4882], "adv_type": "random_pgd", "prob_mse": [0.3435, 0.3435], "sample_size": 1, "test_ratio": 0.1, "T": 10, "realization": 0, "beta_mse": [0.0, 0.0], "runtime": 231.68746900558472, "u_mse": [0.2559, 0.2559], "gamma": 0.15}
{"acc": [0.0, 0.0], "network_size": 5000, "b_mse": [0.2795, 0.2795], "alpha_mse": [0.0, 0.0], "positive_ratio": 0.2, "d_mse": [0.441, 0.441], "adv_type": "random_pgd", "prob_mse": [0.3374, 0.3374], "sample_size": 1, "test_ratio": 0.1, "T": 10, "realization": 0, "beta_mse": [0.0, 0.0], "runtime": 178.342542886734, "u_mse": [0.2795, 0.2795], "gamma": 0.2}
{"acc": [0.0, 0.0], "network_size": 5000, "b_mse": [0.2445, 0.2445], "alpha_mse": [0.0, 0.0], "positive_ratio": 0.2, "d_mse": [0.511, 0.511], "adv_type": "random_pgd", "prob_mse": [0.3087, 0.3087], "sample_size": 1, "test_ratio": 0.1, "T": 10, "realization": 0, "beta_mse": [0.0, 0.0], "runtime": 178.06899094581604, "u_mse": [0.2445, 0.2445], "gamma": 0.25}
{"acc": [0.0, 0.0], "network_size": 5000, "b_mse": [0.2237, 0.2237], "alpha_mse": [0.0, 0.0], "positive_ratio": 0.2, "d_mse": [0.5526, 0.5526], "adv_type": "random_pgd", "prob_mse": [0.2228, 0.2228], "sample_size": 1, "test_ratio": 0.2, "T": 10, "realization": 0, "beta_mse": [0.0, 0.0], "runtime": 178.40760588645935, "u_mse": [0.2237, 0.2237], "gamma": 0.0}
{"acc": [0.0, 0.0], "network_size": 5000, "b_mse": [0.245, 0.245], "alpha_mse": [0.0, 0.0], "positive_ratio": 0.2, "d_mse": [0.51, 0.51], "adv_type": "random_pgd", "prob_mse": [0.2992, 0.2992], "sample_size": 1, "test_ratio": 0.2, "T": 10, "realization": 0, "beta_mse": [0.0, 0.0], "runtime": 191.59541606903076, "u_mse": [0.245, 0.245], "gamma": 0.01}
{"acc": [0.0, 0.0], "network_size": 5000, "b_mse": [0.243, 0.243], "alpha_mse": [0.0, 0.0], "positive_ratio": 0.2, "d_mse": [0.514, 0.514], "adv_type": "random_pgd", "prob_mse": [0.3022, 0.3022], "sample_size": 1, "test_ratio": 0.2, "T": 10, "realization": 0, "beta_mse": [0.0, 0.0], "runtime": 299.8163800239563, "u_mse": [0.243, 0.243], "gamma": 0.03}
{"acc": [0.0, 0.0], "network_size": 5000, "b_mse": [0.2451, 0.2451], "alpha_mse": [0.0, 0.0], "positive_ratio": 0.2, "d_mse": [0.5098, 0.5098], "adv_type": "random_pgd", "prob_mse": [0.2833, 0.2833], "sample_size": 1, "test_ratio": 0.2, "T": 10, "realization": 0, "beta_mse": [0.0, 0.0], "runtime": 178.43785691261292, "u_mse": [0.2451, 0.2451], "gamma": 0.05}
{"acc": [0.0, 0.0], "network_size": 5000, "b_mse": [0.2698, 0.2698], "alpha_mse": [0.0, 0.0], "positive_ratio": 0.2, "d_mse": [0.4604, 0.4604], "adv_type": "random_pgd", "prob_mse": [0.329, 0.329], "sample_size": 1, "test_ratio": 0.2, "T": 10, "realization": 0, "beta_mse": [0.0, 0.0], "runtime": 233.4656331539154, "u_mse": [0.2698, 0.2698], "gamma": 0.07}
{"acc": [0.0, 0.0], "network_size": 5000, "b_mse": [0.2513, 0.2513], "alpha_mse": [0.0, 0.0], "positive_ratio": 0.2, "d_mse": [0.4974, 0.4974], "adv_type": "random_pgd", "prob_mse": [0.2908, 0.2908], "sample_size": 1, "test_ratio": 0.2, "T": 10, "realization": 0, "beta_mse": [0.0, 0.0], "runtime": 205.9649679660797, "u_mse": [0.2513, 0.2513], "gamma": 0.09}
{"acc": [0.0, 0.0], "network_size": 5000, "b_mse": [0.2219, 0.2219], "alpha_mse": [0.0, 0.0], "positive_ratio": 0.2, "d_mse": [0.5562, 0.5562], "adv_type": "random_pgd", "prob_mse": [0.2741, 0.2741], "sample_size": 1, "test_ratio": 0.2, "T": 10, "realization": 0, "beta_mse": [0.0, 0.0], "runtime": 178.67983102798462, "u_mse": [0.2219, 0.2219], "gamma": 0.11}
{"acc": [0.0, 0.0], "network_size": 5000, "b_mse": [0.2381, 0.2381], "alpha_mse": [0.0, 0.0], "positive_ratio": 0.2, "d_mse": [0.5238, 0.5238], "adv_type": "random_pgd", "prob_mse": [0.2845, 0.2845], "sample_size": 1, "test_ratio": 0.2, "T": 10, "realization": 0, "beta_mse": [0.0, 0.0], "runtime": 178.83287501335144, "u_mse": [0.2381, 0.2381], "gamma": 0.13}
{"acc": [0.0, 0.0], "network_size": 5000, "b_mse": [0.2498, 0.2498], "alpha_mse": [0.0, 0.0], "positive_ratio": 0.2, "d_mse": [0.5004, 0.5004], "adv_type": "random_pgd", "prob_mse": [0.3111, 0.3111], "sample_size": 1, "test_ratio": 0.2, "T": 10, "realization": 0, "beta_mse": [0.0, 0.0], "runtime": 178.44685912132263, "u_mse": [0.2498, 0.2498], "gamma": 0.15}
{"acc": [0.0, 0.0], "network_size": 5000, "b_mse": [0.2445, 0.2445], "alpha_mse": [0.0, 0.0], "positive_ratio": 0.2, "d_mse": [0.511, 0.511], "adv_type": "random_pgd", "prob_mse": [0.3132, 0.3132], "sample_size": 1, "test_ratio": 0.2, "T": 10, "realization": 0, "beta_mse": [0.0, 0.0], "runtime": 178.65509390830994, "u_mse": [0.2445, 0.2445], "gamma": 0.2}
{"acc": [0.0, 0.0], "network_size": 5000, "b_mse": [0.2425, 0.2425], "alpha_mse": [0.0, 0.0], "positive_ratio": 0.2, "d_mse": [0.515, 0.515], "adv_type": "random_pgd", "prob_mse": [0.3279, 0.3279], "sample_size": 1, "test_ratio": 0.2, "T": 10, "realization": 0, "beta_mse": [0.0, 0.0], "runtime": 178.7620849609375, "u_mse": [0.2425, 0.2425], "gamma": 0.25}
{"acc": [0.0, 0.0], "network_size": 5000, "b_mse": [0.2222, 0.2222], "alpha_mse": [0.0, 0.0],