{"acc": [0.0, 0.0], "network_size": 5000, "b_mse": [0.2785, 0.2785], "alpha_mse": [0.0, 0.0], "positive_ratio": 0.2, "d_mse": [0.443, 0.443], "adv_type": "random_noise", "prob_mse": [0.2765, 0.2765], "sample_size": 1, "test_ratio": 0.3, "T": 10, "realization": 0, "beta_mse": [0.0, 0.0], "runtime": 104.63831901550293, "u_mse": [0.2785, 0.2785], "gamma": 0.0}
{"acc": [0.0, 0.0], "network_size": 5000, "b_mse": [0.2561, 0.2561], "alpha_mse": [0.0, 0.0], "positive_ratio": 0.2, "d_mse": [0.4878, 0.4878], "adv_type": "random_noise", "prob_mse": [0.2944, 0.2944], "sample_size": 1, "test_ratio": 0.3, "T": 10, "realization": 0, "beta_mse": [0.0, 0.0], "runtime": 103.15637302398682, "u_mse": [0.2561, 0.2561], "gamma": 0.01}
{"acc": [0.0, 0.0], "network_size": 5000, "b_mse": [0.2535, 0.2535], "alpha_mse": [0.0, 0.0], "positive_ratio": 0.2, "d_mse": [0.493, 0.493], "adv_type": "random_noise", "prob_mse": [0.311, 0.311], "sample_size": 1, "test_ratio": 0.3, "T": 10, "realization": 0, "beta_mse": [0.0, 0.0], "runtime": 102.93644499778748, "u_mse": [0.2535, 0.2535], "gamma": 0.03}
{"acc": [0.0, 0.0], "network_size": 5000, "b_mse": [0.2608, 0.2608], "alpha_mse": [0.0, 0.0], "positive_ratio": 0.2, "d_mse": [0.4784, 0.4784], "adv_type": "random_noise", "prob_mse": [0.3127, 0.3127], "sample_size": 1, "test_ratio": 0.3, "T": 10, "realization": 0, "beta_mse": [0.0, 0.0], "runtime": 103.60921001434326, "u_mse": [0.2608, 0.2608], "gamma": 0.05}
{"acc": [0.0, 0.0], "network_size": 5000, "b_mse": [0.2494, 0.2494], "alpha_mse": [0.0, 0.0], "positive_ratio": 0.2, "d_mse": [0.5012, 0.5012], "adv_type": "random_noise", "prob_mse": [0.2731, 0.2731], "sample_size": 1, "test_ratio": 0.3, "T": 10, "realization": 0, "beta_mse": [0.0, 0.0], "runtime": 104.2248170375824, "u_mse": [0.2494, 0.2494], "gamma": 0.07}
{"acc": [0.0, 0.0], "network_size": 5000, "b_mse": [0.2634, 0.2634], "alpha_mse": [0.0, 0.0], "positive_ratio": 0.2, "d_mse": [0.4732, 0.4732], "adv_type": "random_noise", "prob_mse": [0.2868, 0.2868], "sample_size": 1, "test_ratio": 0.3, "T": 10, "realization": 0, "beta_mse": [0.0, 0.0], "runtime": 105.99556493759155, "u_mse": [0.2634, 0.2634], "gamma": 0.09}
{"acc": [0.0, 0.0], "network_size": 5000, "b_mse": [0.2515, 0.2515], "alpha_mse": [0.0, 0.0], "positive_ratio": 0.2, "d_mse": [0.497, 0.497], "adv_type": "random_noise", "prob_mse": [0.2918, 0.2918], "sample_size": 1, "test_ratio": 0.3, "T": 10, "realization": 0, "beta_mse": [0.0, 0.0], "runtime": 107.0628170967102, "u_mse": [0.2515, 0.2515], "gamma": 0.2}
{"acc": [0.0, 0.0], "network_size": 5000, "b_mse": [0.2549, 0.2549], "alpha_mse": [0.0, 0.0], "positive_ratio": 0.2, "d_mse": [0.4902, 0.4902], "adv_type": "random_noise", "prob_mse": [0.2938, 0.2938], "sample_size": 1, "test_ratio": 0.3, "T": 10, "realization": 0, "beta_mse": [0.0, 0.0], "runtime": 108.9466860294342, "u_mse": [0.2549, 0.2549], "gamma": 0.3}
{"acc": [0.0, 0.0], "network_size": 5000, "b_mse": [0.2522, 0.2522], "alpha_mse": [0.0, 0.0], "positive_ratio": 0.2, "d_mse": [0.4956, 0.4956], "adv_type": "random_noise", "prob_mse": [0.2905, 0.2905], "sample_size": 1, "test_ratio": 0.3, "T": 10, "realization": 0, "beta_mse": [0.0, 0.0], "runtime": 111.850909948349, "u_mse": [0.2522, 0.2522], "gamma": 0.4}
{"acc": [0.0, 0.0], "network_size": 5000, "b_mse": [0.2618, 0.2618], "alpha_mse": [0.0, 0.0], "positive_ratio": 0.2, "d_mse": [0.4764, 0.4764], "adv_type": "random_noise", "prob_mse": [0.2591, 0.2591], "sample_size": 1, "test_ratio": 0.3, "T": 10, "realization": 1, "beta_mse": [0.0, 0.0], "runtime": 109.24502491950989, "u_mse": [0.2618, 0.2618], "gamma": 0.0}
{"acc": [0.0, 0.0], "network_size": 5000, "b_mse": [0.2399, 0.2399], "alpha_mse": [0.0, 0.0], "positive_ratio": 0.2, "d_mse": [0.5202, 0.5202], "adv_type": "random_noise", "prob_mse": [0.271, 0.271], "sample_size": 1, "test_ratio": 0.3, "T": 10, "realization": 1, "beta_mse": [0.0, 0.0], "runtime": 108.4703209400177, "u_mse": [0.2399, 0.2399], "gamma": 0.01}
{"acc": [0.0, 0.0], "network_size": 5000, "b_mse": [0.2488, 0.2488], "alpha_mse": [0.0, 0.0], "positive_ratio": 0.2, "d_mse": [0.5024, 0.5024], "adv_type": "random_noise", "prob_mse": [0.2947, 0.2947], "sample_size": 1, "test_ratio": 0.3, "T": 10, "realization": 1, "beta_mse": [0.0, 0.0], "runtime": 108.76880598068237, "u_mse": [0.2488, 0.2488], "gamma": 0.03}
{"acc": [0.0, 0.0], "network_size": 5000, "b_mse": [0.2463, 0.2463], "alpha_mse": [0.0, 0.0], "positive_ratio": 0.2, "d_mse": [0.5074, 0.5074], "adv_type": "random_noise", "prob_mse": [0.2881, 0.2881], "sample_size": 1, "test_ratio": 0.3, "T": 10, "realization": 1, "beta_mse": [0.0, 0.0], "runtime": 109.42866110801697, "u_mse": [0.2463, 0.2463], "gamma": 0.05}
{"acc": [0.0, 0.0], "network_size": 5000, "b_mse": [0.251, 0.251], "alpha_mse": [0.0, 0.0], "positive_ratio": 0.2, "d_mse": [0.498, 0.498], "adv_type": "random_noise", "prob_mse": [0.2986, 0.2986], "sample_size": 1, "test_ratio": 0.3, "T": 10, "realization": 1, "beta_mse": [0.0, 0.0], "runtime": 111.75467491149902, "u_mse": [0.251, 0.251], "gamma": 0.07}
{"acc": [0.0, 0.0], "network_size": 5000, "b_mse": [0.255, 0.255], "alpha_mse": [0.0, 0.0], "positive_ratio": 0.2, "d_mse": [0.49, 0.49], "adv_type": "random_noise", "prob_mse": [0.2898, 0.2898], "sample_size": 1, "test_ratio": 0.3, "T": 10, "realization": 1, "beta_mse": [0.0, 0.0], "runtime": 110.14424014091492, "u_mse": [0.255, 0.255], "gamma": 0.09}
{"acc": [0.0, 0.0], "network_size": 5000, "b_mse": [0.2449, 0.2449], "alpha_mse": [0.0, 0.0], "positive_ratio": 0.2, "d_mse": [0.5102, 0.5102], "adv_type": "random_noise", "prob_mse": [0.2947, 0.2947], "sample_size": 1, "test_ratio": 0.3, "T": 10, "realization": 1, "beta_mse": [0.0, 0.0], "runtime": 110.49900794029236, "u_mse": [0.2449, 0.2449], "gamma": 0.2}
{"acc": [0.0, 0.0], "network_size": 5000, "b_mse": [0.2391, 0.2391], "alpha_mse": [0.0, 0.0], "positive_ratio": 0.2, "d_mse": [0.5218, 0.5218], "adv_type": "random_noise", "prob_mse": [0.2861, 0.2861], "sample_size": 1, "test_ratio": 0.3, "T": 10, "realization": 1, "beta_mse": [0.0, 0.0], "runtime": 111.07101011276245, "u_mse": [0.2391, 0.2391], "gamma": 0.3}
{"acc": [0.0, 0.0], "network_size": 5000, "b_mse": [0.2442, 0.2442], "alpha_mse": [0.0, 0.0], "positive_ratio": 0.2, "d_mse": [0.5116, 0.5116], "adv_type": "random_noise", "prob_mse": [0.2972, 0.2972], "sample_size": 1, "test_ratio": 0.3, "T": 10, "realization": 1, "beta_mse": [0.0, 0.0], "runtime": 111.07950615882874, "u_mse": [0.2442, 0.2442], "gamma": 0.4}
{"acc": [0.0, 0.0], "network_size": 5000, "b_mse": [0.2645, 0.2645], "alpha_mse": [0.0, 0.0], "positive_ratio": 0.2, "d_mse": [0.471, 0.471], "adv_type": "random_noise", "prob_mse": [0.2621, 0.2621], "sample_size": 1, "test_ratio": 0.3, "T": 10, "realization": 2, "beta_mse": [0.0, 0.0], "runtime": 110.29152202606201, "u_mse": [0.2645, 0.2645], "gamma": 0.0}
{"acc": [0.0, 0.0], "network_size": 5000, "b_mse": [0.2577, 0.2577], "alpha_mse": [0.0, 0.0], "positive_ratio": 0.2, "d_mse": [0.4846, 0.4846], "adv_type": "random_noise", "prob_mse": [0.2906, 0.2906], "sample_size": 1, "test_ratio": 0.3, "T": 10, "realization": 2, "beta_mse": [0.0, 0.0], "runtime": 110.08122110366821, "u_mse": [0.2577, 0.2577], "gamma": 0.01}
{"acc": [0.0, 0.0], "network_size": 5000, "b_mse": [0.2525, 0.2525], "alpha_mse": [0.0, 0.0], "positive_ratio": 0.2, "d_mse": [0.495, 0.495], "adv_type": "random_noise", "prob_mse": [0.2955, 0.2955], "sample_size": 1, "test_ratio": 0.3, "T": 10, "realization": 2, "beta_mse": [0.0, 0.0], "runtime": 110.60611510276794, "u_mse": [0.2525, 0.2525], "gamma": 0.03}
{"acc": [0.0, 0.0], "network_size": 5000, "b_mse": [0.265, 0.265], "alpha_mse": [0.0, 0.0], "positive_ratio": 0.2, "d_mse": [0.47, 0.47], "adv_type": "random_noise", "prob_mse": [0.3157, 0.3157], "sample_size": 1, "test_ratio": 0.3, "T": 10, "realization": 2, "beta_mse": [0.0, 0.0], "runtime": 110.7343499660492, "u_mse": [0.265, 0.265], "gamma": 0.05}
{"acc": [0.0, 0.0], "network_size": 5000,