{"acc": [0.0, 0.0], "network_size": 5000, "b_mse": [0.269, 0.269], "alpha_mse": [0.0, 0.0], "positive_ratio": 0.2, "d_mse": [0.462, 0.462], "adv_type": "random_flip", "prob_mse": [0.2688, 0.2688], "sample_size": 1, "test_ratio": 0.1, "T": 10, "realization": 0, "beta_mse": [0.0, 0.0], "runtime": 178.10248708724976, "u_mse": [0.269, 0.269], "gamma": 0.0}
{"acc": [0.0, 0.0], "network_size": 5000, "b_mse": [0.2692, 0.2692], "alpha_mse": [0.0, 0.0], "positive_ratio": 0.2, "d_mse": [0.4616, 0.4616], "adv_type": "random_flip", "prob_mse": [0.2701, 0.2701], "sample_size": 1, "test_ratio": 0.1, "T": 10, "realization": 0, "beta_mse": [0.0, 0.0], "runtime": 177.75018405914307, "u_mse": [0.2692, 0.2692], "gamma": 0.01}
{"acc": [0.0, 0.0], "network_size": 5000, "b_mse": [0.2694, 0.2694], "alpha_mse": [0.0, 0.0], "positive_ratio": 0.2, "d_mse": [0.4612, 0.4612], "adv_type": "random_flip", "prob_mse": [0.2703, 0.2703], "sample_size": 1, "test_ratio": 0.1, "T": 10, "realization": 0, "beta_mse": [0.0, 0.0], "runtime": 234.36492705345154, "u_mse": [0.2694, 0.2694], "gamma": 0.03}
{"acc": [0.0, 0.0], "network_size": 5000, "b_mse": [0.2684, 0.2684], "alpha_mse": [0.0, 0.0], "positive_ratio": 0.2, "d_mse": [0.4632, 0.4632], "adv_type": "random_flip", "prob_mse": [0.2687, 0.2687], "sample_size": 1, "test_ratio": 0.1, "T": 10, "realization": 0, "beta_mse": [0.0, 0.0], "runtime": 177.31817603111267, "u_mse": [0.2684, 0.2684], "gamma": 0.05}
{"acc": [0.0, 0.0], "network_size": 5000, "b_mse": [0.2719, 0.2719], "alpha_mse": [0.0, 0.0], "positive_ratio": 0.2, "d_mse": [0.4562, 0.4562], "adv_type": "random_flip", "prob_mse": [0.2719, 0.2719], "sample_size": 1, "test_ratio": 0.1, "T": 10, "realization": 0, "beta_mse": [0.0, 0.0], "runtime": 177.1400020122528, "u_mse": [0.2719, 0.2719], "gamma": 0.07}
{"acc": [0.0, 0.0], "network_size": 5000, "b_mse": [0.273, 0.273], "alpha_mse": [0.0, 0.0], "positive_ratio": 0.2, "d_mse": [0.454, 0.454], "adv_type": "random_flip", "prob_mse": [0.2731, 0.2731], "sample_size": 1, "test_ratio": 0.1, "T": 10, "realization": 0, "beta_mse": [0.0, 0.0], "runtime": 214.79974794387817, "u_mse": [0.273, 0.273], "gamma": 0.09}
{"acc": [0.0, 0.0], "network_size": 5000, "b_mse": [0.2718, 0.2718], "alpha_mse": [0.0, 0.0], "positive_ratio": 0.2, "d_mse": [0.4564, 0.4564], "adv_type": "random_flip", "prob_mse": [0.2713, 0.2713], "sample_size": 1, "test_ratio": 0.1, "T": 10, "realization": 0, "beta_mse": [0.0, 0.0], "runtime": 177.71566605567932, "u_mse": [0.2718, 0.2718], "gamma": 0.11}
{"acc": [0.0, 0.0], "network_size": 5000, "b_mse": [0.272, 0.272], "alpha_mse": [0.0, 0.0], "positive_ratio": 0.2, "d_mse": [0.456, 0.456], "adv_type": "random_flip", "prob_mse": [0.2719, 0.2719], "sample_size": 1, "test_ratio": 0.1, "T": 10, "realization": 0, "beta_mse": [0.0, 0.0], "runtime": 178.2807800769806, "u_mse": [0.272, 0.272], "gamma": 0.13}
{"acc": [0.0, 0.0], "network_size": 5000, "b_mse": [0.276, 0.276], "alpha_mse": [0.0, 0.0], "positive_ratio": 0.2, "d_mse": [0.448, 0.448], "adv_type": "random_flip", "prob_mse": [0.2753, 0.2753], "sample_size": 1, "test_ratio": 0.1, "T": 10, "realization": 0, "beta_mse": [0.0, 0.0], "runtime": 178.07371878623962, "u_mse": [0.276, 0.276], "gamma": 0.15}
{"acc": [0.0, 0.0], "network_size": 5000, "b_mse": [0.2795, 0.2795], "alpha_mse": [0.0, 0.0], "positive_ratio": 0.2, "d_mse": [0.441, 0.441], "adv_type": "random_flip", "prob_mse": [0.279, 0.279], "sample_size": 1, "test_ratio": 0.1, "T": 10, "realization": 0, "beta_mse": [0.0, 0.0], "runtime": 178.4380669593811, "u_mse": [0.2795, 0.2795], "gamma": 0.2}
{"acc": [0.0, 0.0], "network_size": 5000, "b_mse": [0.2759, 0.2759], "alpha_mse": [0.0, 0.0], "positive_ratio": 0.2, "d_mse": [0.4482, 0.4482], "adv_type": "random_flip", "prob_mse": [0.275, 0.275], "sample_size": 1, "test_ratio": 0.1, "T": 10, "realization": 0, "beta_mse": [0.0, 0.0], "runtime": 178.54455709457397, "u_mse": [0.2759, 0.2759], "gamma": 0.25}
{"acc": [0.0, 0.0], "network_size": 5000, "b_mse": [0.2247, 0.2247], "alpha_mse": [0.0, 0.0], "positive_ratio": 0.2, "d_mse": [0.5506, 0.5506], "adv_type": "random_flip", "prob_mse": [0.2252, 0.2252], "sample_size": 1, "test_ratio": 0.2, "T": 10, "realization": 0, "beta_mse": [0.0, 0.0], "runtime": 178.7040500640869, "u_mse": [0.2247, 0.2247], "gamma": 0.0}
{"acc": [0.0, 0.0], "network_size": 5000, "b_mse": [0.2241, 0.2241], "alpha_mse": [0.0, 0.0], "positive_ratio": 0.2, "d_mse": [0.5518, 0.5518], "adv_type": "random_flip", "prob_mse": [0.2243, 0.2243], "sample_size": 1, "test_ratio": 0.2, "T": 10, "realization": 0, "beta_mse": [0.0, 0.0], "runtime": 216.17806601524353, "u_mse": [0.2241, 0.2241], "gamma": 0.01}
{"acc": [0.0, 0.0], "network_size": 5000, "b_mse": [0.2275, 0.2275], "alpha_mse": [0.0, 0.0], "positive_ratio": 0.2, "d_mse": [0.545, 0.545], "adv_type": "random_flip", "prob_mse": [0.2274, 0.2274], "sample_size": 1, "test_ratio": 0.2, "T": 10, "realization": 0, "beta_mse": [0.0, 0.0], "runtime": 178.5179409980774, "u_mse": [0.2275, 0.2275], "gamma": 0.03}
{"acc": [0.0, 0.0], "network_size": 5000, "b_mse": [0.2253, 0.2253], "alpha_mse": [0.0, 0.0], "positive_ratio": 0.2, "d_mse": [0.5494, 0.5494], "adv_type": "random_flip", "prob_mse": [0.2251, 0.2251], "sample_size": 1, "test_ratio": 0.2, "T": 10, "realization": 0, "beta_mse": [0.0, 0.0], "runtime": 178.38378405570984, "u_mse": [0.2253, 0.2253], "gamma": 0.05}
{"acc": [0.0, 0.0], "network_size": 5000, "b_mse": [0.2272, 0.2272], "alpha_mse": [0.0, 0.0], "positive_ratio": 0.2, "d_mse": [0.5456, 0.5456], "adv_type": "random_flip", "prob_mse": [0.227, 0.227], "sample_size": 1, "test_ratio": 0.2, "T": 10, "realization": 0, "beta_mse": [0.0, 0.0], "runtime": 178.27639985084534, "u_mse": [0.2272, 0.2272], "gamma": 0.07}
{"acc": [0.0, 0.0], "network_size": 5000, "b_mse": [0.2288, 0.2288], "alpha_mse": [0.0, 0.0], "positive_ratio": 0.2, "d_mse": [0.5424, 0.5424], "adv_type": "random_flip", "prob_mse": [0.2286, 0.2286], "sample_size": 1, "test_ratio": 0.2, "T": 10, "realization": 0, "beta_mse": [0.0, 0.0], "runtime": 182.77734804153442, "u_mse": [0.2288, 0.2288], "gamma": 0.09}
{"acc": [0.0, 0.0], "network_size": 5000, "b_mse": [0.2287, 0.2287], "alpha_mse": [0.0, 0.0], "positive_ratio": 0.2, "d_mse": [0.5426, 0.5426], "adv_type": "random_flip", "prob_mse": [0.2281, 0.2281], "sample_size": 1, "test_ratio": 0.2, "T": 10, "realization": 0, "beta_mse": [0.0, 0.0], "runtime": 256.90106105804443, "u_mse": [0.2287, 0.2287], "gamma": 0.11}
{"acc": [0.0, 0.0], "network_size": 5000, "b_mse": [0.2294, 0.2294], "alpha_mse": [0.0, 0.0], "positive_ratio": 0.2, "d_mse": [0.5412, 0.5412], "adv_type": "random_flip", "prob_mse": [0.2288, 0.2288], "sample_size": 1, "test_ratio": 0.2, "T": 10, "realization": 0, "beta_mse": [0.0, 0.0], "runtime": 179.11607098579407, "u_mse": [0.2294, 0.2294], "gamma": 0.13}
{"acc": [0.0, 0.0], "network_size": 5000, "b_mse": [0.2322, 0.2322], "alpha_mse": [0.0, 0.0], "positive_ratio": 0.2, "d_mse": [0.5356, 0.5356], "adv_type": "random_flip", "prob_mse": [0.2316, 0.2316], "sample_size": 1, "test_ratio": 0.2, "T": 10, "realization": 0, "beta_mse": [0.0, 0.0], "runtime": 180.82884001731873, "u_mse": [0.2322, 0.2322], "gamma": 0.15}
{"acc": [0.0, 0.0], "network_size": 5000, "b_mse": [0.2359, 0.2359], "alpha_mse": [0.0, 0.0], "positive_ratio": 0.2, "d_mse": [0.5282, 0.5282], "adv_type": "random_flip", "prob_mse": [0.2348, 0.2348], "sample_size": 1, "test_ratio": 0.2, "T": 10, "realization": 0, "beta_mse": [0.0, 0.0], "runtime": 314.5552520751953, "u_mse": [0.2359, 0.2359], "gamma": 0.2}
{"acc": [0.0, 0.0], "network_size": 5000, "b_mse": [0.2411, 0.2411], "alpha_mse": [0.0, 0.0], "positive_ratio": 0.2, "d_mse": [0.5178, 0.5178], "adv_type": "random_flip", "prob_mse": [0.2399, 0.2399], "sample_size": 1, "test_ratio": 0.2, "T": 10, "realization": 0, "beta_mse": [0.0, 0.0], "runtime": 179.21125388145447, "u_mse": [0.2411, 0.2411], "gamma": 0.25}
{"acc": [0.0, 0.0], "network_size": 5000, "b_mse": [0.218, 0.218],