{"acc": [0.0, 0.0], "network_size": 5000, "b_mse": [0.2711, 0.2711], "alpha_mse": [0.0, 0.0], "positive_ratio": 0.2, "d_mse": [0.4578, 0.4578], "adv_type": "random_pgd_csl", "prob_mse": [0.2683, 0.2683], "sample_size": 1, "test_ratio": 0.3, "T": 10, "realization": 0, "beta_mse": [0.0, 0.0], "runtime": 112.01934695243835, "u_mse": [0.2711, 0.2711], "gamma": 0.0}
{"acc": [0.0, 0.0], "network_size": 5000, "b_mse": [0.2544, 0.2544], "alpha_mse": [0.0, 0.0], "positive_ratio": 0.2, "d_mse": [0.4912, 0.4912], "adv_type": "random_pgd_csl", "prob_mse": [0.2846, 0.2846], "sample_size": 1, "test_ratio": 0.3, "T": 10, "realization": 0, "beta_mse": [0.0, 0.0], "runtime": 111.06793999671936, "u_mse": [0.2544, 0.2544], "gamma": 0.01}
{"acc": [0.0, 0.0], "network_size": 5000, "b_mse": [0.2554, 0.2554], "alpha_mse": [0.0, 0.0], "positive_ratio": 0.2, "d_mse": [0.4892, 0.4892], "adv_type": "random_pgd_csl", "prob_mse": [0.2885, 0.2885], "sample_size": 1, "test_ratio": 0.3, "T": 10, "realization": 0, "beta_mse": [0.0, 0.0], "runtime": 110.54776787757874, "u_mse": [0.2554, 0.2554], "gamma": 0.03}
{"acc": [0.0, 0.0], "network_size": 5000, "b_mse": [0.2617, 0.2617], "alpha_mse": [0.0, 0.0], "positive_ratio": 0.2, "d_mse": [0.4766, 0.4766], "adv_type": "random_pgd_csl", "prob_mse": [0.291, 0.291], "sample_size": 1, "test_ratio": 0.3, "T": 10, "realization": 0, "beta_mse": [0.0, 0.0], "runtime": 110.42683506011963, "u_mse": [0.2617, 0.2617], "gamma": 0.05}
{"acc": [0.0, 0.0], "network_size": 5000, "b_mse": [0.2552, 0.2552], "alpha_mse": [0.0, 0.0], "positive_ratio": 0.2, "d_mse": [0.4896, 0.4896], "adv_type": "random_pgd_csl", "prob_mse": [0.267, 0.267], "sample_size": 1, "test_ratio": 0.3, "T": 10, "realization": 0, "beta_mse": [0.0, 0.0], "runtime": 111.02669978141785, "u_mse": [0.2552, 0.2552], "gamma": 0.07}
{"acc": [0.0, 0.0], "network_size": 5000, "b_mse": [0.2639, 0.2639], "alpha_mse": [0.0, 0.0], "positive_ratio": 0.2, "d_mse": [0.4722, 0.4722], "adv_type": "random_pgd_csl", "prob_mse": [0.2803, 0.2803], "sample_size": 1, "test_ratio": 0.3, "T": 10, "realization": 0, "beta_mse": [0.0, 0.0], "runtime": 109.77320909500122, "u_mse": [0.2639, 0.2639], "gamma": 0.09}
{"acc": [0.0, 0.0], "network_size": 5000, "b_mse": [0.256, 0.256], "alpha_mse": [0.0, 0.0], "positive_ratio": 0.2, "d_mse": [0.488, 0.488], "adv_type": "random_pgd_csl", "prob_mse": [0.2803, 0.2803], "sample_size": 1, "test_ratio": 0.3, "T": 10, "realization": 0, "beta_mse": [0.0, 0.0], "runtime": 110.03293800354004, "u_mse": [0.256, 0.256], "gamma": 0.2}
{"acc": [0.0, 0.0], "network_size": 5000, "b_mse": [0.2589, 0.2589], "alpha_mse": [0.0, 0.0], "positive_ratio": 0.2, "d_mse": [0.4822, 0.4822], "adv_type": "random_pgd_csl", "prob_mse": [0.2835, 0.2835], "sample_size": 1, "test_ratio": 0.3, "T": 10, "realization": 0, "beta_mse": [0.0, 0.0], "runtime": 109.32186508178711, "u_mse": [0.2589, 0.2589], "gamma": 0.3}
{"acc": [0.0, 0.0], "network_size": 5000, "b_mse": [0.2568, 0.2568], "alpha_mse": [0.0, 0.0], "positive_ratio": 0.2, "d_mse": [0.4864, 0.4864], "adv_type": "random_pgd_csl", "prob_mse": [0.2865, 0.2865], "sample_size": 1, "test_ratio": 0.3, "T": 10, "realization": 0, "beta_mse": [0.0, 0.0], "runtime": 108.47286796569824, "u_mse": [0.2568, 0.2568], "gamma": 0.4}
{"acc": [0.0, 0.0], "network_size": 5000, "b_mse": [0.2612, 0.2612], "alpha_mse": [0.0, 0.0], "positive_ratio": 0.2, "d_mse": [0.4776, 0.4776], "adv_type": "random_pgd_csl", "prob_mse": [0.2581, 0.2581], "sample_size": 1, "test_ratio": 0.3, "T": 10, "realization": 1, "beta_mse": [0.0, 0.0], "runtime": 110.90564799308777, "u_mse": [0.2612, 0.2612], "gamma": 0.0}
{"acc": [0.0, 0.0], "network_size": 5000, "b_mse": [0.2513, 0.2513], "alpha_mse": [0.0, 0.0], "positive_ratio": 0.2, "d_mse": [0.4974, 0.4974], "adv_type": "random_pgd_csl", "prob_mse": [0.2634, 0.2634], "sample_size": 1, "test_ratio": 0.3, "T": 10, "realization": 1, "beta_mse": [0.0, 0.0], "runtime": 109.36278104782104, "u_mse": [0.2513, 0.2513], "gamma": 0.01}
{"acc": [0.0, 0.0], "network_size": 5000, "b_mse": [0.2561, 0.2561], "alpha_mse": [0.0, 0.0], "positive_ratio": 0.2, "d_mse": [0.4878, 0.4878], "adv_type": "random_pgd_csl", "prob_mse": [0.2777, 0.2777], "sample_size": 1, "test_ratio": 0.3, "T": 10, "realization": 1, "beta_mse": [0.0, 0.0], "runtime": 108.79832196235657, "u_mse": [0.2561, 0.2561], "gamma": 0.03}
{"acc": [0.0, 0.0], "network_size": 5000, "b_mse": [0.2554, 0.2554], "alpha_mse": [0.0, 0.0], "positive_ratio": 0.2, "d_mse": [0.4892, 0.4892], "adv_type": "random_pgd_csl", "prob_mse": [0.2736, 0.2736], "sample_size": 1, "test_ratio": 0.3, "T": 10, "realization": 1, "beta_mse": [0.0, 0.0], "runtime": 108.53569293022156, "u_mse": [0.2554, 0.2554], "gamma": 0.05}
{"acc": [0.0, 0.0], "network_size": 5000, "b_mse": [0.261, 0.261], "alpha_mse": [0.0, 0.0], "positive_ratio": 0.2, "d_mse": [0.478, 0.478], "adv_type": "random_pgd_csl", "prob_mse": [0.2838, 0.2838], "sample_size": 1, "test_ratio": 0.3, "T": 10, "realization": 1, "beta_mse": [0.0, 0.0], "runtime": 107.76427602767944, "u_mse": [0.261, 0.261], "gamma": 0.07}
{"acc": [0.0, 0.0], "network_size": 5000, "b_mse": [0.2582, 0.2582], "alpha_mse": [0.0, 0.0], "positive_ratio": 0.2, "d_mse": [0.4836, 0.4836], "adv_type": "random_pgd_csl", "prob_mse": [0.2719, 0.2719], "sample_size": 1, "test_ratio": 0.3, "T": 10, "realization": 1, "beta_mse": [0.0, 0.0], "runtime": 107.13386511802673, "u_mse": [0.2582, 0.2582], "gamma": 0.09}
{"acc": [0.0, 0.0], "network_size": 5000, "b_mse": [0.2535, 0.2535], "alpha_mse": [0.0, 0.0], "positive_ratio": 0.2, "d_mse": [0.493, 0.493], "adv_type": "random_pgd_csl", "prob_mse": [0.2768, 0.2768], "sample_size": 1, "test_ratio": 0.3, "T": 10, "realization": 1, "beta_mse": [0.0, 0.0], "runtime": 106.92674589157104, "u_mse": [0.2535, 0.2535], "gamma": 0.2}
{"acc": [0.0, 0.0], "network_size": 5000, "b_mse": [0.2499, 0.2499], "alpha_mse": [0.0, 0.0], "positive_ratio": 0.2, "d_mse": [0.5002, 0.5002], "adv_type": "random_pgd_csl", "prob_mse": [0.2653, 0.2653], "sample_size": 1, "test_ratio": 0.3, "T": 10, "realization": 1, "beta_mse": [0.0, 0.0], "runtime": 105.43263983726501, "u_mse": [0.2499, 0.2499], "gamma": 0.3}
{"acc": [0.0, 0.0], "network_size": 5000, "b_mse": [0.2531, 0.2531], "alpha_mse": [0.0, 0.0], "positive_ratio": 0.2, "d_mse": [0.4938, 0.4938], "adv_type": "random_pgd_csl", "prob_mse": [0.2862, 0.2862], "sample_size": 1, "test_ratio": 0.3, "T": 10, "realization": 1, "beta_mse": [0.0, 0.0], "runtime": 104.59418487548828, "u_mse": [0.2531, 0.2531], "gamma": 0.4}
{"acc": [0.0, 0.0], "network_size": 5000, "b_mse": [0.2783, 0.2783], "alpha_mse": [0.0, 0.0], "positive_ratio": 0.2, "d_mse": [0.4434, 0.4434], "adv_type": "random_pgd_csl", "prob_mse": [0.2757, 0.2757], "sample_size": 1, "test_ratio": 0.3, "T": 10, "realization": 2, "beta_mse": [0.0, 0.0], "runtime": 106.0167908668518, "u_mse": [0.2783, 0.2783], "gamma": 0.0}
{"acc": [0.0, 0.0], "network_size": 5000, "b_mse": [0.2855, 0.2855], "alpha_mse": [0.0, 0.0], "positive_ratio": 0.2, "d_mse": [0.429, 0.429], "adv_type": "random_pgd_csl", "prob_mse": [0.3014, 0.3014], "sample_size": 1, "test_ratio": 0.3, "T": 10, "realization": 2, "beta_mse": [0.0, 0.0], "runtime": 105.61353206634521, "u_mse": [0.2855, 0.2855], "gamma": 0.01}
{"acc": [0.0, 0.0], "network_size": 5000, "b_mse": [0.272, 0.272], "alpha_mse": [0.0, 0.0], "positive_ratio": 0.2, "d_mse": [0.456, 0.456], "adv_type": "random_pgd_csl", "prob_mse": [0.2898, 0.2898], "sample_size": 1, "test_ratio": 0.3, "T": 10, "realization": 2, "beta_mse": [0.0, 0.0], "runtime": 111.77756595611572, "u_mse": [0.272, 0.272], "gamma": 0.03}
{"acc": [0.0, 0.0], "network_size": 5000, "b_mse": [0.2821, 0.2821], "alpha_mse": [0.0, 0.0], "positive_ratio": 0.2, "d_mse": [0.4358, 0.4358], "adv_type": "random_pgd_csl", "prob_mse": [0.3055, 0.3055], "sample_size": 1, "test_ratio": 0.3, "T": 10, "realization": 2, "beta_mse": [0.0, 0.0], "runtime": 104.74456095695496, "u_mse": [0.2821, 0.2821],