{"acc": [0.0, 0.0], "network_size": 5000, "b_mse": [0.2711, 0.2711], "alpha_mse": [0.0, 0.0], "positive_ratio": 0.2, "d_mse": [0.4578, 0.4578], "adv_type": "random_pgd", "prob_mse": [0.2683, 0.2683], "sample_size": 1, "test_ratio": 0.3, "T": 10, "realization": 0, "beta_mse": [0.0, 0.0], "runtime": 101.0172369480133, "u_mse": [0.2711, 0.2711], "gamma": 0.0}
{"acc": [0.0, 0.0], "network_size": 5000, "b_mse": [0.2574, 0.2574], "alpha_mse": [0.0, 0.0], "positive_ratio": 0.2, "d_mse": [0.4852, 0.4852], "adv_type": "random_pgd", "prob_mse": [0.3103, 0.3103], "sample_size": 1, "test_ratio": 0.3, "T": 10, "realization": 0, "beta_mse": [0.0, 0.0], "runtime": 99.22908091545105, "u_mse": [0.2574, 0.2574], "gamma": 0.01}
{"acc": [0.0, 0.0], "network_size": 5000, "b_mse": [0.2539, 0.2539], "alpha_mse": [0.0, 0.0], "positive_ratio": 0.2, "d_mse": [0.4922, 0.4922], "adv_type": "random_pgd", "prob_mse": [0.3338, 0.3338], "sample_size": 1, "test_ratio": 0.3, "T": 10, "realization": 0, "beta_mse": [0.0, 0.0], "runtime": 99.15672707557678, "u_mse": [0.2539, 0.2539], "gamma": 0.03}
{"acc": [0.0, 0.0], "network_size": 5000, "b_mse": [0.2614, 0.2614], "alpha_mse": [0.0, 0.0], "positive_ratio": 0.2, "d_mse": [0.4772, 0.4772], "adv_type": "random_pgd", "prob_mse": [0.3229, 0.3229], "sample_size": 1, "test_ratio": 0.3, "T": 10, "realization": 0, "beta_mse": [0.0, 0.0], "runtime": 99.63896203041077, "u_mse": [0.2614, 0.2614], "gamma": 0.05}
{"acc": [0.0, 0.0], "network_size": 5000, "b_mse": [0.2585, 0.2585], "alpha_mse": [0.0, 0.0], "positive_ratio": 0.2, "d_mse": [0.483, 0.483], "adv_type": "random_pgd", "prob_mse": [0.2838, 0.2838], "sample_size": 1, "test_ratio": 0.3, "T": 10, "realization": 0, "beta_mse": [0.0, 0.0], "runtime": 100.73412203788757, "u_mse": [0.2585, 0.2585], "gamma": 0.07}
{"acc": [0.0, 0.0], "network_size": 5000, "b_mse": [0.2686, 0.2686], "alpha_mse": [0.0, 0.0], "positive_ratio": 0.2, "d_mse": [0.4628, 0.4628], "adv_type": "random_pgd", "prob_mse": [0.2985, 0.2985], "sample_size": 1, "test_ratio": 0.3, "T": 10, "realization": 0, "beta_mse": [0.0, 0.0], "runtime": 102.37069702148438, "u_mse": [0.2686, 0.2686], "gamma": 0.09}
{"acc": [0.0, 0.0], "network_size": 5000, "b_mse": [0.2586, 0.2586], "alpha_mse": [0.0, 0.0], "positive_ratio": 0.2, "d_mse": [0.4828, 0.4828], "adv_type": "random_pgd", "prob_mse": [0.3051, 0.3051], "sample_size": 1, "test_ratio": 0.3, "T": 10, "realization": 0, "beta_mse": [0.0, 0.0], "runtime": 103.26357913017273, "u_mse": [0.2586, 0.2586], "gamma": 0.2}
{"acc": [0.0, 0.0], "network_size": 5000, "b_mse": [0.2623, 0.2623], "alpha_mse": [0.0, 0.0], "positive_ratio": 0.2, "d_mse": [0.4754, 0.4754], "adv_type": "random_pgd", "prob_mse": [0.3124, 0.3124], "sample_size": 1, "test_ratio": 0.3, "T": 10, "realization": 0, "beta_mse": [0.0, 0.0], "runtime": 105.09199905395508, "u_mse": [0.2623, 0.2623], "gamma": 0.3}
{"acc": [0.0, 0.0], "network_size": 5000, "b_mse": [0.2603, 0.2603], "alpha_mse": [0.0, 0.0], "positive_ratio": 0.2, "d_mse": [0.4794, 0.4794], "adv_type": "random_pgd", "prob_mse": [0.3185, 0.3185], "sample_size": 1, "test_ratio": 0.3, "T": 10, "realization": 0, "beta_mse": [0.0, 0.0], "runtime": 106.29209399223328, "u_mse": [0.2603, 0.2603], "gamma": 0.4}
{"acc": [0.0, 0.0], "network_size": 5000, "b_mse": [0.2612, 0.2612], "alpha_mse": [0.0, 0.0], "positive_ratio": 0.2, "d_mse": [0.4776, 0.4776], "adv_type": "random_pgd", "prob_mse": [0.2581, 0.2581], "sample_size": 1, "test_ratio": 0.3, "T": 10, "realization": 1, "beta_mse": [0.0, 0.0], "runtime": 105.21533608436584, "u_mse": [0.2612, 0.2612], "gamma": 0.0}
{"acc": [0.0, 0.0], "network_size": 5000, "b_mse": [0.253, 0.253], "alpha_mse": [0.0, 0.0], "positive_ratio": 0.2, "d_mse": [0.494, 0.494], "adv_type": "random_pgd", "prob_mse": [0.2839, 0.2839], "sample_size": 1, "test_ratio": 0.3, "T": 10, "realization": 1, "beta_mse": [0.0, 0.0], "runtime": 103.44733309745789, "u_mse": [0.253, 0.253], "gamma": 0.01}
{"acc": [0.0, 0.0], "network_size": 5000, "b_mse": [0.2573, 0.2573], "alpha_mse": [0.0, 0.0], "positive_ratio": 0.2, "d_mse": [0.4854, 0.4854], "adv_type": "random_pgd", "prob_mse": [0.3091, 0.3091], "sample_size": 1, "test_ratio": 0.3, "T": 10, "realization": 1, "beta_mse": [0.0, 0.0], "runtime": 104.67714715003967, "u_mse": [0.2573, 0.2573], "gamma": 0.03}
{"acc": [0.0, 0.0], "network_size": 5000, "b_mse": [0.2562, 0.2562], "alpha_mse": [0.0, 0.0], "positive_ratio": 0.2, "d_mse": [0.4876, 0.4876], "adv_type": "random_pgd", "prob_mse": [0.2975, 0.2975], "sample_size": 1, "test_ratio": 0.3, "T": 10, "realization": 1, "beta_mse": [0.0, 0.0], "runtime": 105.35982418060303, "u_mse": [0.2562, 0.2562], "gamma": 0.05}
{"acc": [0.0, 0.0], "network_size": 5000, "b_mse": [0.2646, 0.2646], "alpha_mse": [0.0, 0.0], "positive_ratio": 0.2, "d_mse": [0.4708, 0.4708], "adv_type": "random_pgd", "prob_mse": [0.3154, 0.3154], "sample_size": 1, "test_ratio": 0.3, "T": 10, "realization": 1, "beta_mse": [0.0, 0.0], "runtime": 106.82939600944519, "u_mse": [0.2646, 0.2646], "gamma": 0.07}
{"acc": [0.0, 0.0], "network_size": 5000, "b_mse": [0.2623, 0.2623], "alpha_mse": [0.0, 0.0], "positive_ratio": 0.2, "d_mse": [0.4754, 0.4754], "adv_type": "random_pgd", "prob_mse": [0.3009, 0.3009], "sample_size": 1, "test_ratio": 0.3, "T": 10, "realization": 1, "beta_mse": [0.0, 0.0], "runtime": 105.41729688644409, "u_mse": [0.2623, 0.2623], "gamma": 0.09}
{"acc": [0.0, 0.0], "network_size": 5000, "b_mse": [0.2559, 0.2559], "alpha_mse": [0.0, 0.0], "positive_ratio": 0.2, "d_mse": [0.4882, 0.4882], "adv_type": "random_pgd", "prob_mse": [0.3113, 0.3113], "sample_size": 1, "test_ratio": 0.3, "T": 10, "realization": 1, "beta_mse": [0.0, 0.0], "runtime": 105.21621894836426, "u_mse": [0.2559, 0.2559], "gamma": 0.2}
{"acc": [0.0, 0.0], "network_size": 5000, "b_mse": [0.2506, 0.2506], "alpha_mse": [0.0, 0.0], "positive_ratio": 0.2, "d_mse": [0.4988, 0.4988], "adv_type": "random_pgd", "prob_mse": [0.2914, 0.2914], "sample_size": 1, "test_ratio": 0.3, "T": 10, "realization": 1, "beta_mse": [0.0, 0.0], "runtime": 106.11000514030457, "u_mse": [0.2506, 0.2506], "gamma": 0.3}
{"acc": [0.0, 0.0], "network_size": 5000, "b_mse": [0.2544, 0.2544], "alpha_mse": [0.0, 0.0], "positive_ratio": 0.2, "d_mse": [0.4912, 0.4912], "adv_type": "random_pgd", "prob_mse": [0.3131, 0.3131], "sample_size": 1, "test_ratio": 0.3, "T": 10, "realization": 1, "beta_mse": [0.0, 0.0], "runtime": 105.92900609970093, "u_mse": [0.2544, 0.2544], "gamma": 0.4}
{"acc": [0.0, 0.0], "network_size": 5000, "b_mse": [0.2783, 0.2783], "alpha_mse": [0.0, 0.0], "positive_ratio": 0.2, "d_mse": [0.4434, 0.4434], "adv_type": "random_pgd", "prob_mse": [0.2757, 0.2757], "sample_size": 1, "test_ratio": 0.3, "T": 10, "realization": 2, "beta_mse": [0.0, 0.0], "runtime": 105.1065719127655, "u_mse": [0.2783, 0.2783], "gamma": 0.0}
{"acc": [0.0, 0.0], "network_size": 5000, "b_mse": [0.2882, 0.2882], "alpha_mse": [0.0, 0.0], "positive_ratio": 0.2, "d_mse": [0.4236, 0.4236], "adv_type": "random_pgd", "prob_mse": [0.3197, 0.3197], "sample_size": 1, "test_ratio": 0.3, "T": 10, "realization": 2, "beta_mse": [0.0, 0.0], "runtime": 105.25896692276001, "u_mse": [0.2882, 0.2882], "gamma": 0.01}
{"acc": [0.0, 0.0], "network_size": 5000, "b_mse": [0.2754, 0.2754], "alpha_mse": [0.0, 0.0], "positive_ratio": 0.2, "d_mse": [0.4492, 0.4492], "adv_type": "random_pgd", "prob_mse": [0.3374, 0.3374], "sample_size": 1, "test_ratio": 0.3, "T": 10, "realization": 2, "beta_mse": [0.0, 0.0], "runtime": 105.2312970161438, "u_mse": [0.2754, 0.2754], "gamma": 0.03}
{"acc": [0.0, 0.0], "network_size": 5000, "b_mse": [0.2852, 0.2852], "alpha_mse": [0.0, 0.0], "positive_ratio": 0.2, "d_mse": [0.4296, 0.4296], "adv_type": "random_pgd", "prob_mse": [0.3209, 0.3209], "sample_size": 1, "test_ratio": 0.3, "T": 10, "realization": 2, "beta_mse": [0.0, 0.0], "runtime": 105.21658897399902, "u_mse": [0.2852, 0.2852], "gamma": 0.05}
{"acc": [0.0, 0.0], "network_size": 5000, "b_mse": [0.2772, 0.2772],