{"acc": [0.0, 0.0], "network_size": 5000, "b_mse": [0.2865, 0.2865], "alpha_mse": [0.0, 0.0], "positive_ratio": 0.2, "d_mse": [0.427, 0.427], "adv_type": "random_pgd", "prob_mse": [0.2795, 0.2795], "sample_size": 1, "test_ratio": 0.1, "T": 10, "realization": 0, "beta_mse": [0.0, 0.0], "runtime": 8.694111108779907, "u_mse": [0.2865, 0.2865], "gamma": 0.0}
{"acc": [0.0, 0.0], "network_size": 5000, "b_mse": [0.2071, 0.2071], "alpha_mse": [0.0, 0.0], "positive_ratio": 0.2, "d_mse": [0.5858, 0.5858], "adv_type": "random_pgd", "prob_mse": [0.2103, 0.2103], "sample_size": 1, "test_ratio": 0.1, "T": 10, "realization": 0, "beta_mse": [0.0, 0.0], "runtime": 127.9799690246582, "u_mse": [0.2071, 0.2071], "gamma": 0.0}
{"acc": [0.0, 0.0], "network_size": 5000, "b_mse": [0.2115, 0.2115], "alpha_mse": [0.0, 0.0], "positive_ratio": 0.2, "d_mse": [0.577, 0.577], "adv_type": "random_pgd", "prob_mse": [0.2143, 0.2143], "sample_size": 1, "test_ratio": 0.1, "T": 10, "realization": 0, "beta_mse": [0.0, 0.0], "runtime": 32.97236895561218, "u_mse": [0.2115, 0.2115], "gamma": 0.0}
