{"acc": [0.733268153941872, 0.0], "network_size": 5000, "b_mse": [0.2882264663322713, 0.2882264663322713], "alpha_mse": [15.665457440990895, 0.0], "positive_ratio": 0.2, "d_mse": [0.28200693442327524, 0.28200693442327524], "adv_type": "random_pgd", "prob_mse": [0.2747294596874559, 0.0], "sample_size": 1, "test_ratio": 0.1, "T": 8, "realization": 0, "beta_mse": [43.72256105279973, 0.0], "runtime": 5.932555913925171, "u_mse": [0.1285352932105878, 0.0], "gamma": 0.09}
{"acc": [0.733268153941872, 0.0], "network_size": 5000, "b_mse": [0.2882264663322713, 0.2882264663322713], "alpha_mse": [15.665457440990895, 0.0], "positive_ratio": 0.2, "d_mse": [0.28200693442327524, 0.28200693442327524], "adv_type": "random_pgd", "prob_mse": [0.2747294596874559, 0.0], "sample_size": 1, "test_ratio": 0.1, "T": 8, "realization": 0, "beta_mse": [43.72256105279973, 0.0], "runtime": 5.749835968017578, "u_mse": [0.1285352932105878, 0.0], "gamma": 0.09}
{"acc": [0.733268153941872, 0.0], "network_size": 5000, "b_mse": [0.2882264663322713, 0.2882264663322713], "alpha_mse": [15.665457440990895, 0.0], "positive_ratio": 0.2, "d_mse": [0.28200693442327524, 0.28200693442327524], "adv_type": "random_pgd", "prob_mse": [0.2747294596874559, 0.0], "sample_size": 1, "test_ratio": 0.1, "T": 8, "realization": 0, "beta_mse": [43.72256105279973, 0.0], "runtime": 6.0390801429748535, "u_mse": [0.1285352932105878, 0.0], "gamma": 0.09}
{"acc": [0.733268153941872, 0.0], "network_size": 5000, "b_mse": [0.2882264663322713, 0.2882264663322713], "alpha_mse": [15.665457440990895, 0.0], "positive_ratio": 0.2, "d_mse": [0.28200693442327524, 0.28200693442327524], "adv_type": "random_pgd", "prob_mse": [0.2747294596874559, 0.0], "sample_size": 1, "test_ratio": 0.1, "T": 8, "realization": 0, "beta_mse": [43.72256105279973, 0.0], "runtime": 3.616745948791504, "u_mse": [0.1285352932105878, 0.0], "gamma": 0.09}
{"acc": [0.733268153941872, 0.0], "network_size": 5000, "b_mse": [0.2882264663322713, 0.2882264663322713], "alpha_mse": [15.665457440990895, 0.0], "positive_ratio": 0.2, "d_mse": [0.28200693442327524, 0.28200693442327524], "adv_type": "random_pgd", "prob_mse": [0.2747294596874559, 0.0], "sample_size": 1, "test_ratio": 0.1, "T": 8, "realization": 0, "beta_mse": [43.72256105279973, 0.0], "runtime": 2.8009989261627197, "u_mse": [0.1285352932105878, 0.0], "gamma": 0.09}
{"acc": [0.7288241045240423, 0.0], "network_size": 5000, "b_mse": [0.2891082370790558, 0.2891082370790558], "alpha_mse": [15.515088027778495, 0.0], "positive_ratio": 0.2, "d_mse": [0.2825934216240455, 0.2825934216240455], "adv_type": "random_pgd", "prob_mse": [0.27563772299495065, 0.0], "sample_size": 1, "test_ratio": 0.1, "T": 8, "realization": 0, "beta_mse": [43.35699262242098, 0.0], "runtime": 1.6219370365142822, "u_mse": [0.1284293420893288, 0.0], "gamma": 0.09}
{"acc": [0.7288241045240423, 0.0], "network_size": 5000, "b_mse": [0.2891082370790558, 0.2891082370790558], "alpha_mse": [15.515088027778495, 0.0], "positive_ratio": 0.2, "d_mse": [0.2825934216240455, 0.2825934216240455], "adv_type": "random_pgd", "prob_mse": [0.27563772299495065, 0.0], "sample_size": 1, "test_ratio": 0.1, "T": 8, "realization": 0, "beta_mse": [43.35699262242098, 0.0], "runtime": 1.637822151184082, "u_mse": [0.1284293420893288, 0.0], "gamma": 0.09}
{"acc": [0.733268153941872, 0.0], "network_size": 5000, "b_mse": [0.2882264663994149, 0.2882264663994149], "alpha_mse": [15.66545744228757, 0.0], "positive_ratio": 0.2, "d_mse": [0.2820069344940832, 0.2820069344940832], "adv_type": "random_pgd", "prob_mse": [0.2747294597564269, 0.0], "sample_size": 1, "test_ratio": 0.1, "T": 8, "realization": 0, "beta_mse": [43.72256111419918, 0.0], "runtime": 17.99966812133789, "u_mse": [0.12853529322451104, 0.0], "gamma": 0.09}
{"acc": [0.733268153941872, 0.0], "network_size": 5000, "b_mse": [0.2882264663994149, 0.2882264663994149], "alpha_mse": [15.66545744228757, 0.0], "positive_ratio": 0.2, "d_mse": [0.2820069344940832, 0.2820069344940832], "adv_type": "random_pgd", "prob_mse": [0.2747294597564269, 0.0], "sample_size": 1, "test_ratio": 0.1, "T": 8, "realization": 0, "beta_mse": [43.72256111419918, 0.0], "runtime": 17.925797939300537, "u_mse": [0.12853529322451104, 0.0], "gamma": 0.09}
{"acc": [0.733268153941872, 0.0], "network_size": 5000, "b_mse": [0.2882264663994149, 0.2882264663994149], "alpha_mse": [15.66545744228757, 0.0], "positive_ratio": 0.2, "d_mse": [0.2820069344940832, 0.2820069344940832], "adv_type": "random_pgd", "prob_mse": [0.2747294597564269, 0.0], "sample_size": 1, "test_ratio": 0.1, "T": 8, "realization": 0, "beta_mse": [43.72256111419918, 0.0], "runtime": 17.858833074569702, "u_mse": [0.12853529322451104, 0.0], "gamma": 0.09}
{"acc": [0.7288241045240423, 0.0], "network_size": 5000, "b_mse": [0.29026389793825924, 0.29026389793825924], "alpha_mse": [20.666270956934547, 0.0], "positive_ratio": 0.2, "d_mse": [0.2797229275077985, 0.2797229275077985], "adv_type": "random_pgd", "prob_mse": [0.272567955646826, 0.0], "sample_size": 1, "test_ratio": 0.1, "T": 8, "realization": 0, "beta_mse": [61.14729538173864, 0.0], "runtime": 5.7696309089660645, "u_mse": [0.13446071453452466, 0.0], "gamma": 0.09}
{"acc": [0.7288241045240423, 0.0], "network_size": 5000, "b_mse": [0.29026389793825924, 0.29026389793825924], "alpha_mse": [20.666270956934547, 0.0], "positive_ratio": 0.2, "d_mse": [0.2797229275077985, 0.2797229275077985], "adv_type": "random_pgd", "prob_mse": [0.272567955646826, 0.0], "sample_size": 1, "test_ratio": 0.1, "T": 8, "realization": 0, "beta_mse": [61.14729538173864, 0.0], "runtime": 5.871567964553833, "u_mse": [0.13446071453452466, 0.0], "gamma": 0.09}
{"acc": [0.7288241045240423, 0.0], "network_size": 5000, "b_mse": [0.29026389793825924, 0.29026389793825924], "alpha_mse": [20.666270956934547, 0.0], "positive_ratio": 0.2, "d_mse": [0.2797229275077985, 0.2797229275077985], "adv_type": "random_pgd", "prob_mse": [0.272567955646826, 0.0], "sample_size": 1, "test_ratio": 0.1, "T": 8, "realization": 0, "beta_mse": [61.14729538173864, 0.0], "runtime": 5.779638051986694, "u_mse": [0.13446071453452466, 0.0], "gamma": 0.09}
{"acc": [0.7288241045240423, 0.0], "network_size": 5000, "b_mse": [0.290633366764528, 0.290633366764528], "alpha_mse": [21.307825891106695, 0.0], "positive_ratio": 0.2, "d_mse": [0.2793079565100143, 0.2793079565100143], "adv_type": "random_pgd", "prob_mse": [0.273058276211614, 0.0], "sample_size": 1, "test_ratio": 0.1, "T": 8, "realization": 0, "beta_mse": [60.260101986533364, 0.0], "runtime": 86.90416383743286, "u_mse": [0.13447257143689884, 0.0], "gamma": 0.09}
{"acc": [0.6888276597635766, 0.0], "network_size": 5000, "b_mse": [0.33789845026752713, 0.33789845026752713], "alpha_mse": [28.95350011195184, 0.0], "positive_ratio": 0.2, "d_mse": [0.3235806922305152, 0.3235806922305152], "adv_type": "random_pgd", "prob_mse": [0.3242854028754103, 0.0], "sample_size": 1, "test_ratio": 0.1, "T": 10, "realization": 0, "beta_mse": [98.73544598816093, 0.0], "runtime": 5.617048025131226, "u_mse": [0.1198660104054957, 0.0], "gamma": 0.09}
