{"acc": [0.6310550173317928, 0.0], "network_size": 5000, "b_mse": [0.3779462338664659, 0.3779462338664659], "alpha_mse": [44.695287131310295, 0.0], "positive_ratio": 0.2, "d_mse": [0.3370655736153823, 0.3370655736153823], "adv_type": "random_flip", "prob_mse": [0.356162111723383, 0.0], "sample_size": 1, "test_ratio": 0.1, "T": 10, "realization": 0, "beta_mse": [73.09511897435625, 0.0], "runtime": 5.761356830596924, "u_mse": [0.11770089384587418, 0.0], "gamma": 0.2}
{"acc": [0.5866145231534975, 0.0], "network_size": 5000, "b_mse": [0.40169699138024334, 0.40169699138024334], "alpha_mse": [48.03337468018068, 0.0], "positive_ratio": 0.2, "d_mse": [0.3461319986584324, 0.3461319986584324], "adv_type": "random_flip", "prob_mse": [0.3727591957712952, 0.0], "sample_size": 1, "test_ratio": 0.1, "T": 10, "realization": 0, "beta_mse": [70.98917074203928, 0.0], "runtime": 5.76831316947937, "u_mse": [0.11809475587665857, 0.0], "gamma": 0.25}
{"acc": [0.6859382655560999, 0.0], "network_size": 5000, "b_mse": [0.3496034744923566, 0.3496034744923566], "alpha_mse": [78.6040625693707, 0.0], "positive_ratio": 0.2, "d_mse": [0.29973321166472905, 0.29973321166472905], "adv_type": "random_flip", "prob_mse": [0.32281387634725867, 0.0], "sample_size": 1, "test_ratio": 0.2, "T": 10, "realization": 0, "beta_mse": [132.94815696495763, 0.0], "runtime": 10.955263137817383, "u_mse": [0.11914265162370036, 0.0], "gamma": 0.2}
{"acc": [0.6792570486838003, 0.0], "network_size": 5000, "b_mse": [0.35996338283580104, 0.35996338283580104], "alpha_mse": [71.4007628015893, 0.0], "positive_ratio": 0.2, "d_mse": [0.30540538678101464, 0.30540538678101464], "adv_type": "random_flip", "prob_mse": [0.33065597440767697, 0.0], "sample_size": 1, "test_ratio": 0.2, "T": 10, "realization": 0, "beta_mse": [133.9375033825119, 0.0], "runtime": 11.330426931381226, "u_mse": [0.11936968334265713, 0.0], "gamma": 0.25}
{"acc": [0.669622927889051, 0.0], "network_size": 5000, "b_mse": [0.35265715254991314, 0.35265715254991314], "alpha_mse": [139.84238942290338, 0.0], "positive_ratio": 0.2, "d_mse": [0.30680094873806174, 0.30680094873806174], "adv_type": "random_flip", "prob_mse": [0.32802231045302943, 0.0], "sample_size": 1, "test_ratio": 0.3, "T": 10, "realization": 0, "beta_mse": [239.9854418912652, 0.0], "runtime": 11.783308982849121, "u_mse": [0.12183943734487393, 0.0], "gamma": 0.2}
{"acc": [0.6368858069700307, 0.0], "network_size": 5000, "b_mse": [0.37380550375483557, 0.37380550375483557], "alpha_mse": [156.9854361260449, 0.0], "positive_ratio": 0.2, "d_mse": [0.32417624660063826, 0.32417624660063826], "adv_type": "random_flip", "prob_mse": [0.34710716027916966, 0.0], "sample_size": 1, "test_ratio": 0.3, "T": 10, "realization": 0, "beta_mse": [235.3739140835934, 0.0], "runtime": 11.516781091690063, "u_mse": [0.12194767340524647, 0.0], "gamma": 0.25}
{"acc": [0.617173723800808, 0.0], "network_size": 5000, "b_mse": [0.3731767523349701, 0.3731767523349701], "alpha_mse": [459.57095180777577, 0.0], "positive_ratio": 0.2, "d_mse": [0.3335027793018662, 0.3335027793018662], "adv_type": "random_flip", "prob_mse": [0.3520107759269696, 0.0], "sample_size": 1, "test_ratio": 0.4, "T": 10, "realization": 0, "beta_mse": [792.9003924484865, 0.0], "runtime": 12.324543952941895, "u_mse": [0.12301565667435677, 0.0], "gamma": 0.2}
{"acc": [0.6261020959353586, 0.0], "network_size": 5000, "b_mse": [0.37083986355722937, 0.37083986355722937], "alpha_mse": [515.1005478092816, 0.0], "positive_ratio": 0.2, "d_mse": [0.3303573472608176, 0.3303573472608176], "adv_type": "random_flip", "prob_mse": [0.34960348957360526, 0.0], "sample_size": 1, "test_ratio": 0.4, "T": 10, "realization": 0, "beta_mse": [759.1221290120819, 0.0], "runtime": 12.6229829788208, "u_mse": [0.12338117186708313, 0.0], "gamma": 0.25}
{"acc": [0.6696308994482242, 0.0], "network_size": 5000, "b_mse": [0.3489902077574793, 0.3489902077574793], "alpha_mse": [950.9426994690948, 0.0], "positive_ratio": 0.2, "d_mse": [0.3123289982531219, 0.3123289982531219], "adv_type": "random_flip", "prob_mse": [0.3279563201666354, 0.0], "sample_size": 1, "test_ratio": 0.5, "T": 10, "realization": 0, "beta_mse": [1642.1870329777453, 0.0], "runtime": 12.36278510093689, "u_mse": [0.12290275461403226, 0.0], "gamma": 0.2}
{"acc": [0.6142747450938376, 0.0], "network_size": 5000, "b_mse": [0.38166290450344076, 0.38166290450344076], "alpha_mse": [1159.4266405722642, 0.0], "positive_ratio": 0.2, "d_mse": [0.33969223064763243, 0.33969223064763243], "adv_type": "random_flip", "prob_mse": [0.358760629201729, 0.0], "sample_size": 1, "test_ratio": 0.5, "T": 10, "realization": 0, "beta_mse": [1501.5383676435213, 0.0], "runtime": 12.486099004745483, "u_mse": [0.1229475260872723, 0.0], "gamma": 0.25}
