{"acc": [0.675495511510088, 0.0], "network_size": 5000, "b_mse": [0.3149538340974003, 0.3149538340974003], "alpha_mse": [51.413462635393834, 0.0], "positive_ratio": 0.2, "d_mse": [0.2921070082617134, 0.2921070082617134], "adv_type": "random_noise", "prob_mse": [0.2961963705493445, 0.0], "sample_size": 1, "test_ratio": 0.1, "T": 10, "realization": 0, "beta_mse": [102.5653228482326, 0.0], "runtime": 6.301019906997681, "u_mse": [0.1181592069448568, 0.0], "gamma": 0.2}
{"acc": [0.675495511510088, 0.0], "network_size": 5000, "b_mse": [0.3181806691461985, 0.3181806691461985], "alpha_mse": [51.947010940021926, 0.0], "positive_ratio": 0.2, "d_mse": [0.2917505600173591, 0.2917505600173591], "adv_type": "random_noise", "prob_mse": [0.29759573462236016, 0.0], "sample_size": 1, "test_ratio": 0.1, "T": 10, "realization": 0, "beta_mse": [101.94076439409749, 0.0], "runtime": 6.2474119663238525, "u_mse": [0.11822434775206647, 0.0], "gamma": 0.25}
{"acc": [0.7505233619883301, 0.0], "network_size": 5000, "b_mse": [0.28533312075682943, 0.28533312075682943], "alpha_mse": [64.40070220676375, 0.0], "positive_ratio": 0.2, "d_mse": [0.24913419720100635, 0.24913419720100635], "adv_type": "random_noise", "prob_mse": [0.256774278919373, 0.0], "sample_size": 1, "test_ratio": 0.2, "T": 10, "realization": 0, "beta_mse": [202.95795876302645, 0.0], "runtime": 9.221830129623413, "u_mse": [0.12183434235731068, 0.0], "gamma": 0.2}
{"acc": [0.7505233619883301, 0.0], "network_size": 5000, "b_mse": [0.28947096826727897, 0.28947096826727897], "alpha_mse": [66.12038137628103, 0.0], "positive_ratio": 0.2, "d_mse": [0.24747444927304688, 0.24747444927304688], "adv_type": "random_noise", "prob_mse": [0.25877002350632544, 0.0], "sample_size": 1, "test_ratio": 0.2, "T": 10, "realization": 0, "beta_mse": [201.19564410471028, 0.0], "runtime": 9.03358006477356, "u_mse": [0.1218370488224143, 0.0], "gamma": 0.25}
{"acc": [0.7217047111693105, 0.0], "network_size": 5000, "b_mse": [0.3175620580416826, 0.3175620580416826], "alpha_mse": [114.68319497280973, 0.0], "positive_ratio": 0.2, "d_mse": [0.2632674128406552, 0.2632674128406552], "adv_type": "random_noise", "prob_mse": [0.2843057938155968, 0.0], "sample_size": 1, "test_ratio": 0.3, "T": 10, "realization": 0, "beta_mse": [288.12818694704225, 0.0], "runtime": 9.923863172531128, "u_mse": [0.12159788765833543, 0.0], "gamma": 0.2}
{"acc": [0.723192762120175, 0.0], "network_size": 5000, "b_mse": [0.3210071173774735, 0.3210071173774735], "alpha_mse": [116.7035025477467, 0.0], "positive_ratio": 0.2, "d_mse": [0.2633747238855361, 0.2633747238855361], "adv_type": "random_noise", "prob_mse": [0.286761056820333, 0.0], "sample_size": 1, "test_ratio": 0.3, "T": 10, "realization": 0, "beta_mse": [286.03589638062334, 0.0], "runtime": 9.925892114639282, "u_mse": [0.1215981565511858, 0.0], "gamma": 0.25}
{"acc": [0.7086895381799514, 0.0], "network_size": 5000, "b_mse": [0.3154231894983515, 0.3154231894983515], "alpha_mse": [253.65658338234314, 0.0], "positive_ratio": 0.2, "d_mse": [0.28080492782808397, 0.28080492782808397], "adv_type": "random_noise", "prob_mse": [0.2910970289707365, 0.0], "sample_size": 1, "test_ratio": 0.4, "T": 10, "realization": 0, "beta_mse": [545.3633446757751, 0.0], "runtime": 10.327957153320312, "u_mse": [0.12236127049218617, 0.0], "gamma": 0.2}
{"acc": [0.7064574451463137, 0.0], "network_size": 5000, "b_mse": [0.31833692435023825, 0.31833692435023825], "alpha_mse": [257.30185935550884, 0.0], "positive_ratio": 0.2, "d_mse": [0.2803286230648112, 0.2803286230648112], "adv_type": "random_noise", "prob_mse": [0.2924898709581845, 0.0], "sample_size": 1, "test_ratio": 0.4, "T": 10, "realization": 0, "beta_mse": [541.3627777900007, 0.0], "runtime": 10.316674947738647, "u_mse": [0.12234828576761547, 0.0], "gamma": 0.25}
{"acc": [0.6874877234335102, 0.0], "network_size": 5000, "b_mse": [0.32509423897025375, 0.32509423897025375], "alpha_mse": [523.6483344952054, 0.0], "positive_ratio": 0.2, "d_mse": [0.29358604339403654, 0.29358604339403654], "adv_type": "random_noise", "prob_mse": [0.3031564843262465, 0.0], "sample_size": 1, "test_ratio": 0.5, "T": 10, "realization": 0, "beta_mse": [1320.5981624179644, 0.0], "runtime": 11.928448915481567, "u_mse": [0.12422872289541012, 0.0], "gamma": 0.2}
{"acc": [0.6874877234335102, 0.0], "network_size": 5000, "b_mse": [0.32863680875118517, 0.32863680875118517], "alpha_mse": [534.9724548232454, 0.0], "positive_ratio": 0.2, "d_mse": [0.29349252616574895, 0.29349252616574895], "adv_type": "random_noise", "prob_mse": [0.3053188953066507, 0.0], "sample_size": 1, "test_ratio": 0.5, "T": 10, "realization": 0, "beta_mse": [1309.4004565976616, 0.0], "runtime": 11.946385145187378, "u_mse": [0.12421073803213223, 0.0], "gamma": 0.25}
