{"network_size": 500, "swapratio": 0.05, "T": 2, "realization": 0, "running_time": 3.3356528282165527, "positive_ratio": 0.2, "test_ratio": 0.1, "b_mse": 0.12243589743589745, "prob_mse": 0.36612307692307683}
{"network_size": 500, "swapratio": 0.05, "T": 2, "realization": 0, "running_time": 4.019598007202148, "positive_ratio": 0.2, "test_ratio": 0.2, "b_mse": 0.093503184713375792, "prob_mse": 0.34131019108280247}
{"network_size": 500, "swapratio": 0.05, "T": 2, "realization": 0, "running_time": 3.875091791152954, "positive_ratio": 0.2, "test_ratio": 0.3, "b_mse": 0.12697872340425531, "prob_mse": 0.37631276595744673}
{"network_size": 500, "swapratio": 0.05, "T": 2, "realization": 0, "running_time": 4.6065919399261475, "positive_ratio": 0.2, "test_ratio": 0.4, "b_mse": 0.1182108626198083, "prob_mse": 0.36831086261980828}
{"network_size": 1000, "swapratio": 0.05, "T": 2, "realization": 0, "running_time": 5.197413921356201, "positive_ratio": 0.2, "test_ratio": 0.1, "b_mse": 0.10767857142857143, "prob_mse": 0.35373095238095231}
{"network_size": 1000, "swapratio": 0.05, "T": 2, "realization": 0, "running_time": 5.352095127105713, "positive_ratio": 0.2, "test_ratio": 0.2, "b_mse": 0.11181547619047619, "prob_mse": 0.35554642857142849}
{"network_size": 1000, "swapratio": 0.05, "T": 2, "realization": 0, "running_time": 5.496690988540649, "positive_ratio": 0.2, "test_ratio": 0.3, "b_mse": 0.11793650793650794, "prob_mse": 0.36533769841269831}
{"network_size": 1000, "swapratio": 0.05, "T": 2, "realization": 0, "running_time": 7.367024898529053, "positive_ratio": 0.2, "test_ratio": 0.4, "b_mse": 0.12523809523809523, "prob_mse": 0.37164732142857138}
{"network_size": 5000, "swapratio": 0.05, "T": 2, "realization": 0, "running_time": 25.57607102394104, "positive_ratio": 0.2, "test_ratio": 0.1, "b_mse": 0.12685683530678149, "prob_mse": 0.36326146393971998}
{"network_size": 5000, "swapratio": 0.05, "T": 2, "realization": 0, "running_time": 27.870410919189453, "positive_ratio": 0.2, "test_ratio": 0.2, "b_mse": 0.12229278794402583, "prob_mse": 0.36240053821313228}
{"network_size": 5000, "swapratio": 0.05, "T": 2, "realization": 0, "running_time": 69.47269201278687, "positive_ratio": 0.2, "test_ratio": 0.3, "b_mse": 0.13010409188801147, "prob_mse": 0.37215455850681972}
{"network_size": 5000, "swapratio": 0.05, "T": 2, "realization": 0, "running_time": 93.45934200286865, "positive_ratio": 0.2, "test_ratio": 0.4, "b_mse": 0.12568775235531629, "prob_mse": 0.3697029071332435}
{"network_size": 10000, "swapratio": 0.05, "T": 2, "realization": 0, "running_time": 60.45222592353821, "positive_ratio": 0.2, "test_ratio": 0.1, "b_mse": 0.12859375000000001, "prob_mse": 0.36465843749999988}
{"network_size": 10000, "swapratio": 0.05, "T": 2, "realization": 0, "running_time": 94.99463701248169, "positive_ratio": 0.2, "test_ratio": 0.2, "b_mse": 0.12969010416666665, "prob_mse": 0.3673020833333332}
{"network_size": 10000, "swapratio": 0.05, "T": 2, "realization": 0, "running_time": 166.23530793190002, "positive_ratio": 0.2, "test_ratio": 0.3, "b_mse": 0.13010418475429761, "prob_mse": 0.37043578746310113}
{"network_size": 10000, "swapratio": 0.05, "T": 2, "realization": 0, "running_time": 269.16118812561035, "positive_ratio": 0.2, "test_ratio": 0.4, "b_mse": 0.12408646959239485, "prob_mse": 0.36801722880583398}
{"network_size": 500, "swapratio": 0.05, "T": 3, "realization": 0, "running_time": 3.4614789485931396, "positive_ratio": 0.2, "test_ratio": 0.1, "b_mse": 0.14884615384615382, "prob_mse": 0.34894615384615374}
{"network_size": 500, "swapratio": 0.05, "T": 3, "realization": 0, "running_time": 3.857125997543335, "positive_ratio": 0.2, "test_ratio": 0.2, "b_mse": 0.14445859872611463, "prob_mse": 0.34200955414012735}
{"network_size": 500, "swapratio": 0.05, "T": 3, "realization": 0, "running_time": 4.243645906448364, "positive_ratio": 0.2, "test_ratio": 0.3, "b_mse": 0.1625531914893617, "prob_mse": 0.3626531914893617}
{"network_size": 500, "swapratio": 0.05, "T": 3, "realization": 0, "running_time": 5.200737953186035, "positive_ratio": 0.2, "test_ratio": 0.4, "b_mse": 0.1388817891373802, "prob_mse": 0.33725591054313098}
{"network_size": 1000, "swapratio": 0.05, "T": 3, "realization": 0, "running_time": 4.946177959442139, "positive_ratio": 0.2, "test_ratio": 0.1, "b_mse": 0.13702380952380955, "prob_mse": 0.33057500000000001}
{"network_size": 1000, "swapratio": 0.05, "T": 3, "realization": 0, "running_time": 7.6849329471588135, "positive_ratio": 0.2, "test_ratio": 0.2, "b_mse": 0.15991071428571427, "prob_mse": 0.35774821428571424}
{"network_size": 1000, "swapratio": 0.05, "T": 3, "realization": 0, "running_time": 6.5013978481292725, "positive_ratio": 0.2, "test_ratio": 0.3, "b_mse": 0.14069444444444443, "prob_mse": 0.33603095238095237}
{"network_size": 1000, "swapratio": 0.05, "T": 3, "realization": 0, "running_time": 10.066745042800903, "positive_ratio": 0.2, "test_ratio": 0.4, "b_mse": 0.1375595238095238, "prob_mse": 0.33384851190476195}
{"network_size": 5000, "swapratio": 0.05, "T": 3, "realization": 0, "running_time": 38.51199007034302, "positive_ratio": 0.2, "test_ratio": 0.1, "b_mse": 0.1541442411194833, "prob_mse": 0.34554348762109799}
{"network_size": 5000, "swapratio": 0.05, "T": 3, "realization": 0, "running_time": 42.15469789505005, "positive_ratio": 0.2, "test_ratio": 0.2, "b_mse": 0.16753498385360602, "prob_mse": 0.35968772874058125}
{"network_size": 5000, "swapratio": 0.05, "T": 3, "realization": 0, "running_time": 66.42097592353821, "positive_ratio": 0.2, "test_ratio": 0.3, "b_mse": 0.15720746590093324, "prob_mse": 0.35047774587221819}
{"network_size": 5000, "swapratio": 0.05, "T": 3, "realization": 0, "running_time": 92.8734450340271, "positive_ratio": 0.2, "test_ratio": 0.4, "b_mse": 0.15843606998654106, "prob_mse": 0.35252551816958283}
{"network_size": 10000, "swapratio": 0.05, "T": 3, "realization": 0, "running_time": 69.70575499534607, "positive_ratio": 0.2, "test_ratio": 0.1, "b_mse": 0.16778645833333333, "prob_mse": 0.35716395833333331}
{"network_size": 10000, "swapratio": 0.05, "T": 3, "realization": 0, "running_time": 110.60725998878479, "positive_ratio": 0.2, "test_ratio": 0.2, "b_mse": 0.16964062500000002, "prob_mse": 0.35880369791666666}
{"network_size": 10000, "swapratio": 0.05, "T": 3, "realization": 0, "running_time": 138.10750603675842, "positive_ratio": 0.2, "test_ratio": 0.3, "b_mse": 0.16222608091682583, "prob_mse": 0.35478029171731207}
{"network_size": 10000, "swapratio": 0.05, "T": 3, "realization": 0, "running_time": 248.29236793518066, "positive_ratio": 0.2, "test_ratio": 0.4, "b_mse": 0.15813647610365933, "prob_mse": 0.35212911837478839}
{"network_size": 500, "swapratio": 0.05, "T": 6, "realization": 0, "running_time": 4.036273956298828, "positive_ratio": 0.2, "test_ratio": 0.1, "b_mse": 0.22012820512820516, "prob_mse": 0.34202051282051277}
{"network_size": 500, "swapratio": 0.05, "T": 6, "realization": 0, "running_time": 4.74146294593811, "positive_ratio": 0.2, "test_ratio": 0.2, "b_mse": 0.225828025477707, "prob_mse": 0.35092802547770685}
{"network_size": 500, "swapratio": 0.05, "T": 6, "realization": 0, "running_time": 4.37972617149353, "positive_ratio": 0.2, "test_ratio": 0.3, "b_mse": 0.21185106382978722, "prob_mse": 0.33588638297872331}
{"network_size": 500, "swapratio": 0.05, "T": 6, "realization": 0, "running_time": 4.957459926605225, "positive_ratio": 0.2, "test_ratio": 0.4, "b_mse": 0.2122523961661342, "prob_mse": 0.33565782747603828}
{"network_size": 1000, "swapratio": 0.05, "T": 6, "realization": 0, "running_time": 5.2065110206604, "positive_ratio": 0.2, "test_ratio": 0.1, "b_mse": 0.18851190476190477, "prob_mse": 0.31063333333333326}
{"network_size": 1000, "swapratio": 0.05, "T": 6, "realization": 0, "running_time": 6.296741962432861, "positive_ratio": 0.2, "test_ratio": 0.2, "b_mse": 0.22069940476190478, "prob_mse": 0.33722142857142845}
{"network_size": 1000, "swapratio": 0.05, "T": 6, "realization": 0, "running_time": 7.887426853179932,