{"acc": [0.8906692189008342, 0.0], "network_size": 8078, "b_mse": [0.09185918591859187, 0.09185918591859187], "runtime": 204.19465684890747, "alpha_mse": [1.102310231023103, 0.0], "prob_mse": [0.09194309680968096, 0.0], "adv_type": "random_flip", "dataset": "facebook", "sample_size": 1, "test_ratio": 0.3, "T": 10, "realization": 0, "beta_mse": [1.102310231023103, 0.0], "attack_edge": 10000, "u_mse": [0.0, 0.0], "d_mse": [0.09185918591859187, 0.09185918591859187], "gamma": 0.0, "swap_ratio": 0.01}
{"acc": [0.8902566810504864, 0.0], "network_size": 8078, "b_mse": [0.09220297029702972, 0.09220297029702972], "runtime": 160.80400204658508, "alpha_mse": [1.1064356435643572, 0.0], "prob_mse": [0.09228696369636963, 0.0], "adv_type": "random_flip", "dataset": "facebook", "sample_size": 1, "test_ratio": 0.3, "T": 10, "realization": 0, "beta_mse": [1.1064356435643572, 0.0], "attack_edge": 10000, "u_mse": [0.0, 0.0], "d_mse": [0.09220297029702972, 0.09220297029702972], "gamma": 0.01, "swap_ratio": 0.01}
{"acc": [0.8886065296490953, 0.0], "network_size": 8078, "b_mse": [0.09340621562156216, 0.09340621562156216], "runtime": 204.83104991912842, "alpha_mse": [1.1208745874587467, 0.0], "prob_mse": [0.09349020902090208, 0.0], "adv_type": "random_flip", "dataset": "facebook", "sample_size": 1, "test_ratio": 0.3, "T": 10, "realization": 0, "beta_mse": [1.1208745874587467, 0.0], "attack_edge": 10000, "u_mse": [0.0, 0.0], "d_mse": [0.09340621562156216, 0.09340621562156216], "gamma": 0.03, "swap_ratio": 0.01}
{"acc": [0.8898441432001386, 0.0], "network_size": 8078, "b_mse": [0.09230610561056106, 0.09230610561056106], "runtime": 236.95781302452087, "alpha_mse": [1.1076732673267333, 0.0], "prob_mse": [0.09239001650165014, 0.0], "adv_type": "random_flip", "dataset": "facebook", "sample_size": 1, "test_ratio": 0.3, "T": 10, "realization": 0, "beta_mse": [1.1076732673267333, 0.0], "attack_edge": 10000, "u_mse": [0.0, 0.0], "d_mse": [0.09230610561056106, 0.09230610561056106], "gamma": 0.05, "swap_ratio": 0.01}
{"acc": [0.8624484494525181, 0.0], "network_size": 67392, "b_mse": [0.11444010287862301, 0.11444010287862301], "runtime": 679.8428790569305, "alpha_mse": [1.3732812345434766, 0.0], "prob_mse": [0.11452994361460081, 0.0], "adv_type": "random_flip", "dataset": "enron", "sample_size": 1, "test_ratio": 0.3, "T": 10, "realization": 0, "beta_mse": [1.3732812345434768, 0.0], "attack_edge": 10000, "u_mse": [0.0, 0.0], "d_mse": [0.11444010287862304, 0.11444010287862304], "gamma": 0.0, "swap_ratio": 0.01}
{"acc": [0.8877814539483998, 0.0], "network_size": 8078, "b_mse": [0.09388751375137513, 0.09388751375137513], "runtime": 216.91345596313477, "alpha_mse": [1.1266501650165024, 0.0], "prob_mse": [0.09397142464246423, 0.0], "adv_type": "random_flip", "dataset": "facebook", "sample_size": 1, "test_ratio": 0.3, "T": 10, "realization": 0, "beta_mse": [1.1266501650165024, 0.0], "attack_edge": 10000, "u_mse": [0.0, 0.0], "d_mse": [0.09388751375137513, 0.09388751375137513], "gamma": 0.07, "swap_ratio": 0.01}
{"acc": [0.892731908152573, 0.0], "network_size": 8078, "b_mse": [0.09027777777777779, 0.09027777777777779], "runtime": 109.17691397666931, "alpha_mse": [1.0833333333333341, 0.0], "prob_mse": [0.09036185368536853, 0.0], "adv_type": "random_flip", "dataset": "facebook", "sample_size": 1, "test_ratio": 0.3, "T": 10, "realization": 0, "beta_mse": [1.0833333333333341, 0.0], "attack_edge": 10000, "u_mse": [0.0, 0.0], "d_mse": [0.09027777777777779, 0.09027777777777779], "gamma": 0.09, "swap_ratio": 0.01}
{"acc": [0.891081756751182, 0.0], "network_size": 8078, "b_mse": [0.09182480748074807, 0.09182480748074807], "runtime": 245.28960013389587, "alpha_mse": [1.1018976897689776, 0.0], "prob_mse": [0.09190871837183716, 0.0], "adv_type": "random_flip", "dataset": "facebook", "sample_size": 1, "test_ratio": 0.3, "T": 10, "realization": 0, "beta_mse": [1.1018976897689776, 0.0], "attack_edge": 10000, "u_mse": [0.0, 0.0], "d_mse": [0.09182480748074807, 0.09182480748074807], "gamma": 0.11, "swap_ratio": 0.01}
{"acc": [0.8614097720746146, 0.0], "network_size": 67392, "b_mse": [0.11528918125762523, 0.11528918125762523], "runtime": 651.37935090065, "alpha_mse": [1.383470175091503, 0.0], "prob_mse": [0.11537899231707716, 0.0], "adv_type": "random_flip", "dataset": "enron", "sample_size": 1, "test_ratio": 0.3, "T": 10, "realization": 0, "beta_mse": [1.3834701750915033, 0.0], "attack_edge": 10000, "u_mse": [0.0, 0.0], "d_mse": [0.11528918125762523, 0.11528918125762523], "gamma": 0.01, "swap_ratio": 0.01}
{"acc": [0.8799432347917922, 0.0], "network_size": 8078, "b_mse": [0.10076320132013201, 0.10076320132013201], "runtime": 210.3106551170349, "alpha_mse": [1.209158415841585, 0.0], "prob_mse": [0.1008464521452145, 0.0], "adv_type": "random_flip", "dataset": "facebook", "sample_size": 1, "test_ratio": 0.3, "T": 10, "realization": 0, "beta_mse": [1.209158415841585, 0.0], "attack_edge": 10000, "u_mse": [0.0, 0.0], "d_mse": [0.10076320132013201, 0.10076320132013201], "gamma": 0.13, "swap_ratio": 0.01}
{"acc": [0.8848936889959654, 0.0], "network_size": 8078, "b_mse": [0.09632838283828384, 0.09632838283828384], "runtime": 137.72542810440063, "alpha_mse": [1.1559405940594067, 0.0], "prob_mse": [0.09641146864686467, 0.0], "adv_type": "random_flip", "dataset": "facebook", "sample_size": 1, "test_ratio": 0.3, "T": 10, "realization": 0, "beta_mse": [1.1559405940594067, 0.0], "attack_edge": 10000, "u_mse": [0.0, 0.0], "d_mse": [0.09632838283828384, 0.09632838283828384], "gamma": 0.15, "swap_ratio": 0.01}
{"acc": [0.8881939917987476, 0.0], "network_size": 8078, "b_mse": [0.09316556655665567, 0.09316556655665567], "runtime": 275.41979718208313, "alpha_mse": [1.1179867986798688, 0.0], "prob_mse": [0.09324988998899889, 0.0], "adv_type": "random_flip", "dataset": "facebook", "sample_size": 1, "test_ratio": 0.3, "T": 10, "realization": 0, "beta_mse": [1.1179867986798688, 0.0], "attack_edge": 10000, "u_mse": [0.0, 0.0], "d_mse": [0.09316556655665567, 0.09316556655665567], "gamma": 0.2, "swap_ratio": 0.01}
{"acc": [0.8613603112470954, 0.0], "network_size": 67392, "b_mse": [0.11534276387377584, 0.11534276387377584], "runtime": 587.1094450950623, "alpha_mse": [1.3841131664853106, 0.0], "prob_mse": [0.11543254525670191, 0.0], "adv_type": "random_flip", "dataset": "enron", "sample_size": 1, "test_ratio": 0.3, "T": 10, "realization": 0, "beta_mse": [1.3841131664853108, 0.0], "attack_edge": 10000, "u_mse": [0.0, 0.0], "d_mse": [0.11534276387377584, 0.11534276387377584], "gamma": 0.03, "swap_ratio": 0.01}
{"acc": [0.8844811511456177, 0.0], "network_size": 8078, "b_mse": [0.09677530253025303, 0.09677530253025303], "runtime": 356.86472511291504, "alpha_mse": [1.161303630363037, 0.0], "prob_mse": [0.09685838833883387, 0.0], "adv_type": "random_flip", "dataset": "facebook", "sample_size": 1, "test_ratio": 0.3, "T": 10, "realization": 0, "beta_mse": [1.161303630363037, 0.0], "attack_edge": 10000, "u_mse": [0.0, 0.0], "d_mse": [0.09677530253025304, 0.09677530253025304], "gamma": 0.25, "swap_ratio": 0.01}
{"acc": [0.8582937399409042, 0.0], "network_size": 67392, "b_mse": [0.11792297292841364, 0.11792297292841364], "runtime": 583.1427698135376, "alpha_mse": [1.415075675140964, 0.0], "prob_mse": [0.11801263560523624, 0.0], "adv_type": "random_flip", "dataset": "enron", "sample_size": 1, "test_ratio": 0.3, "T": 10, "realization": 0, "beta_mse": [1.4150756751409643, 0.0], "attack_edge": 10000, "u_mse": [0.0, 0.0], "d_mse": [0.11792297292841364, 0.11792297292841364], "gamma": 0.05, "swap_ratio": 0.01}
{"acc": [0.8593818781463268, 0.0], "network_size": 67392, "b_mse": [0.11715632934348931, 0.11715632934348931], "runtime": 822.0019378662109, "alpha_mse": [1.4058759521218722, 0.0], "prob_mse": [0.1172458040689814, 0.0], "adv_type": "random_flip", "dataset": "enron", "sample_size": 1, "test_ratio": 0.3, "T": 10, "realization": 0, "beta_mse": [1.4058759521218722, 0.0], "attack_edge": 10000, "u_mse": [0.0, 0.0],